ISO-10303-21;
HEADER;
/* Generated by software containing ST-Developer
 * from STEP Tools, Inc. (www.steptools.com) 
 */

FILE_DESCRIPTION(
/* description */ (''),
/* implementation_level */ '2;1');

FILE_NAME(
/* name */ 'Ship.step',
/* time_stamp */ '2026-09-02T17:17:41+08:00',
/* author */ (''),
/* organization */ (''),
/* preprocessor_version */ 'ST-DEVELOPER v20.1',
/* originating_system */ 'Autodesk Translation Framework v15.8.0.0',
/* authorisation */ '');

FILE_SCHEMA (('AUTOMOTIVE_DESIGN { 1 0 10303 214 3 1 1 }'));
ENDSEC;

DATA;
#10=MECHANICAL_DESIGN_GEOMETRIC_PRESENTATION_REPRESENTATION('',(#452,#453,
#454,#455,#456,#457,#458,#459,#460,#461,#462,#463,#464,#465,#466,#467,#468,
#469,#470,#471,#472,#473,#474,#475,#476,#477,#478,#479,#480,#481,#482,#483,
#484,#485,#486,#487,#488,#489,#490,#491,#492,#493,#494,#495,#496,#497,#498,
#499,#500,#501,#502,#503,#504,#505,#506,#507,#508,#509,#510,#511,#512,#513,
#514,#515,#516,#517,#518,#519,#520,#521,#522,#523,#524,#525,#526,#527,#528,
#529,#530,#531,#532,#533,#534,#535,#536,#537,#538,#539,#540,#541,#542,#543,
#544,#545,#546,#547,#548,#549,#550,#551,#552,#553,#554,#555,#556,#557,#558,
#559,#560,#561,#562,#563,#564,#565,#566,#567,#568,#569,#570),#15792);
#11=ITEM_DEFINED_TRANSFORMATION($,$,#9684,#10508);
#12=ITEM_DEFINED_TRANSFORMATION($,$,#9703,#10509);
#13=ITEM_DEFINED_TRANSFORMATION($,$,#9721,#10510);
#14=ITEM_DEFINED_TRANSFORMATION($,$,#9770,#10511);
#15=ITEM_DEFINED_TRANSFORMATION($,$,#9837,#10512);
#16=ITEM_DEFINED_TRANSFORMATION($,$,#9886,#10513);
#17=ITEM_DEFINED_TRANSFORMATION($,$,#9947,#10514);
#18=ITEM_DEFINED_TRANSFORMATION($,$,#10178,#10515);
#19=ITEM_DEFINED_TRANSFORMATION($,$,#10277,#10516);
#20=ITEM_DEFINED_TRANSFORMATION($,$,#10328,#10517);
#21=ITEM_DEFINED_TRANSFORMATION($,$,#10407,#10518);
#22=(
REPRESENTATION_RELATIONSHIP($,$,#15833,#15832)
REPRESENTATION_RELATIONSHIP_WITH_TRANSFORMATION(#11)
SHAPE_REPRESENTATION_RELATIONSHIP()
);
#23=(
REPRESENTATION_RELATIONSHIP($,$,#15834,#15832)
REPRESENTATION_RELATIONSHIP_WITH_TRANSFORMATION(#12)
SHAPE_REPRESENTATION_RELATIONSHIP()
);
#24=(
REPRESENTATION_RELATIONSHIP($,$,#15835,#15832)
REPRESENTATION_RELATIONSHIP_WITH_TRANSFORMATION(#13)
SHAPE_REPRESENTATION_RELATIONSHIP()
);
#25=(
REPRESENTATION_RELATIONSHIP($,$,#15836,#15832)
REPRESENTATION_RELATIONSHIP_WITH_TRANSFORMATION(#14)
SHAPE_REPRESENTATION_RELATIONSHIP()
);
#26=(
REPRESENTATION_RELATIONSHIP($,$,#15837,#15832)
REPRESENTATION_RELATIONSHIP_WITH_TRANSFORMATION(#15)
SHAPE_REPRESENTATION_RELATIONSHIP()
);
#27=(
REPRESENTATION_RELATIONSHIP($,$,#15838,#15832)
REPRESENTATION_RELATIONSHIP_WITH_TRANSFORMATION(#16)
SHAPE_REPRESENTATION_RELATIONSHIP()
);
#28=(
REPRESENTATION_RELATIONSHIP($,$,#15839,#15832)
REPRESENTATION_RELATIONSHIP_WITH_TRANSFORMATION(#17)
SHAPE_REPRESENTATION_RELATIONSHIP()
);
#29=(
REPRESENTATION_RELATIONSHIP($,$,#15840,#15832)
REPRESENTATION_RELATIONSHIP_WITH_TRANSFORMATION(#18)
SHAPE_REPRESENTATION_RELATIONSHIP()
);
#30=(
REPRESENTATION_RELATIONSHIP($,$,#15841,#15832)
REPRESENTATION_RELATIONSHIP_WITH_TRANSFORMATION(#19)
SHAPE_REPRESENTATION_RELATIONSHIP()
);
#31=(
REPRESENTATION_RELATIONSHIP($,$,#15842,#15832)
REPRESENTATION_RELATIONSHIP_WITH_TRANSFORMATION(#20)
SHAPE_REPRESENTATION_RELATIONSHIP()
);
#32=(
REPRESENTATION_RELATIONSHIP($,$,#15843,#15832)
REPRESENTATION_RELATIONSHIP_WITH_TRANSFORMATION(#21)
SHAPE_REPRESENTATION_RELATIONSHIP()
);
#33=CONTEXT_DEPENDENT_SHAPE_REPRESENTATION(#22,#15821);
#34=CONTEXT_DEPENDENT_SHAPE_REPRESENTATION(#23,#15822);
#35=CONTEXT_DEPENDENT_SHAPE_REPRESENTATION(#24,#15823);
#36=CONTEXT_DEPENDENT_SHAPE_REPRESENTATION(#25,#15824);
#37=CONTEXT_DEPENDENT_SHAPE_REPRESENTATION(#26,#15825);
#38=CONTEXT_DEPENDENT_SHAPE_REPRESENTATION(#27,#15826);
#39=CONTEXT_DEPENDENT_SHAPE_REPRESENTATION(#28,#15827);
#40=CONTEXT_DEPENDENT_SHAPE_REPRESENTATION(#29,#15828);
#41=CONTEXT_DEPENDENT_SHAPE_REPRESENTATION(#30,#15829);
#42=CONTEXT_DEPENDENT_SHAPE_REPRESENTATION(#31,#15830);
#43=CONTEXT_DEPENDENT_SHAPE_REPRESENTATION(#32,#15831);
#44=NEXT_ASSEMBLY_USAGE_OCCURRENCE(
'02_\X\E7\X\94\X\B2\X\E6\X\9D\X\BF\X\E4\X\B8\X\8E\X\E6\X\A8\X\AA\X\E6\X\A2
\X\81:1','02_\X\E7\X\94\X\B2\X\E6\X\9D\X\BF\X\E4\X\B8\X\8E\X\E6\X\A8\X\AA
\X\E6\X\A2\X\81:1','02_\X\E7\X\94\X\B2\X\E6\X\9D\X\BF\X\E4\X\B8\X\8E\X\E6
\X\A8\X\AA\X\E6\X\A2\X\81:1',#15845,#15846,
'02_\X\E7\X\94\X\B2\X\E6\X\9D\X\BF\X\E4\X\B8\X\8E\X\E6\X\A8\X\AA\X\E6\X\A2
\X\81:1');
#45=NEXT_ASSEMBLY_USAGE_OCCURRENCE('04_K230\X\E8\X\A7\X\86\X\E8\X\A7\X\89
\X\E6\X\94\X\AF\X\E6\X\9E\X\B6:1','04_K230\X\E8\X\A7\X\86\X\E8\X\A7\X\89
\X\E6\X\94\X\AF\X\E6\X\9E\X\B6:1','04_K230\X\E8\X\A7\X\86\X\E8\X\A7\X\89
\X\E6\X\94\X\AF\X\E6\X\9E\X\B6:1',#15845,#15847,
'04_K230\X\E8\X\A7\X\86\X\E8\X\A7\X\89\X\E6\X\94\X\AF\X\E6\X\9E\X\B6:1');
#46=NEXT_ASSEMBLY_USAGE_OCCURRENCE(
'05_\X\E4\X\B8\X\89\X\E4\X\B8\X\AA\X\E8\X\B6\X\85\X\E5\X\A3\X\B0\X\E6\X\B3
\X\A2\X\E9\X\81\X\BF\X\E9\X\9A\X\9C\X\E6\X\A8\X\A1\X\E5\X\9D\X\97:1',
'05_\X\E4\X\B8\X\89\X\E4\X\B8\X\AA\X\E8\X\B6\X\85\X\E5\X\A3\X\B0\X\E6\X\B3
\X\A2\X\E9\X\81\X\BF\X\E9\X\9A\X\9C\X\E6\X\A8\X\A1\X\E5\X\9D\X\97:1',
'05_\X\E4\X\B8\X\89\X\E4\X\B8\X\AA\X\E8\X\B6\X\85\X\E5\X\A3\X\B0\X\E6\X\B3
\X\A2\X\E9\X\81\X\BF\X\E9\X\9A\X\9C\X\E6\X\A8\X\A1\X\E5\X\9D\X\97:1',#15845,
#15848,'05_\X\E4\X\B8\X\89\X\E4\X\B8\X\AA\X\E8\X\B6\X\85\X\E5\X\A3\X\B0
\X\E6\X\B3\X\A2\X\E9\X\81\X\BF\X\E9\X\9A\X\9C\X\E6\X\A8\X\A1\X\E5\X\9D
\X\97:1');
#47=NEXT_ASSEMBLY_USAGE_OCCURRENCE(
'07_\X\E5\X\8F\X\AF\X\E6\X\97\X\8B\X\E8\X\BD\X\AC\X\E6\X\94\X\B6\X\E9\X\9B
\X\86\X\E9\X\93\X\B2_\X\E5\X\8D\X\95\X\E7\X\94\X\B5\X\E6\X\9C\X\BA\X\E9
\X\80\X\9A\X\E8\X\BD\X\B4\X\E9\X\A9\X\B1\X\E5\X\8A\X\A8:1',
'07_\X\E5\X\8F\X\AF\X\E6\X\97\X\8B\X\E8\X\BD\X\AC\X\E6\X\94\X\B6\X\E9\X\9B
\X\86\X\E9\X\93\X\B2_\X\E5\X\8D\X\95\X\E7\X\94\X\B5\X\E6\X\9C\X\BA\X\E9
\X\80\X\9A\X\E8\X\BD\X\B4\X\E9\X\A9\X\B1\X\E5\X\8A\X\A8:1',
'07_\X\E5\X\8F\X\AF\X\E6\X\97\X\8B\X\E8\X\BD\X\AC\X\E6\X\94\X\B6\X\E9\X\9B
\X\86\X\E9\X\93\X\B2_\X\E5\X\8D\X\95\X\E7\X\94\X\B5\X\E6\X\9C\X\BA\X\E9
\X\80\X\9A\X\E8\X\BD\X\B4\X\E9\X\A9\X\B1\X\E5\X\8A\X\A8:1',#15845,#15849,

'07_\X\E5\X\8F\X\AF\X\E6\X\97\X\8B\X\E8\X\BD\X\AC\X\E6\X\94\X\B6\X\E9\X\9B
\X\86\X\E9\X\93\X\B2_\X\E5\X\8D\X\95\X\E7\X\94\X\B5\X\E6\X\9C\X\BA\X\E9
\X\80\X\9A\X\E8\X\BD\X\B4\X\E9\X\A9\X\B1\X\E5\X\8A\X\A8:1');
#48=NEXT_ASSEMBLY_USAGE_OCCURRENCE(
'08_\X\E5\X\8F\X\AF\X\E6\X\8B\X\86\X\E5\X\8D\X\B8\X\E5\X\9E\X\83\X\E5\X\9C
\X\BE\X\E6\X\94\X\B6\X\E9\X\9B\X\86\X\E7\X\AF\X\AE:1',
'08_\X\E5\X\8F\X\AF\X\E6\X\8B\X\86\X\E5\X\8D\X\B8\X\E5\X\9E\X\83\X\E5\X\9C
\X\BE\X\E6\X\94\X\B6\X\E9\X\9B\X\86\X\E7\X\AF\X\AE:1',
'08_\X\E5\X\8F\X\AF\X\E6\X\8B\X\86\X\E5\X\8D\X\B8\X\E5\X\9E\X\83\X\E5\X\9C
\X\BE\X\E6\X\94\X\B6\X\E9\X\9B\X\86\X\E7\X\AF\X\AE:1',#15845,#15850,
'08_\X\E5\X\8F\X\AF\X\E6\X\8B\X\86\X\E5\X\8D\X\B8\X\E5\X\9E\X\83\X\E5\X\9C
\X\BE\X\E6\X\94\X\B6\X\E9\X\9B\X\86\X\E7\X\AF\X\AE:1');
#49=NEXT_ASSEMBLY_USAGE_OCCURRENCE(
'01_\X\E7\X\AE\X\80\X\E5\X\8C\X\96\X\E5\X\8F\X\8C\X\E4\X\BD\X\93\X\E8\X\88
\X\B9\X\E4\X\BD\X\93_\X\E5\X\B8\X\A6\X\E6\X\8E\X\A8\X\E8\X\BF\X\9B\X\E5
\X\99\X\A8\X\E5\X\B0\X\BE\X\E9\X\83\X\A8\X\E5\X\BC\X\80\X\E5\X\8F\X\A3
:1',
'01_\X\E7\X\AE\X\80\X\E5\X\8C\X\96\X\E5\X\8F\X\8C\X\E4\X\BD\X\93\X\E8\X\88
\X\B9\X\E4\X\BD\X\93_\X\E5\X\B8\X\A6\X\E6\X\8E\X\A8\X\E8\X\BF\X\9B\X\E5
\X\99\X\A8\X\E5\X\B0\X\BE\X\E9\X\83\X\A8\X\E5\X\BC\X\80\X\E5\X\8F\X\A3
:1',
'01_\X\E7\X\AE\X\80\X\E5\X\8C\X\96\X\E5\X\8F\X\8C\X\E4\X\BD\X\93\X\E8\X\88
\X\B9\X\E4\X\BD\X\93_\X\E5\X\B8\X\A6\X\E6\X\8E\X\A8\X\E8\X\BF\X\9B\X\E5
\X\99\X\A8\X\E5\X\B0\X\BE\X\E9\X\83\X\A8\X\E5\X\BC\X\80\X\E5\X\8F\X\A3
:1',#15845,#15851,
'01_\X\E7\X\AE\X\80\X\E5\X\8C\X\96\X\E5\X\8F\X\8C\X\E4\X\BD\X\93\X\E8\X\88
\X\B9\X\E4\X\BD\X\93_\X\E5\X\B8\X\A6\X\E6\X\8E\X\A8\X\E8\X\BF\X\9B\X\E5
\X\99\X\A8\X\E5\X\B0\X\BE\X\E9\X\83\X\A8\X\E5\X\BC\X\80\X\E5\X\8F\X\A3
:1');
#50=NEXT_ASSEMBLY_USAGE_OCCURRENCE(
'03_\X\E5\X\8D\X\8A\X\E5\X\BC\X\80\X\E6\X\94\X\BE\X\E5\X\BC\X\8F\X\E5\X\A4
\X\A7\X\E7\X\A9\X\BA\X\E9\X\97\X\B4\X\E8\X\B0\X\83\X\E8\X\AF\X\95\X\E8
\X\88\X\B1:1',
'03_\X\E5\X\8D\X\8A\X\E5\X\BC\X\80\X\E6\X\94\X\BE\X\E5\X\BC\X\8F\X\E5\X\A4
\X\A7\X\E7\X\A9\X\BA\X\E9\X\97\X\B4\X\E8\X\B0\X\83\X\E8\X\AF\X\95\X\E8
\X\88\X\B1:1',
'03_\X\E5\X\8D\X\8A\X\E5\X\BC\X\80\X\E6\X\94\X\BE\X\E5\X\BC\X\8F\X\E5\X\A4
\X\A7\X\E7\X\A9\X\BA\X\E9\X\97\X\B4\X\E8\X\B0\X\83\X\E8\X\AF\X\95\X\E8
\X\88\X\B1:1',#15845,#15852,
'03_\X\E5\X\8D\X\8A\X\E5\X\BC\X\80\X\E6\X\94\X\BE\X\E5\X\BC\X\8F\X\E5\X\A4
\X\A7\X\E7\X\A9\X\BA\X\E9\X\97\X\B4\X\E8\X\B0\X\83\X\E8\X\AF\X\95\X\E8
\X\88\X\B1:1');
#51=NEXT_ASSEMBLY_USAGE_OCCURRENCE(
'06_\X\E5\X\8F\X\8C\X\E6\X\B0\X\B4\X\E4\X\B8\X\8B\X\E7\X\94\X\B5\X\E6\X\9C
\X\BA_D30_\X\E6\X\80\X\BB\X\E9\X\95\X\BF78_\X\E4\X\B8\X\89\X\E5\X\8F\X\B6
\X\E6\X\A1\X\A8:1',
'06_\X\E5\X\8F\X\8C\X\E6\X\B0\X\B4\X\E4\X\B8\X\8B\X\E7\X\94\X\B5\X\E6\X\9C
\X\BA_D30_\X\E6\X\80\X\BB\X\E9\X\95\X\BF78_\X\E4\X\B8\X\89\X\E5\X\8F\X\B6
\X\E6\X\A1\X\A8:1',
'06_\X\E5\X\8F\X\8C\X\E6\X\B0\X\B4\X\E4\X\B8\X\8B\X\E7\X\94\X\B5\X\E6\X\9C
\X\BA_D30_\X\E6\X\80\X\BB\X\E9\X\95\X\BF78_\X\E4\X\B8\X\89\X\E5\X\8F\X\B6
\X\E6\X\A1\X\A8:1',#15845,#15853,
'06_\X\E5\X\8F\X\8C\X\E6\X\B0\X\B4\X\E4\X\B8\X\8B\X\E7\X\94\X\B5\X\E6\X\9C
\X\BA_D30_\X\E6\X\80\X\BB\X\E9\X\95\X\BF78_\X\E4\X\B8\X\89\X\E5\X\8F\X\B6
\X\E6\X\A1\X\A8:1');
#52=NEXT_ASSEMBLY_USAGE_OCCURRENCE(
'10_\X\E6\X\94\X\B6\X\E9\X\9B\X\86\X\E9\X\93\X\B2\X\E5\X\8D\X\95\X\E7\X\94
\X\B5\X\E6\X\9C\X\BA\X\E6\X\97\X\8B\X\E8\X\BD\X\AC\X\E6\X\9C\X\BA\X\E6
\X\9E\X\84:1',
'10_\X\E6\X\94\X\B6\X\E9\X\9B\X\86\X\E9\X\93\X\B2\X\E5\X\8D\X\95\X\E7\X\94
\X\B5\X\E6\X\9C\X\BA\X\E6\X\97\X\8B\X\E8\X\BD\X\AC\X\E6\X\9C\X\BA\X\E6
\X\9E\X\84:1',
'10_\X\E6\X\94\X\B6\X\E9\X\9B\X\86\X\E9\X\93\X\B2\X\E5\X\8D\X\95\X\E7\X\94
\X\B5\X\E6\X\9C\X\BA\X\E6\X\97\X\8B\X\E8\X\BD\X\AC\X\E6\X\9C\X\BA\X\E6
\X\9E\X\84:1',#15845,#15854,
'10_\X\E6\X\94\X\B6\X\E9\X\9B\X\86\X\E9\X\93\X\B2\X\E5\X\8D\X\95\X\E7\X\94
\X\B5\X\E6\X\9C\X\BA\X\E6\X\97\X\8B\X\E8\X\BD\X\AC\X\E6\X\9C\X\BA\X\E6
\X\9E\X\84:1');
#53=NEXT_ASSEMBLY_USAGE_OCCURRENCE(
'11_\X\E7\X\8B\X\AC\X\E7\X\AB\X\8B\X\E5\X\8F\X\AF\X\E6\X\8B\X\86\X\E7\X\94
\X\B5\X\E5\X\AD\X\90\X\E8\X\88\X\B1\X\E7\X\9B\X\96_\X\E7\X\88\X\86\X\E7
\X\82\X\B8\X\E4\X\BD\X\8D\X\E7\X\BD\X\AE:1',
'11_\X\E7\X\8B\X\AC\X\E7\X\AB\X\8B\X\E5\X\8F\X\AF\X\E6\X\8B\X\86\X\E7\X\94
\X\B5\X\E5\X\AD\X\90\X\E8\X\88\X\B1\X\E7\X\9B\X\96_\X\E7\X\88\X\86\X\E7
\X\82\X\B8\X\E4\X\BD\X\8D\X\E7\X\BD\X\AE:1',
'11_\X\E7\X\8B\X\AC\X\E7\X\AB\X\8B\X\E5\X\8F\X\AF\X\E6\X\8B\X\86\X\E7\X\94
\X\B5\X\E5\X\AD\X\90\X\E8\X\88\X\B1\X\E7\X\9B\X\96_\X\E7\X\88\X\86\X\E7
\X\82\X\B8\X\E4\X\BD\X\8D\X\E7\X\BD\X\AE:1',#15845,#15855,
'11_\X\E7\X\8B\X\AC\X\E7\X\AB\X\8B\X\E5\X\8F\X\AF\X\E6\X\8B\X\86\X\E7\X\94
\X\B5\X\E5\X\AD\X\90\X\E8\X\88\X\B1\X\E7\X\9B\X\96_\X\E7\X\88\X\86\X\E7
\X\82\X\B8\X\E4\X\BD\X\8D\X\E7\X\BD\X\AE:1');
#54=NEXT_ASSEMBLY_USAGE_OCCURRENCE(
'12_\X\E9\X\A1\X\B6\X\E7\X\9B\X\96\X\E5\X\9B\X\9B\X\E8\X\A7\X\92M3\X\E8
\X\9E\X\BA\X\E4\X\B8\X\9D\X\E6\X\9F\X\B1:1',
'12_\X\E9\X\A1\X\B6\X\E7\X\9B\X\96\X\E5\X\9B\X\9B\X\E8\X\A7\X\92M3\X\E8
\X\9E\X\BA\X\E4\X\B8\X\9D\X\E6\X\9F\X\B1:1',
'12_\X\E9\X\A1\X\B6\X\E7\X\9B\X\96\X\E5\X\9B\X\9B\X\E8\X\A7\X\92M3\X\E8
\X\9E\X\BA\X\E4\X\B8\X\9D\X\E6\X\9F\X\B1:1',#15845,#15856,
'12_\X\E9\X\A1\X\B6\X\E7\X\9B\X\96\X\E5\X\9B\X\9B\X\E8\X\A7\X\92M3\X\E8
\X\9E\X\BA\X\E4\X\B8\X\9D\X\E6\X\9F\X\B1:1');
#55=FACE_BOUND('',#1569,.T.);
#56=FACE_BOUND('',#1570,.T.);
#57=FACE_BOUND('',#1571,.T.);
#58=FACE_BOUND('',#1572,.T.);
#59=FACE_BOUND('',#1573,.T.);
#60=FACE_BOUND('',#1574,.T.);
#61=FACE_BOUND('',#1575,.T.);
#62=FACE_BOUND('',#1576,.T.);
#63=FACE_BOUND('',#1578,.T.);
#64=FACE_BOUND('',#1579,.T.);
#65=FACE_BOUND('',#1580,.T.);
#66=FACE_BOUND('',#1581,.T.);
#67=FACE_BOUND('',#1582,.T.);
#68=FACE_BOUND('',#1583,.T.);
#69=FACE_BOUND('',#1584,.T.);
#70=FACE_BOUND('',#1585,.T.);
#71=FACE_BOUND('',#1611,.T.);
#72=FACE_BOUND('',#1613,.T.);
#73=FACE_BOUND('',#1617,.T.);
#74=FACE_BOUND('',#1619,.T.);
#75=FACE_BOUND('',#1623,.T.);
#76=FACE_BOUND('',#1625,.T.);
#77=FACE_BOUND('',#1629,.T.);
#78=FACE_BOUND('',#1631,.T.);
#79=FACE_BOUND('',#1635,.T.);
#80=FACE_BOUND('',#1637,.T.);
#81=FACE_BOUND('',#1641,.T.);
#82=FACE_BOUND('',#1643,.T.);
#83=FACE_BOUND('',#1647,.T.);
#84=FACE_BOUND('',#1649,.T.);
#85=FACE_BOUND('',#1653,.T.);
#86=FACE_BOUND('',#1655,.T.);
#87=FACE_BOUND('',#1661,.T.);
#88=FACE_BOUND('',#1662,.T.);
#89=FACE_BOUND('',#1663,.T.);
#90=FACE_BOUND('',#1664,.T.);
#91=FACE_BOUND('',#1666,.T.);
#92=FACE_BOUND('',#1667,.T.);
#93=FACE_BOUND('',#1668,.T.);
#94=FACE_BOUND('',#1669,.T.);
#95=FACE_BOUND('',#1679,.T.);
#96=FACE_BOUND('',#1680,.T.);
#97=FACE_BOUND('',#1681,.T.);
#98=FACE_BOUND('',#1682,.T.);
#99=FACE_BOUND('',#1684,.T.);
#100=FACE_BOUND('',#1685,.T.);
#101=FACE_BOUND('',#1686,.T.);
#102=FACE_BOUND('',#1687,.T.);
#103=FACE_BOUND('',#1695,.T.);
#104=FACE_BOUND('',#1697,.T.);
#105=FACE_BOUND('',#1701,.T.);
#106=FACE_BOUND('',#1703,.T.);
#107=FACE_BOUND('',#1707,.T.);
#108=FACE_BOUND('',#1709,.T.);
#109=FACE_BOUND('',#1713,.T.);
#110=FACE_BOUND('',#1715,.T.);
#111=FACE_BOUND('',#1719,.T.);
#112=FACE_BOUND('',#1721,.T.);
#113=FACE_BOUND('',#1725,.T.);
#114=FACE_BOUND('',#1727,.T.);
#115=FACE_BOUND('',#1731,.T.);
#116=FACE_BOUND('',#1733,.T.);
#117=FACE_BOUND('',#1737,.T.);
#118=FACE_BOUND('',#1739,.T.);
#119=FACE_BOUND('',#1916,.T.);
#120=FACE_BOUND('',#1918,.T.);
#121=FACE_BOUND('',#1925,.T.);
#122=FACE_BOUND('',#1927,.T.);
#123=FACE_BOUND('',#1934,.T.);
#124=FACE_BOUND('',#1936,.T.);
#125=FACE_BOUND('',#1943,.T.);
#126=FACE_BOUND('',#1945,.T.);
#127=FACE_BOUND('',#1958,.T.);
#128=FACE_BOUND('',#1960,.T.);
#129=FACE_BOUND('',#1968,.T.);
#130=FACE_BOUND('',#1970,.T.);
#131=FACE_BOUND('',#1974,.T.);
#132=FACE_BOUND('',#1976,.T.);
#133=FACE_BOUND('',#1979,.T.);
#134=FACE_BOUND('',#1981,.T.);
#135=FACE_BOUND('',#1989,.T.);
#136=FACE_BOUND('',#1991,.T.);
#137=FACE_BOUND('',#1995,.T.);
#138=FACE_BOUND('',#1997,.T.);
#139=FACE_BOUND('',#2000,.T.);
#140=FACE_BOUND('',#2002,.T.);
#141=FACE_BOUND('',#2010,.T.);
#142=FACE_BOUND('',#2012,.T.);
#143=FACE_BOUND('',#2016,.T.);
#144=FACE_BOUND('',#2018,.T.);
#145=FACE_BOUND('',#2021,.T.);
#146=FACE_BOUND('',#2023,.T.);
#147=FACE_BOUND('',#2031,.T.);
#148=FACE_BOUND('',#2033,.T.);
#149=FACE_BOUND('',#2037,.T.);
#150=FACE_BOUND('',#2039,.T.);
#151=CIRCLE('',#9705,8.);
#152=CIRCLE('',#9706,8.);
#153=CIRCLE('',#9729,8.);
#154=CIRCLE('',#9730,8.);
#155=CIRCLE('',#9734,8.);
#156=CIRCLE('',#9735,8.);
#157=CIRCLE('',#9745,8.);
#158=CIRCLE('',#9746,8.);
#159=CIRCLE('',#9750,8.);
#160=CIRCLE('',#9751,8.);
#161=CIRCLE('',#9761,8.);
#162=CIRCLE('',#9762,8.);
#163=CIRCLE('',#9766,8.);
#164=CIRCLE('',#9767,8.);
#165=CIRCLE('',#9949,1.7);
#166=CIRCLE('',#9950,1.7);
#167=CIRCLE('',#9952,1.7);
#168=CIRCLE('',#9953,1.7);
#169=CIRCLE('',#9955,1.7);
#170=CIRCLE('',#9956,1.7);
#171=CIRCLE('',#9958,1.7);
#172=CIRCLE('',#9959,1.7);
#173=CIRCLE('',#9961,1.7);
#174=CIRCLE('',#9962,1.7);
#175=CIRCLE('',#9964,1.7);
#176=CIRCLE('',#9965,1.7);
#177=CIRCLE('',#9967,1.7);
#178=CIRCLE('',#9968,1.7);
#179=CIRCLE('',#9970,1.7);
#180=CIRCLE('',#9971,1.7);
#181=CIRCLE('',#9997,1.7);
#182=CIRCLE('',#9998,1.7);
#183=CIRCLE('',#10000,5.);
#184=CIRCLE('',#10001,5.);
#185=CIRCLE('',#10005,1.7);
#186=CIRCLE('',#10006,1.7);
#187=CIRCLE('',#10008,5.);
#188=CIRCLE('',#10009,5.);
#189=CIRCLE('',#10013,1.7);
#190=CIRCLE('',#10014,1.7);
#191=CIRCLE('',#10016,5.);
#192=CIRCLE('',#10017,5.);
#193=CIRCLE('',#10021,1.7);
#194=CIRCLE('',#10022,1.7);
#195=CIRCLE('',#10024,5.);
#196=CIRCLE('',#10025,5.);
#197=CIRCLE('',#10029,1.7);
#198=CIRCLE('',#10030,1.7);
#199=CIRCLE('',#10032,5.);
#200=CIRCLE('',#10033,5.);
#201=CIRCLE('',#10037,1.7);
#202=CIRCLE('',#10038,1.7);
#203=CIRCLE('',#10040,5.);
#204=CIRCLE('',#10041,5.);
#205=CIRCLE('',#10045,1.7);
#206=CIRCLE('',#10046,1.7);
#207=CIRCLE('',#10048,5.);
#208=CIRCLE('',#10049,5.);
#209=CIRCLE('',#10053,1.7);
#210=CIRCLE('',#10054,1.7);
#211=CIRCLE('',#10056,5.);
#212=CIRCLE('',#10057,5.);
#213=CIRCLE('',#10061,1.2);
#214=CIRCLE('',#10062,1.2);
#215=CIRCLE('',#10064,1.2);
#216=CIRCLE('',#10065,1.2);
#217=CIRCLE('',#10067,1.2);
#218=CIRCLE('',#10068,1.2);
#219=CIRCLE('',#10070,1.2);
#220=CIRCLE('',#10071,1.2);
#221=CIRCLE('',#10079,1.2);
#222=CIRCLE('',#10080,1.2);
#223=CIRCLE('',#10082,1.2);
#224=CIRCLE('',#10083,1.2);
#225=CIRCLE('',#10085,1.2);
#226=CIRCLE('',#10086,1.2);
#227=CIRCLE('',#10088,1.2);
#228=CIRCLE('',#10089,1.2);
#229=CIRCLE('',#10097,1.2);
#230=CIRCLE('',#10098,1.2);
#231=CIRCLE('',#10100,3.5);
#232=CIRCLE('',#10101,3.5);
#233=CIRCLE('',#10105,1.2);
#234=CIRCLE('',#10106,1.2);
#235=CIRCLE('',#10108,3.5);
#236=CIRCLE('',#10109,3.5);
#237=CIRCLE('',#10113,1.2);
#238=CIRCLE('',#10114,1.2);
#239=CIRCLE('',#10116,3.5);
#240=CIRCLE('',#10117,3.5);
#241=CIRCLE('',#10121,1.2);
#242=CIRCLE('',#10122,1.2);
#243=CIRCLE('',#10124,3.5);
#244=CIRCLE('',#10125,3.5);
#245=CIRCLE('',#10129,1.2);
#246=CIRCLE('',#10130,1.2);
#247=CIRCLE('',#10132,3.5);
#248=CIRCLE('',#10133,3.5);
#249=CIRCLE('',#10137,1.2);
#250=CIRCLE('',#10138,1.2);
#251=CIRCLE('',#10140,3.5);
#252=CIRCLE('',#10141,3.5);
#253=CIRCLE('',#10145,1.2);
#254=CIRCLE('',#10146,1.2);
#255=CIRCLE('',#10148,3.5);
#256=CIRCLE('',#10149,3.5);
#257=CIRCLE('',#10153,1.2);
#258=CIRCLE('',#10154,1.2);
#259=CIRCLE('',#10156,3.5);
#260=CIRCLE('',#10157,3.5);
#261=CIRCLE('',#10180,15.);
#262=CIRCLE('',#10181,15.);
#263=CIRCLE('',#10185,13.);
#264=CIRCLE('',#10186,13.);
#265=CIRCLE('',#10190,2.5);
#266=CIRCLE('',#10191,2.5);
#267=CIRCLE('',#10195,4.5);
#268=CIRCLE('',#10196,4.5);
#269=CIRCLE('',#10218,2.5);
#270=CIRCLE('',#10219,2.5);
#271=CIRCLE('',#10229,15.);
#272=CIRCLE('',#10230,15.);
#273=CIRCLE('',#10234,13.);
#274=CIRCLE('',#10235,13.);
#275=CIRCLE('',#10239,2.5);
#276=CIRCLE('',#10240,2.5);
#277=CIRCLE('',#10244,4.5);
#278=CIRCLE('',#10245,4.5);
#279=CIRCLE('',#10267,2.5);
#280=CIRCLE('',#10268,2.5);
#281=CIRCLE('',#10279,6.);
#282=CIRCLE('',#10280,6.);
#283=CIRCLE('',#10284,12.);
#284=CIRCLE('',#10285,12.);
#285=CIRCLE('',#10289,12.);
#286=CIRCLE('',#10290,12.);
#287=CIRCLE('',#10294,18.5);
#288=CIRCLE('',#10295,18.5);
#289=CIRCLE('',#10366,1.7);
#290=CIRCLE('',#10367,1.7);
#291=CIRCLE('',#10375,1.7);
#292=CIRCLE('',#10376,1.7);
#293=CIRCLE('',#10384,1.7);
#294=CIRCLE('',#10385,1.7);
#295=CIRCLE('',#10393,1.7);
#296=CIRCLE('',#10394,1.7);
#297=CIRCLE('',#10409,1.7);
#298=CIRCLE('',#10410,1.7);
#299=CIRCLE('',#10418,1.7);
#300=CIRCLE('',#10419,1.7);
#301=CIRCLE('',#10421,7.);
#302=CIRCLE('',#10422,7.);
#303=CIRCLE('',#10426,1.7);
#304=CIRCLE('',#10427,1.7);
#305=CIRCLE('',#10429,10.);
#306=CIRCLE('',#10430,10.);
#307=CIRCLE('',#10434,1.7);
#308=CIRCLE('',#10435,1.7);
#309=CIRCLE('',#10443,1.7);
#310=CIRCLE('',#10444,1.7);
#311=CIRCLE('',#10446,7.);
#312=CIRCLE('',#10447,7.);
#313=CIRCLE('',#10451,1.7);
#314=CIRCLE('',#10452,1.7);
#315=CIRCLE('',#10454,10.);
#316=CIRCLE('',#10455,10.);
#317=CIRCLE('',#10459,1.7);
#318=CIRCLE('',#10460,1.7);
#319=CIRCLE('',#10468,1.7);
#320=CIRCLE('',#10469,1.7);
#321=CIRCLE('',#10471,7.);
#322=CIRCLE('',#10472,7.);
#323=CIRCLE('',#10476,1.7);
#324=CIRCLE('',#10477,1.7);
#325=CIRCLE('',#10479,10.);
#326=CIRCLE('',#10480,10.);
#327=CIRCLE('',#10484,1.7);
#328=CIRCLE('',#10485,1.7);
#329=CIRCLE('',#10493,1.7);
#330=CIRCLE('',#10494,1.7);
#331=CIRCLE('',#10496,7.);
#332=CIRCLE('',#10497,7.);
#333=CIRCLE('',#10501,1.7);
#334=CIRCLE('',#10502,1.7);
#335=CIRCLE('',#10504,10.);
#336=CIRCLE('',#10505,10.);
#337=CYLINDRICAL_SURFACE('',#9704,8.);
#338=CYLINDRICAL_SURFACE('',#9728,8.);
#339=CYLINDRICAL_SURFACE('',#9733,8.);
#340=CYLINDRICAL_SURFACE('',#9744,8.);
#341=CYLINDRICAL_SURFACE('',#9749,8.);
#342=CYLINDRICAL_SURFACE('',#9760,8.);
#343=CYLINDRICAL_SURFACE('',#9765,8.);
#344=CYLINDRICAL_SURFACE('',#9948,1.7);
#345=CYLINDRICAL_SURFACE('',#9951,1.7);
#346=CYLINDRICAL_SURFACE('',#9954,1.7);
#347=CYLINDRICAL_SURFACE('',#9957,1.7);
#348=CYLINDRICAL_SURFACE('',#9960,1.7);
#349=CYLINDRICAL_SURFACE('',#9963,1.7);
#350=CYLINDRICAL_SURFACE('',#9966,1.7);
#351=CYLINDRICAL_SURFACE('',#9969,1.7);
#352=CYLINDRICAL_SURFACE('',#9996,1.7);
#353=CYLINDRICAL_SURFACE('',#9999,5.);
#354=CYLINDRICAL_SURFACE('',#10004,1.7);
#355=CYLINDRICAL_SURFACE('',#10007,5.);
#356=CYLINDRICAL_SURFACE('',#10012,1.7);
#357=CYLINDRICAL_SURFACE('',#10015,5.);
#358=CYLINDRICAL_SURFACE('',#10020,1.7);
#359=CYLINDRICAL_SURFACE('',#10023,5.);
#360=CYLINDRICAL_SURFACE('',#10028,1.7);
#361=CYLINDRICAL_SURFACE('',#10031,5.);
#362=CYLINDRICAL_SURFACE('',#10036,1.7);
#363=CYLINDRICAL_SURFACE('',#10039,5.);
#364=CYLINDRICAL_SURFACE('',#10044,1.7);
#365=CYLINDRICAL_SURFACE('',#10047,5.);
#366=CYLINDRICAL_SURFACE('',#10052,1.7);
#367=CYLINDRICAL_SURFACE('',#10055,5.);
#368=CYLINDRICAL_SURFACE('',#10060,1.2);
#369=CYLINDRICAL_SURFACE('',#10063,1.2);
#370=CYLINDRICAL_SURFACE('',#10066,1.2);
#371=CYLINDRICAL_SURFACE('',#10069,1.2);
#372=CYLINDRICAL_SURFACE('',#10078,1.2);
#373=CYLINDRICAL_SURFACE('',#10081,1.2);
#374=CYLINDRICAL_SURFACE('',#10084,1.2);
#375=CYLINDRICAL_SURFACE('',#10087,1.2);
#376=CYLINDRICAL_SURFACE('',#10096,1.2);
#377=CYLINDRICAL_SURFACE('',#10099,3.5);
#378=CYLINDRICAL_SURFACE('',#10104,1.2);
#379=CYLINDRICAL_SURFACE('',#10107,3.5);
#380=CYLINDRICAL_SURFACE('',#10112,1.2);
#381=CYLINDRICAL_SURFACE('',#10115,3.5);
#382=CYLINDRICAL_SURFACE('',#10120,1.2);
#383=CYLINDRICAL_SURFACE('',#10123,3.5);
#384=CYLINDRICAL_SURFACE('',#10128,1.2);
#385=CYLINDRICAL_SURFACE('',#10131,3.5);
#386=CYLINDRICAL_SURFACE('',#10136,1.2);
#387=CYLINDRICAL_SURFACE('',#10139,3.5);
#388=CYLINDRICAL_SURFACE('',#10144,1.2);
#389=CYLINDRICAL_SURFACE('',#10147,3.5);
#390=CYLINDRICAL_SURFACE('',#10152,1.2);
#391=CYLINDRICAL_SURFACE('',#10155,3.5);
#392=CYLINDRICAL_SURFACE('',#10179,15.);
#393=CYLINDRICAL_SURFACE('',#10184,13.);
#394=CYLINDRICAL_SURFACE('',#10189,2.5);
#395=CYLINDRICAL_SURFACE('',#10194,4.5);
#396=CYLINDRICAL_SURFACE('',#10217,2.5);
#397=CYLINDRICAL_SURFACE('',#10228,15.);
#398=CYLINDRICAL_SURFACE('',#10233,13.);
#399=CYLINDRICAL_SURFACE('',#10238,2.5);
#400=CYLINDRICAL_SURFACE('',#10243,4.5);
#401=CYLINDRICAL_SURFACE('',#10266,2.5);
#402=CYLINDRICAL_SURFACE('',#10278,6.);
#403=CYLINDRICAL_SURFACE('',#10283,12.);
#404=CYLINDRICAL_SURFACE('',#10288,12.);
#405=CYLINDRICAL_SURFACE('',#10293,18.5);
#406=CYLINDRICAL_SURFACE('',#10365,1.7);
#407=CYLINDRICAL_SURFACE('',#10374,1.7);
#408=CYLINDRICAL_SURFACE('',#10383,1.7);
#409=CYLINDRICAL_SURFACE('',#10392,1.7);
#410=CYLINDRICAL_SURFACE('',#10408,1.7);
#411=CYLINDRICAL_SURFACE('',#10417,1.7);
#412=CYLINDRICAL_SURFACE('',#10420,7.);
#413=CYLINDRICAL_SURFACE('',#10425,1.7);
#414=CYLINDRICAL_SURFACE('',#10428,10.);
#415=CYLINDRICAL_SURFACE('',#10433,1.7);
#416=CYLINDRICAL_SURFACE('',#10442,1.7);
#417=CYLINDRICAL_SURFACE('',#10445,7.);
#418=CYLINDRICAL_SURFACE('',#10450,1.7);
#419=CYLINDRICAL_SURFACE('',#10453,10.);
#420=CYLINDRICAL_SURFACE('',#10458,1.7);
#421=CYLINDRICAL_SURFACE('',#10467,1.7);
#422=CYLINDRICAL_SURFACE('',#10470,7.);
#423=CYLINDRICAL_SURFACE('',#10475,1.7);
#424=CYLINDRICAL_SURFACE('',#10478,10.);
#425=CYLINDRICAL_SURFACE('',#10483,1.7);
#426=CYLINDRICAL_SURFACE('',#10492,1.7);
#427=CYLINDRICAL_SURFACE('',#10495,7.);
#428=CYLINDRICAL_SURFACE('',#10500,1.7);
#429=CYLINDRICAL_SURFACE('',#10503,10.);
#430=SHAPE_REPRESENTATION_RELATIONSHIP('SRR','None',#15833,#441);
#431=SHAPE_REPRESENTATION_RELATIONSHIP('SRR','None',#15834,#442);
#432=SHAPE_REPRESENTATION_RELATIONSHIP('SRR','None',#15835,#443);
#433=SHAPE_REPRESENTATION_RELATIONSHIP('SRR','None',#15836,#444);
#434=SHAPE_REPRESENTATION_RELATIONSHIP('SRR','None',#15837,#445);
#435=SHAPE_REPRESENTATION_RELATIONSHIP('SRR','None',#15838,#446);
#436=SHAPE_REPRESENTATION_RELATIONSHIP('SRR','None',#15839,#447);
#437=SHAPE_REPRESENTATION_RELATIONSHIP('SRR','None',#15840,#448);
#438=SHAPE_REPRESENTATION_RELATIONSHIP('SRR','None',#15841,#449);
#439=SHAPE_REPRESENTATION_RELATIONSHIP('SRR','None',#15842,#450);
#440=SHAPE_REPRESENTATION_RELATIONSHIP('SRR','None',#15843,#451);
#441=ADVANCED_BREP_SHAPE_REPRESENTATION('',(#571,#572,#573),#15781);
#442=ADVANCED_BREP_SHAPE_REPRESENTATION('',(#574,#575,#576),#15782);
#443=ADVANCED_BREP_SHAPE_REPRESENTATION('',(#577,#578,#579,#580,#581,#582,
#583,#584,#585),#15783);
#444=ADVANCED_BREP_SHAPE_REPRESENTATION('',(#586,#587,#588,#589,#590,#591,
#592,#593,#594,#595,#596),#15784);
#445=ADVANCED_BREP_SHAPE_REPRESENTATION('',(#597,#598,#599,#600,#601,#602,
#603,#604),#15785);
#446=ADVANCED_BREP_SHAPE_REPRESENTATION('',(#605,#606,#607,#608,#609,#610,
#611,#612,#613,#614),#15786);
#447=ADVANCED_BREP_SHAPE_REPRESENTATION('',(#615,#616,#617,#618,#619,#620,
#621,#622,#623,#624,#625,#626,#627,#628,#629,#630,#631,#632,#633,#634,#635,
#636,#637,#638,#639),#15787);
#448=ADVANCED_BREP_SHAPE_REPRESENTATION('',(#640,#641,#642,#643,#644,#645,
#646,#647,#648,#649,#650,#651,#652,#653,#654,#655,#656,#657),#15788);
#449=ADVANCED_BREP_SHAPE_REPRESENTATION('',(#658,#659,#660,#661,#662,#663,
#664,#665,#666),#15789);
#450=ADVANCED_BREP_SHAPE_REPRESENTATION('',(#667,#668,#669,#670,#671,#672,
#673,#674,#675,#676,#677),#15790);
#451=ADVANCED_BREP_SHAPE_REPRESENTATION('',(#678,#679,#680,#681,#682,#683,
#684,#685,#686,#687,#688,#689),#15791);
#452=STYLED_ITEM('',(#15896),#571);
#453=STYLED_ITEM('',(#15896),#572);
#454=STYLED_ITEM('',(#15896),#573);
#455=STYLED_ITEM('',(#15896),#574);
#456=STYLED_ITEM('',(#15896),#575);
#457=STYLED_ITEM('',(#15896),#576);
#458=STYLED_ITEM('',(#15896),#577);
#459=STYLED_ITEM('',(#15896),#578);
#460=STYLED_ITEM('',(#15896),#579);
#461=STYLED_ITEM('',(#15896),#580);
#462=STYLED_ITEM('',(#15896),#581);
#463=STYLED_ITEM('',(#15896),#582);
#464=STYLED_ITEM('',(#15896),#583);
#465=STYLED_ITEM('',(#15896),#584);
#466=STYLED_ITEM('',(#15896),#585);
#467=STYLED_ITEM('',(#15896),#586);
#468=STYLED_ITEM('',(#15896),#587);
#469=STYLED_ITEM('',(#15896),#588);
#470=STYLED_ITEM('',(#15896),#589);
#471=STYLED_ITEM('',(#15896),#590);
#472=STYLED_ITEM('',(#15896),#591);
#473=STYLED_ITEM('',(#15896),#592);
#474=STYLED_ITEM('',(#15896),#593);
#475=STYLED_ITEM('',(#15896),#594);
#476=STYLED_ITEM('',(#15896),#595);
#477=STYLED_ITEM('',(#15896),#596);
#478=STYLED_ITEM('',(#15896),#597);
#479=STYLED_ITEM('',(#15896),#598);
#480=STYLED_ITEM('',(#15896),#599);
#481=STYLED_ITEM('',(#15896),#600);
#482=STYLED_ITEM('',(#15896),#601);
#483=STYLED_ITEM('',(#15896),#602);
#484=STYLED_ITEM('',(#15896),#603);
#485=STYLED_ITEM('',(#15896),#604);
#486=STYLED_ITEM('',(#15896),#605);
#487=STYLED_ITEM('',(#15896),#606);
#488=STYLED_ITEM('',(#15896),#607);
#489=STYLED_ITEM('',(#15896),#608);
#490=STYLED_ITEM('',(#15896),#609);
#491=STYLED_ITEM('',(#15896),#610);
#492=STYLED_ITEM('',(#15896),#611);
#493=STYLED_ITEM('',(#15896),#612);
#494=STYLED_ITEM('',(#15896),#613);
#495=STYLED_ITEM('',(#15896),#614);
#496=STYLED_ITEM('',(#15896),#615);
#497=STYLED_ITEM('',(#15896),#616);
#498=STYLED_ITEM('',(#15896),#617);
#499=STYLED_ITEM('',(#15896),#618);
#500=STYLED_ITEM('',(#15896),#619);
#501=STYLED_ITEM('',(#15896),#620);
#502=STYLED_ITEM('',(#15896),#621);
#503=STYLED_ITEM('',(#15896),#622);
#504=STYLED_ITEM('',(#15896),#623);
#505=STYLED_ITEM('',(#15896),#624);
#506=STYLED_ITEM('',(#15896),#625);
#507=STYLED_ITEM('',(#15896),#626);
#508=STYLED_ITEM('',(#15896),#627);
#509=STYLED_ITEM('',(#15896),#628);
#510=STYLED_ITEM('',(#15896),#629);
#511=STYLED_ITEM('',(#15896),#630);
#512=STYLED_ITEM('',(#15896),#631);
#513=STYLED_ITEM('',(#15896),#632);
#514=STYLED_ITEM('',(#15896),#633);
#515=STYLED_ITEM('',(#15896),#634);
#516=STYLED_ITEM('',(#15896),#635);
#517=STYLED_ITEM('',(#15896),#636);
#518=STYLED_ITEM('',(#15896),#637);
#519=STYLED_ITEM('',(#15896),#638);
#520=STYLED_ITEM('',(#15896),#639);
#521=STYLED_ITEM('',(#15896),#640);
#522=STYLED_ITEM('',(#15896),#641);
#523=STYLED_ITEM('',(#15896),#642);
#524=STYLED_ITEM('',(#15896),#643);
#525=STYLED_ITEM('',(#15896),#644);
#526=STYLED_ITEM('',(#15896),#645);
#527=STYLED_ITEM('',(#15896),#646);
#528=STYLED_ITEM('',(#15896),#647);
#529=STYLED_ITEM('',(#15896),#648);
#530=STYLED_ITEM('',(#15896),#649);
#531=STYLED_ITEM('',(#15896),#650);
#532=STYLED_ITEM('',(#15896),#651);
#533=STYLED_ITEM('',(#15896),#652);
#534=STYLED_ITEM('',(#15896),#653);
#535=STYLED_ITEM('',(#15896),#654);
#536=STYLED_ITEM('',(#15896),#655);
#537=STYLED_ITEM('',(#15896),#656);
#538=STYLED_ITEM('',(#15896),#657);
#539=STYLED_ITEM('',(#15896),#658);
#540=STYLED_ITEM('',(#15896),#659);
#541=STYLED_ITEM('',(#15896),#660);
#542=STYLED_ITEM('',(#15896),#661);
#543=STYLED_ITEM('',(#15896),#662);
#544=STYLED_ITEM('',(#15896),#663);
#545=STYLED_ITEM('',(#15896),#664);
#546=STYLED_ITEM('',(#15896),#665);
#547=STYLED_ITEM('',(#15896),#666);
#548=STYLED_ITEM('',(#15896),#667);
#549=STYLED_ITEM('',(#15896),#668);
#550=STYLED_ITEM('',(#15896),#669);
#551=STYLED_ITEM('',(#15896),#670);
#552=STYLED_ITEM('',(#15896),#671);
#553=STYLED_ITEM('',(#15896),#672);
#554=STYLED_ITEM('',(#15896),#673);
#555=STYLED_ITEM('',(#15896),#674);
#556=STYLED_ITEM('',(#15896),#675);
#557=STYLED_ITEM('',(#15896),#676);
#558=STYLED_ITEM('',(#15896),#677);
#559=STYLED_ITEM('',(#15896),#678);
#560=STYLED_ITEM('',(#15896),#679);
#561=STYLED_ITEM('',(#15896),#680);
#562=STYLED_ITEM('',(#15896),#681);
#563=STYLED_ITEM('',(#15896),#682);
#564=STYLED_ITEM('',(#15896),#683);
#565=STYLED_ITEM('',(#15896),#684);
#566=STYLED_ITEM('',(#15896),#685);
#567=STYLED_ITEM('',(#15896),#686);
#568=STYLED_ITEM('',(#15896),#687);
#569=STYLED_ITEM('',(#15896),#688);
#570=STYLED_ITEM('',(#15896),#689);
#571=MANIFOLD_SOLID_BREP(
'\X\E4\X\B8\X\AD\X\E5\X\A4\X\AE\X\E8\X\AE\X\BE\X\E5\X\A4\X\87\X\E7\X\94
\X\B2\X\E6\X\9D\X\BF_330x260x12',#9442);
#572=MANIFOLD_SOLID_BREP('\X\E5\X\89\X\8D\X\E6\X\A8\X\AA\X\E6\X\A2\X\81',
#9443);
#573=MANIFOLD_SOLID_BREP('\X\E5\X\90\X\8E\X\E6\X\A8\X\AA\X\E6\X\A2\X\81',
#9444);
#574=MANIFOLD_SOLID_BREP(
'\X\E6\X\91\X\84\X\E5\X\83\X\8F\X\E5\X\A4\X\B4\X\E6\X\A1\X\85\X\E6\X\9D
\X\86_\X\E7\X\9B\X\B4\X\E5\X\BE\X\8416',#9445);
#575=MANIFOLD_SOLID_BREP(
'K230\X\E6\X\91\X\84\X\E5\X\83\X\8F\X\E5\X\A4\X\B4\X\E5\X\A4\X\96\X\E5
\X\BD\X\A2\X\E5\X\8C\X\85\X\E7\X\BB\X\9C_50x35x25',#9446);
#576=MANIFOLD_SOLID_BREP('\X\E6\X\91\X\84\X\E5\X\83\X\8F\X\E5\X\A4\X\B4
\X\E9\X\81\X\AE\X\E9\X\9B\X\A8\X\E6\X\AA\X\90',#9447);
#577=MANIFOLD_SOLID_BREP('\X\E5\X\89\X\8D\X\E8\X\B6\X\85\X\E5\X\A3\X\B0
\X\E6\X\B3\X\A2_41x28.5x23',#9448);
#578=MANIFOLD_SOLID_BREP('\X\E5\X\89\X\8D\X\E6\X\8E\X\A2\X\E5\X\A4\X\B4
A',#9449);
#579=MANIFOLD_SOLID_BREP('\X\E5\X\89\X\8D\X\E6\X\8E\X\A2\X\E5\X\A4\X\B4
B',#9450);
#580=MANIFOLD_SOLID_BREP('\X\E5\X\B7\X\A6\X\E8\X\B6\X\85\X\E5\X\A3\X\B0
\X\E6\X\B3\X\A2_41x28.5x23',#9451);
#581=MANIFOLD_SOLID_BREP('\X\E5\X\B7\X\A6\X\E6\X\8E\X\A2\X\E5\X\A4\X\B4
A',#9452);
#582=MANIFOLD_SOLID_BREP('\X\E5\X\B7\X\A6\X\E6\X\8E\X\A2\X\E5\X\A4\X\B4
B',#9453);
#583=MANIFOLD_SOLID_BREP('\X\E5\X\8F\X\B3\X\E8\X\B6\X\85\X\E5\X\A3\X\B0
\X\E6\X\B3\X\A2_41x28.5x23',#9454);
#584=MANIFOLD_SOLID_BREP('\X\E5\X\8F\X\B3\X\E6\X\8E\X\A2\X\E5\X\A4\X\B4
A',#9455);
#585=MANIFOLD_SOLID_BREP('\X\E5\X\8F\X\B3\X\E6\X\8E\X\A2\X\E5\X\A4\X\B4
B',#9456);
#586=MANIFOLD_SOLID_BREP(
'\X\E6\X\94\X\B6\X\E9\X\9B\X\86\X\E9\X\93\X\B2\X\E6\X\96\X\9C\X\E5\X\BA
\X\95\X\E6\X\9D\X\BF_260x280x5',#9457);
#587=MANIFOLD_SOLID_BREP('\X\E5\X\B7\X\A6\X\E5\X\AF\X\BC\X\E6\X\B5\X\81
\X\E4\X\BE\X\A7\X\E6\X\9D\X\BF',#9458);
#588=MANIFOLD_SOLID_BREP('\X\E5\X\8F\X\B3\X\E5\X\AF\X\BC\X\E6\X\B5\X\81
\X\E4\X\BE\X\A7\X\E6\X\9D\X\BF',#9459);
#589=MANIFOLD_SOLID_BREP('\X\E9\X\93\X\B2\X\E5\X\8F\X\A3\X\E5\X\8A\X\A0
\X\E5\X\BC\X\BA\X\E6\X\A2\X\81',#9460);
#590=MANIFOLD_SOLID_BREP('\X\E6\X\B2\X\A5\X\E6\X\B0\X\B4\X\E5\X\8A\X\A0
\X\E5\X\BC\X\BA\X\E7\X\AD\X\8B_1',#9461);
#591=MANIFOLD_SOLID_BREP('\X\E6\X\B2\X\A5\X\E6\X\B0\X\B4\X\E5\X\8A\X\A0
\X\E5\X\BC\X\BA\X\E7\X\AD\X\8B_2',#9462);
#592=MANIFOLD_SOLID_BREP('\X\E6\X\B2\X\A5\X\E6\X\B0\X\B4\X\E5\X\8A\X\A0
\X\E5\X\BC\X\BA\X\E7\X\AD\X\8B_3',#9463);
#593=MANIFOLD_SOLID_BREP('\X\E6\X\B2\X\A5\X\E6\X\B0\X\B4\X\E5\X\8A\X\A0
\X\E5\X\BC\X\BA\X\E7\X\AD\X\8B_4',#9464);
#594=MANIFOLD_SOLID_BREP('\X\E6\X\B2\X\A5\X\E6\X\B0\X\B4\X\E5\X\8A\X\A0
\X\E5\X\BC\X\BA\X\E7\X\AD\X\8B_5',#9465);
#595=MANIFOLD_SOLID_BREP('\X\E6\X\B2\X\A5\X\E6\X\B0\X\B4\X\E5\X\8A\X\A0
\X\E5\X\BC\X\BA\X\E7\X\AD\X\8B_6',#9466);
#596=MANIFOLD_SOLID_BREP('\X\E6\X\B2\X\A5\X\E6\X\B0\X\B4\X\E5\X\8A\X\A0
\X\E5\X\BC\X\BA\X\E7\X\AD\X\8B_7',#9467);
#597=MANIFOLD_SOLID_BREP('\X\E6\X\94\X\B6\X\E9\X\9B\X\86\X\E7\X\AF\X\AE
\X\E5\X\BA\X\95\X\E6\X\9D\X\BF_180x240x5',#9468);
#598=MANIFOLD_SOLID_BREP('\X\E6\X\94\X\B6\X\E9\X\9B\X\86\X\E7\X\AF\X\AE
\X\E5\X\90\X\8E\X\E6\X\8C\X\A1\X\E6\X\9D\X\BF',#9469);
#599=MANIFOLD_SOLID_BREP('\X\E6\X\94\X\B6\X\E9\X\9B\X\86\X\E7\X\AF\X\AE
\X\E5\X\B7\X\A6\X\E4\X\BE\X\A7\X\E6\X\A1\X\86',#9470);
#600=MANIFOLD_SOLID_BREP('\X\E6\X\94\X\B6\X\E9\X\9B\X\86\X\E7\X\AF\X\AE
\X\E5\X\8F\X\B3\X\E4\X\BE\X\A7\X\E6\X\A1\X\86',#9471);
#601=MANIFOLD_SOLID_BREP('\X\E6\X\94\X\B6\X\E9\X\9B\X\86\X\E7\X\AF\X\AE
\X\E6\X\B2\X\A5\X\E6\X\B0\X\B4\X\E6\X\9D\X\A1_1',#9472);
#602=MANIFOLD_SOLID_BREP('\X\E6\X\94\X\B6\X\E9\X\9B\X\86\X\E7\X\AF\X\AE
\X\E6\X\B2\X\A5\X\E6\X\B0\X\B4\X\E6\X\9D\X\A1_2',#9473);
#603=MANIFOLD_SOLID_BREP('\X\E6\X\94\X\B6\X\E9\X\9B\X\86\X\E7\X\AF\X\AE
\X\E6\X\B2\X\A5\X\E6\X\B0\X\B4\X\E6\X\9D\X\A1_3',#9474);
#604=MANIFOLD_SOLID_BREP('\X\E6\X\94\X\B6\X\E9\X\9B\X\86\X\E7\X\AF\X\AE
\X\E6\X\B2\X\A5\X\E6\X\B0\X\B4\X\E6\X\9D\X\A1_4',#9475);
#605=MANIFOLD_SOLID_BREP('\X\E5\X\B7\X\A6\X\E6\X\B5\X\AE\X\E7\X\AD\X\92
\X\E4\X\B8\X\BB\X\E4\X\BD\X\93_430x110x90',#9476);
#606=MANIFOLD_SOLID_BREP('\X\E5\X\B7\X\A6\X\E8\X\89\X\8F\X\E9\X\83\X\A8
\X\E6\X\96\X\9C\X\E5\X\9D\X\97',#9477);
#607=MANIFOLD_SOLID_BREP(
'\X\E5\X\B7\X\A6\X\E5\X\B0\X\BE\X\E9\X\83\X\A8\X\E5\X\BC\X\80\X\E5\X\8F
\X\A3\X\E4\X\B8\X\8A\X\E7\X\9B\X\96_90x110x20',#9478);
#608=MANIFOLD_SOLID_BREP(
'\X\E5\X\B7\X\A6\X\E5\X\B0\X\BE\X\E9\X\83\X\A8\X\E5\X\BC\X\80\X\E5\X\8F
\X\A3\X\E5\X\A4\X\96\X\E4\X\BE\X\A7\X\E5\X\A3\X\81',#9479);
#609=MANIFOLD_SOLID_BREP(
'\X\E5\X\B7\X\A6\X\E5\X\B0\X\BE\X\E9\X\83\X\A8\X\E5\X\BC\X\80\X\E5\X\8F
\X\A3\X\E5\X\86\X\85\X\E4\X\BE\X\A7\X\E5\X\A3\X\81',#9480);
#610=MANIFOLD_SOLID_BREP('\X\E5\X\8F\X\B3\X\E6\X\B5\X\AE\X\E7\X\AD\X\92
\X\E4\X\B8\X\BB\X\E4\X\BD\X\93_430x110x90',#9481);
#611=MANIFOLD_SOLID_BREP('\X\E5\X\8F\X\B3\X\E8\X\89\X\8F\X\E9\X\83\X\A8
\X\E6\X\96\X\9C\X\E5\X\9D\X\97',#9482);
#612=MANIFOLD_SOLID_BREP(
'\X\E5\X\8F\X\B3\X\E5\X\B0\X\BE\X\E9\X\83\X\A8\X\E5\X\BC\X\80\X\E5\X\8F
\X\A3\X\E4\X\B8\X\8A\X\E7\X\9B\X\96_90x110x20',#9483);
#613=MANIFOLD_SOLID_BREP(
'\X\E5\X\8F\X\B3\X\E5\X\B0\X\BE\X\E9\X\83\X\A8\X\E5\X\BC\X\80\X\E5\X\8F
\X\A3\X\E5\X\A4\X\96\X\E4\X\BE\X\A7\X\E5\X\A3\X\81',#9484);
#614=MANIFOLD_SOLID_BREP(
'\X\E5\X\8F\X\B3\X\E5\X\B0\X\BE\X\E9\X\83\X\A8\X\E5\X\BC\X\80\X\E5\X\8F
\X\A3\X\E5\X\86\X\85\X\E4\X\BE\X\A7\X\E5\X\A3\X\81',#9485);
#615=MANIFOLD_SOLID_BREP(
'\X\E5\X\BC\X\80\X\E6\X\94\X\BE\X\E8\X\88\X\B1\X\E5\X\BA\X\95\X\E6\X\9D
\X\BF_300x240x6_M3\X\E9\X\80\X\9A\X\E5\X\AD\X\94',#9486);
#616=MANIFOLD_SOLID_BREP('\X\E5\X\B7\X\A6\X\E4\X\BD\X\8E\X\E6\X\8A\X\A4
\X\E6\X\A0\X\8F_300x8x28',#9487);
#617=MANIFOLD_SOLID_BREP('\X\E5\X\8F\X\B3\X\E4\X\BD\X\8E\X\E6\X\8A\X\A4
\X\E6\X\A0\X\8F_300x8x28',#9488);
#618=MANIFOLD_SOLID_BREP('\X\E5\X\90\X\8E\X\E4\X\BD\X\8E\X\E6\X\8A\X\A4
\X\E6\X\A0\X\8F_8x224x28',#9489);
#619=MANIFOLD_SOLID_BREP('M3\X\E7\X\BB\X\93\X\E6\X\9E\X\84\X\E6\X\9F\X\B1
_1_\X\E5\X\AD\X\943.4',#9490);
#620=MANIFOLD_SOLID_BREP('M3\X\E7\X\BB\X\93\X\E6\X\9E\X\84\X\E6\X\9F\X\B1
_2_\X\E5\X\AD\X\943.4',#9491);
#621=MANIFOLD_SOLID_BREP('M3\X\E7\X\BB\X\93\X\E6\X\9E\X\84\X\E6\X\9F\X\B1
_3_\X\E5\X\AD\X\943.4',#9492);
#622=MANIFOLD_SOLID_BREP('M3\X\E7\X\BB\X\93\X\E6\X\9E\X\84\X\E6\X\9F\X\B1
_4_\X\E5\X\AD\X\943.4',#9493);
#623=MANIFOLD_SOLID_BREP('M3\X\E7\X\BB\X\93\X\E6\X\9E\X\84\X\E6\X\9F\X\B1
_5_\X\E5\X\AD\X\943.4',#9494);
#624=MANIFOLD_SOLID_BREP('M3\X\E7\X\BB\X\93\X\E6\X\9E\X\84\X\E6\X\9F\X\B1
_6_\X\E5\X\AD\X\943.4',#9495);
#625=MANIFOLD_SOLID_BREP('M3\X\E7\X\BB\X\93\X\E6\X\9E\X\84\X\E6\X\9F\X\B1
_7_\X\E5\X\AD\X\943.4',#9496);
#626=MANIFOLD_SOLID_BREP('M3\X\E7\X\BB\X\93\X\E6\X\9E\X\84\X\E6\X\9F\X\B1
_8_\X\E5\X\AD\X\943.4',#9497);
#627=MANIFOLD_SOLID_BREP('STM32\X\E5\X\AE\X\89\X\E8\X\A3\X\85\X\E6\X\9D
\X\BF_90x70x3_M2\X\E5\X\AD\X\94',#9498);
#628=MANIFOLD_SOLID_BREP('K230\X\E5\X\AE\X\89\X\E8\X\A3\X\85\X\E6\X\9D
\X\BF_110x70x3_M2\X\E5\X\AD\X\94',#9499);
#629=MANIFOLD_SOLID_BREP('STM32_M2\X\E6\X\94\X\AF\X\E6\X\9F\X\B1_1_\X\E5
\X\AD\X\942.4',#9500);
#630=MANIFOLD_SOLID_BREP('STM32_M2\X\E6\X\94\X\AF\X\E6\X\9F\X\B1_2_\X\E5
\X\AD\X\942.4',#9501);
#631=MANIFOLD_SOLID_BREP('STM32_M2\X\E6\X\94\X\AF\X\E6\X\9F\X\B1_3_\X\E5
\X\AD\X\942.4',#9502);
#632=MANIFOLD_SOLID_BREP('STM32_M2\X\E6\X\94\X\AF\X\E6\X\9F\X\B1_4_\X\E5
\X\AD\X\942.4',#9503);
#633=MANIFOLD_SOLID_BREP('K230_M2\X\E6\X\94\X\AF\X\E6\X\9F\X\B1_1_\X\E5
\X\AD\X\942.4',#9504);
#634=MANIFOLD_SOLID_BREP('K230_M2\X\E6\X\94\X\AF\X\E6\X\9F\X\B1_2_\X\E5
\X\AD\X\942.4',#9505);
#635=MANIFOLD_SOLID_BREP('K230_M2\X\E6\X\94\X\AF\X\E6\X\9F\X\B1_3_\X\E5
\X\AD\X\942.4',#9506);
#636=MANIFOLD_SOLID_BREP('K230_M2\X\E6\X\94\X\AF\X\E6\X\9F\X\B1_4_\X\E5
\X\AD\X\942.4',#9507);
#637=MANIFOLD_SOLID_BREP('\X\E5\X\B7\X\A6\X\E5\X\BC\X\80\X\E6\X\94\X\BE
\X\E8\X\B5\X\B0\X\E7\X\BA\X\BF\X\E6\X\A7\X\BD\X\E5\X\BA\X\95',#9508);
#638=MANIFOLD_SOLID_BREP('\X\E5\X\8F\X\B3\X\E5\X\BC\X\80\X\E6\X\94\X\BE
\X\E8\X\B5\X\B0\X\E7\X\BA\X\BF\X\E6\X\A7\X\BD\X\E5\X\BA\X\95',#9509);
#639=MANIFOLD_SOLID_BREP(
'\X\E4\X\B8\X\AD\X\E9\X\83\X\A8\X\E6\X\A8\X\AA\X\E5\X\90\X\91\X\E8\X\B5
\X\B0\X\E7\X\BA\X\BF\X\E6\X\A7\X\BD\X\E5\X\BA\X\95',#9510);
#640=MANIFOLD_SOLID_BREP('\X\E5\X\B7\X\A6\X\E7\X\94\X\B5\X\E6\X\9C\X\BA
\X\E6\X\9C\X\BA\X\E8\X\BA\X\AB_D30x60',#9511);
#641=MANIFOLD_SOLID_BREP('\X\E5\X\B7\X\A6\X\E7\X\94\X\B5\X\E6\X\9C\X\BA
\X\E5\X\9C\X\86\X\E5\X\A4\X\B4\X\E5\X\8C\X\85\X\E7\X\BB\X\9C',#9512);
#642=MANIFOLD_SOLID_BREP('\X\E5\X\B7\X\A6\X\E6\X\A1\X\A8\X\E8\X\BD\X\B4
_\X\E9\X\95\X\BF9',#9513);
#643=MANIFOLD_SOLID_BREP('\X\E5\X\B7\X\A6\X\E4\X\B8\X\89\X\E5\X\8F\X\B6
\X\E6\X\A1\X\A8\X\E8\X\BD\X\AE\X\E6\X\AF\X\82',#9514);
#644=MANIFOLD_SOLID_BREP('\X\E5\X\B7\X\A6\X\E4\X\B8\X\89\X\E5\X\8F\X\B6
\X\E6\X\A1\X\A8\X\E5\X\8F\X\B6\X\E7\X\89\X\87_1',#9515);
#645=MANIFOLD_SOLID_BREP('\X\E5\X\B7\X\A6\X\E4\X\B8\X\89\X\E5\X\8F\X\B6
\X\E6\X\A1\X\A8\X\E5\X\8F\X\B6\X\E7\X\89\X\87_2',#9516);
#646=MANIFOLD_SOLID_BREP('\X\E5\X\B7\X\A6\X\E4\X\B8\X\89\X\E5\X\8F\X\B6
\X\E6\X\A1\X\A8\X\E5\X\8F\X\B6\X\E7\X\89\X\87_3',#9517);
#647=MANIFOLD_SOLID_BREP(
'\X\E5\X\B7\X\A6\X\E6\X\A1\X\A8\X\E5\X\B8\X\BD_\X\E6\X\80\X\BB\X\E9\X\95
\X\BF\X\E7\X\BB\X\88\X\E7\X\82\X\B978',#9518);
#648=MANIFOLD_SOLID_BREP(
'\X\E5\X\B7\X\A6\X\E7\X\94\X\B5\X\E6\X\9C\X\BAM3\X\E5\X\8F\X\AF\X\E6\X\8B
\X\86\X\E5\X\AE\X\89\X\E8\X\A3\X\85\X\E6\X\A1\X\A5',#9519);
#649=MANIFOLD_SOLID_BREP('\X\E5\X\8F\X\B3\X\E7\X\94\X\B5\X\E6\X\9C\X\BA
\X\E6\X\9C\X\BA\X\E8\X\BA\X\AB_D30x60',#9520);
#650=MANIFOLD_SOLID_BREP('\X\E5\X\8F\X\B3\X\E7\X\94\X\B5\X\E6\X\9C\X\BA
\X\E5\X\9C\X\86\X\E5\X\A4\X\B4\X\E5\X\8C\X\85\X\E7\X\BB\X\9C',#9521);
#651=MANIFOLD_SOLID_BREP('\X\E5\X\8F\X\B3\X\E6\X\A1\X\A8\X\E8\X\BD\X\B4
_\X\E9\X\95\X\BF9',#9522);
#652=MANIFOLD_SOLID_BREP('\X\E5\X\8F\X\B3\X\E4\X\B8\X\89\X\E5\X\8F\X\B6
\X\E6\X\A1\X\A8\X\E8\X\BD\X\AE\X\E6\X\AF\X\82',#9523);
#653=MANIFOLD_SOLID_BREP('\X\E5\X\8F\X\B3\X\E4\X\B8\X\89\X\E5\X\8F\X\B6
\X\E6\X\A1\X\A8\X\E5\X\8F\X\B6\X\E7\X\89\X\87_1',#9524);
#654=MANIFOLD_SOLID_BREP('\X\E5\X\8F\X\B3\X\E4\X\B8\X\89\X\E5\X\8F\X\B6
\X\E6\X\A1\X\A8\X\E5\X\8F\X\B6\X\E7\X\89\X\87_2',#9525);
#655=MANIFOLD_SOLID_BREP('\X\E5\X\8F\X\B3\X\E4\X\B8\X\89\X\E5\X\8F\X\B6
\X\E6\X\A1\X\A8\X\E5\X\8F\X\B6\X\E7\X\89\X\87_3',#9526);
#656=MANIFOLD_SOLID_BREP(
'\X\E5\X\8F\X\B3\X\E6\X\A1\X\A8\X\E5\X\B8\X\BD_\X\E6\X\80\X\BB\X\E9\X\95
\X\BF\X\E7\X\BB\X\88\X\E7\X\82\X\B978',#9527);
#657=MANIFOLD_SOLID_BREP(
'\X\E5\X\8F\X\B3\X\E7\X\94\X\B5\X\E6\X\9C\X\BAM3\X\E5\X\8F\X\AF\X\E6\X\8B
\X\86\X\E5\X\AE\X\89\X\E8\X\A3\X\85\X\E6\X\A1\X\A5',#9528);
#658=MANIFOLD_SOLID_BREP('\X\E6\X\94\X\B6\X\E9\X\9B\X\86\X\E9\X\93\X\B2
\X\E9\X\80\X\9A\X\E8\X\BD\X\B4_D12',#9529);
#659=MANIFOLD_SOLID_BREP('\X\E5\X\B7\X\A6\X\E9\X\93\X\B0\X\E9\X\93\X\BE
\X\E8\X\BD\X\B4\X\E6\X\89\X\BF\X\E5\X\BA\X\A7_D24',#9530);
#660=MANIFOLD_SOLID_BREP('\X\E5\X\8F\X\B3\X\E9\X\93\X\B0\X\E9\X\93\X\BE
\X\E8\X\BD\X\B4\X\E6\X\89\X\BF\X\E5\X\BA\X\A7_D24',#9531);
#661=MANIFOLD_SOLID_BREP(
'\X\E5\X\8D\X\95\X\E4\X\B8\X\AA\X\E5\X\87\X\8F\X\E9\X\80\X\9F\X\E7\X\94
\X\B5\X\E6\X\9C\X\BA\X\E5\X\8C\X\85\X\E7\X\BB\X\9C_D37x50',#9532);
#662=MANIFOLD_SOLID_BREP(
'\X\E5\X\87\X\8F\X\E9\X\80\X\9F\X\E7\X\94\X\B5\X\E6\X\9C\X\BAM3\X\E5\X\AE
\X\89\X\E8\X\A3\X\85\X\E6\X\9D\X\BF_70x60x5',#9533);
#663=MANIFOLD_SOLID_BREP('\X\E5\X\B7\X\A6\X\E4\X\BE\X\A7\X\E9\X\93\X\B0
\X\E9\X\93\X\BE\X\E5\X\8A\X\A0\X\E5\X\BC\X\BA\X\E6\X\9D\X\BF',#9534);
#664=MANIFOLD_SOLID_BREP('\X\E5\X\8F\X\B3\X\E4\X\BE\X\A7\X\E9\X\93\X\B0
\X\E9\X\93\X\BE\X\E5\X\8A\X\A0\X\E5\X\BC\X\BA\X\E6\X\9D\X\BF',#9535);
#665=MANIFOLD_SOLID_BREP('\X\E5\X\B7\X\A6\X\E9\X\80\X\9A\X\E8\X\BD\X\B4
\X\E6\X\9B\X\B2\X\E6\X\9F\X\84',#9536);
#666=MANIFOLD_SOLID_BREP('\X\E5\X\8F\X\B3\X\E9\X\80\X\9A\X\E8\X\BD\X\B4
\X\E6\X\9B\X\B2\X\E6\X\9F\X\84',#9537);
#667=MANIFOLD_SOLID_BREP('\X\E7\X\8B\X\AC\X\E7\X\AB\X\8B\X\E9\X\A1\X\B6
\X\E7\X\9B\X\96_314x254x5',#9538);
#668=MANIFOLD_SOLID_BREP('\X\E7\X\9B\X\96\X\E5\X\AD\X\90\X\E5\X\B7\X\A6
\X\E4\X\BE\X\A7\X\E8\X\A3\X\99\X\E8\X\BE\X\B9',#9539);
#669=MANIFOLD_SOLID_BREP('\X\E7\X\9B\X\96\X\E5\X\AD\X\90\X\E5\X\8F\X\B3
\X\E4\X\BE\X\A7\X\E8\X\A3\X\99\X\E8\X\BE\X\B9',#9540);
#670=MANIFOLD_SOLID_BREP('\X\E7\X\9B\X\96\X\E5\X\AD\X\90\X\E5\X\90\X\8E
\X\E4\X\BE\X\A7\X\E8\X\A3\X\99\X\E8\X\BE\X\B9',#9541);
#671=MANIFOLD_SOLID_BREP('\X\E7\X\9B\X\96\X\E5\X\AD\X\90\X\E5\X\89\X\8D
\X\E8\X\A3\X\99\X\E8\X\BE\X\B9_\X\E5\X\B7\X\A6\X\E6\X\AE\X\B5',#9542);
#672=MANIFOLD_SOLID_BREP('\X\E7\X\9B\X\96\X\E5\X\AD\X\90\X\E5\X\89\X\8D
\X\E8\X\A3\X\99\X\E8\X\BE\X\B9_\X\E5\X\8F\X\B3\X\E6\X\AE\X\B5',#9543);
#673=MANIFOLD_SOLID_BREP('\X\E7\X\9B\X\96\X\E5\X\AD\X\90M3\X\E8\X\80\X\B3
\X\E6\X\9D\X\BF_1_\X\E5\X\AD\X\943.4',#9544);
#674=MANIFOLD_SOLID_BREP('\X\E7\X\9B\X\96\X\E5\X\AD\X\90M3\X\E8\X\80\X\B3
\X\E6\X\9D\X\BF_2_\X\E5\X\AD\X\943.4',#9545);
#675=MANIFOLD_SOLID_BREP('\X\E7\X\9B\X\96\X\E5\X\AD\X\90M3\X\E8\X\80\X\B3
\X\E6\X\9D\X\BF_3_\X\E5\X\AD\X\943.4',#9546);
#676=MANIFOLD_SOLID_BREP('\X\E7\X\9B\X\96\X\E5\X\AD\X\90M3\X\E8\X\80\X\B3
\X\E6\X\9D\X\BF_4_\X\E5\X\AD\X\943.4',#9547);
#677=MANIFOLD_SOLID_BREP('\X\E9\X\A1\X\B6\X\E9\X\83\X\A8\X\E6\X\95\X\A3
\X\E7\X\83\X\AD\X\E9\X\81\X\AE\X\E9\X\9B\X\A8\X\E5\X\B8\X\BD',#9548);
#678=MANIFOLD_SOLID_BREP(
'M3\X\E8\X\9E\X\BA\X\E4\X\B8\X\9D\X\E6\X\9F\X\B1_1_\X\E5\X\BA\X\95\X\E9
\X\83\X\A8\X\E5\X\8A\X\A0\X\E5\X\BC\X\BA\X\E8\X\84\X\9A_26x26',#9549);
#679=MANIFOLD_SOLID_BREP('M3\X\E8\X\9E\X\BA\X\E4\X\B8\X\9D\X\E6\X\9F\X\B1
_1_OD14_ID3.4',#9550);
#680=MANIFOLD_SOLID_BREP(
'M3\X\E8\X\9E\X\BA\X\E4\X\B8\X\9D\X\E6\X\9F\X\B1_1_\X\E9\X\A1\X\B6\X\E9
\X\83\X\A8\X\E6\X\89\X\BF\X\E6\X\89\X\98\X\E5\X\8F\X\B0_OD20',#9551);
#681=MANIFOLD_SOLID_BREP(
'M3\X\E8\X\9E\X\BA\X\E4\X\B8\X\9D\X\E6\X\9F\X\B1_2_\X\E5\X\BA\X\95\X\E9
\X\83\X\A8\X\E5\X\8A\X\A0\X\E5\X\BC\X\BA\X\E8\X\84\X\9A_26x26',#9552);
#682=MANIFOLD_SOLID_BREP('M3\X\E8\X\9E\X\BA\X\E4\X\B8\X\9D\X\E6\X\9F\X\B1
_2_OD14_ID3.4',#9553);
#683=MANIFOLD_SOLID_BREP(
'M3\X\E8\X\9E\X\BA\X\E4\X\B8\X\9D\X\E6\X\9F\X\B1_2_\X\E9\X\A1\X\B6\X\E9
\X\83\X\A8\X\E6\X\89\X\BF\X\E6\X\89\X\98\X\E5\X\8F\X\B0_OD20',#9554);
#684=MANIFOLD_SOLID_BREP(
'M3\X\E8\X\9E\X\BA\X\E4\X\B8\X\9D\X\E6\X\9F\X\B1_3_\X\E5\X\BA\X\95\X\E9
\X\83\X\A8\X\E5\X\8A\X\A0\X\E5\X\BC\X\BA\X\E8\X\84\X\9A_26x26',#9555);
#685=MANIFOLD_SOLID_BREP('M3\X\E8\X\9E\X\BA\X\E4\X\B8\X\9D\X\E6\X\9F\X\B1
_3_OD14_ID3.4',#9556);
#686=MANIFOLD_SOLID_BREP(
'M3\X\E8\X\9E\X\BA\X\E4\X\B8\X\9D\X\E6\X\9F\X\B1_3_\X\E9\X\A1\X\B6\X\E9
\X\83\X\A8\X\E6\X\89\X\BF\X\E6\X\89\X\98\X\E5\X\8F\X\B0_OD20',#9557);
#687=MANIFOLD_SOLID_BREP(
'M3\X\E8\X\9E\X\BA\X\E4\X\B8\X\9D\X\E6\X\9F\X\B1_4_\X\E5\X\BA\X\95\X\E9
\X\83\X\A8\X\E5\X\8A\X\A0\X\E5\X\BC\X\BA\X\E8\X\84\X\9A_26x26',#9558);
#688=MANIFOLD_SOLID_BREP('M3\X\E8\X\9E\X\BA\X\E4\X\B8\X\9D\X\E6\X\9F\X\B1
_4_OD14_ID3.4',#9559);
#689=MANIFOLD_SOLID_BREP(
'M3\X\E8\X\9E\X\BA\X\E4\X\B8\X\9D\X\E6\X\9F\X\B1_4_\X\E9\X\A1\X\B6\X\E9
\X\83\X\A8\X\E6\X\89\X\BF\X\E6\X\89\X\98\X\E5\X\8F\X\B0_OD20',#9560);
#690=FACE_OUTER_BOUND('',#1317,.T.);
#691=FACE_OUTER_BOUND('',#1318,.T.);
#692=FACE_OUTER_BOUND('',#1319,.T.);
#693=FACE_OUTER_BOUND('',#1320,.T.);
#694=FACE_OUTER_BOUND('',#1321,.T.);
#695=FACE_OUTER_BOUND('',#1322,.T.);
#696=FACE_OUTER_BOUND('',#1323,.T.);
#697=FACE_OUTER_BOUND('',#1324,.T.);
#698=FACE_OUTER_BOUND('',#1325,.T.);
#699=FACE_OUTER_BOUND('',#1326,.T.);
#700=FACE_OUTER_BOUND('',#1327,.T.);
#701=FACE_OUTER_BOUND('',#1328,.T.);
#702=FACE_OUTER_BOUND('',#1329,.T.);
#703=FACE_OUTER_BOUND('',#1330,.T.);
#704=FACE_OUTER_BOUND('',#1331,.T.);
#705=FACE_OUTER_BOUND('',#1332,.T.);
#706=FACE_OUTER_BOUND('',#1333,.T.);
#707=FACE_OUTER_BOUND('',#1334,.T.);
#708=FACE_OUTER_BOUND('',#1335,.T.);
#709=FACE_OUTER_BOUND('',#1336,.T.);
#710=FACE_OUTER_BOUND('',#1337,.T.);
#711=FACE_OUTER_BOUND('',#1338,.T.);
#712=FACE_OUTER_BOUND('',#1339,.T.);
#713=FACE_OUTER_BOUND('',#1340,.T.);
#714=FACE_OUTER_BOUND('',#1341,.T.);
#715=FACE_OUTER_BOUND('',#1342,.T.);
#716=FACE_OUTER_BOUND('',#1343,.T.);
#717=FACE_OUTER_BOUND('',#1344,.T.);
#718=FACE_OUTER_BOUND('',#1345,.T.);
#719=FACE_OUTER_BOUND('',#1346,.T.);
#720=FACE_OUTER_BOUND('',#1347,.T.);
#721=FACE_OUTER_BOUND('',#1348,.T.);
#722=FACE_OUTER_BOUND('',#1349,.T.);
#723=FACE_OUTER_BOUND('',#1350,.T.);
#724=FACE_OUTER_BOUND('',#1351,.T.);
#725=FACE_OUTER_BOUND('',#1352,.T.);
#726=FACE_OUTER_BOUND('',#1353,.T.);
#727=FACE_OUTER_BOUND('',#1354,.T.);
#728=FACE_OUTER_BOUND('',#1355,.T.);
#729=FACE_OUTER_BOUND('',#1356,.T.);
#730=FACE_OUTER_BOUND('',#1357,.T.);
#731=FACE_OUTER_BOUND('',#1358,.T.);
#732=FACE_OUTER_BOUND('',#1359,.T.);
#733=FACE_OUTER_BOUND('',#1360,.T.);
#734=FACE_OUTER_BOUND('',#1361,.T.);
#735=FACE_OUTER_BOUND('',#1362,.T.);
#736=FACE_OUTER_BOUND('',#1363,.T.);
#737=FACE_OUTER_BOUND('',#1364,.T.);
#738=FACE_OUTER_BOUND('',#1365,.T.);
#739=FACE_OUTER_BOUND('',#1366,.T.);
#740=FACE_OUTER_BOUND('',#1367,.T.);
#741=FACE_OUTER_BOUND('',#1368,.T.);
#742=FACE_OUTER_BOUND('',#1369,.T.);
#743=FACE_OUTER_BOUND('',#1370,.T.);
#744=FACE_OUTER_BOUND('',#1371,.T.);
#745=FACE_OUTER_BOUND('',#1372,.T.);
#746=FACE_OUTER_BOUND('',#1373,.T.);
#747=FACE_OUTER_BOUND('',#1374,.T.);
#748=FACE_OUTER_BOUND('',#1375,.T.);
#749=FACE_OUTER_BOUND('',#1376,.T.);
#750=FACE_OUTER_BOUND('',#1377,.T.);
#751=FACE_OUTER_BOUND('',#1378,.T.);
#752=FACE_OUTER_BOUND('',#1379,.T.);
#753=FACE_OUTER_BOUND('',#1380,.T.);
#754=FACE_OUTER_BOUND('',#1381,.T.);
#755=FACE_OUTER_BOUND('',#1382,.T.);
#756=FACE_OUTER_BOUND('',#1383,.T.);
#757=FACE_OUTER_BOUND('',#1384,.T.);
#758=FACE_OUTER_BOUND('',#1385,.T.);
#759=FACE_OUTER_BOUND('',#1386,.T.);
#760=FACE_OUTER_BOUND('',#1387,.T.);
#761=FACE_OUTER_BOUND('',#1388,.T.);
#762=FACE_OUTER_BOUND('',#1389,.T.);
#763=FACE_OUTER_BOUND('',#1390,.T.);
#764=FACE_OUTER_BOUND('',#1391,.T.);
#765=FACE_OUTER_BOUND('',#1392,.T.);
#766=FACE_OUTER_BOUND('',#1393,.T.);
#767=FACE_OUTER_BOUND('',#1394,.T.);
#768=FACE_OUTER_BOUND('',#1395,.T.);
#769=FACE_OUTER_BOUND('',#1396,.T.);
#770=FACE_OUTER_BOUND('',#1397,.T.);
#771=FACE_OUTER_BOUND('',#1398,.T.);
#772=FACE_OUTER_BOUND('',#1399,.T.);
#773=FACE_OUTER_BOUND('',#1400,.T.);
#774=FACE_OUTER_BOUND('',#1401,.T.);
#775=FACE_OUTER_BOUND('',#1402,.T.);
#776=FACE_OUTER_BOUND('',#1403,.T.);
#777=FACE_OUTER_BOUND('',#1404,.T.);
#778=FACE_OUTER_BOUND('',#1405,.T.);
#779=FACE_OUTER_BOUND('',#1406,.T.);
#780=FACE_OUTER_BOUND('',#1407,.T.);
#781=FACE_OUTER_BOUND('',#1408,.T.);
#782=FACE_OUTER_BOUND('',#1409,.T.);
#783=FACE_OUTER_BOUND('',#1410,.T.);
#784=FACE_OUTER_BOUND('',#1411,.T.);
#785=FACE_OUTER_BOUND('',#1412,.T.);
#786=FACE_OUTER_BOUND('',#1413,.T.);
#787=FACE_OUTER_BOUND('',#1414,.T.);
#788=FACE_OUTER_BOUND('',#1415,.T.);
#789=FACE_OUTER_BOUND('',#1416,.T.);
#790=FACE_OUTER_BOUND('',#1417,.T.);
#791=FACE_OUTER_BOUND('',#1418,.T.);
#792=FACE_OUTER_BOUND('',#1419,.T.);
#793=FACE_OUTER_BOUND('',#1420,.T.);
#794=FACE_OUTER_BOUND('',#1421,.T.);
#795=FACE_OUTER_BOUND('',#1422,.T.);
#796=FACE_OUTER_BOUND('',#1423,.T.);
#797=FACE_OUTER_BOUND('',#1424,.T.);
#798=FACE_OUTER_BOUND('',#1425,.T.);
#799=FACE_OUTER_BOUND('',#1426,.T.);
#800=FACE_OUTER_BOUND('',#1427,.T.);
#801=FACE_OUTER_BOUND('',#1428,.T.);
#802=FACE_OUTER_BOUND('',#1429,.T.);
#803=FACE_OUTER_BOUND('',#1430,.T.);
#804=FACE_OUTER_BOUND('',#1431,.T.);
#805=FACE_OUTER_BOUND('',#1432,.T.);
#806=FACE_OUTER_BOUND('',#1433,.T.);
#807=FACE_OUTER_BOUND('',#1434,.T.);
#808=FACE_OUTER_BOUND('',#1435,.T.);
#809=FACE_OUTER_BOUND('',#1436,.T.);
#810=FACE_OUTER_BOUND('',#1437,.T.);
#811=FACE_OUTER_BOUND('',#1438,.T.);
#812=FACE_OUTER_BOUND('',#1439,.T.);
#813=FACE_OUTER_BOUND('',#1440,.T.);
#814=FACE_OUTER_BOUND('',#1441,.T.);
#815=FACE_OUTER_BOUND('',#1442,.T.);
#816=FACE_OUTER_BOUND('',#1443,.T.);
#817=FACE_OUTER_BOUND('',#1444,.T.);
#818=FACE_OUTER_BOUND('',#1445,.T.);
#819=FACE_OUTER_BOUND('',#1446,.T.);
#820=FACE_OUTER_BOUND('',#1447,.T.);
#821=FACE_OUTER_BOUND('',#1448,.T.);
#822=FACE_OUTER_BOUND('',#1449,.T.);
#823=FACE_OUTER_BOUND('',#1450,.T.);
#824=FACE_OUTER_BOUND('',#1451,.T.);
#825=FACE_OUTER_BOUND('',#1452,.T.);
#826=FACE_OUTER_BOUND('',#1453,.T.);
#827=FACE_OUTER_BOUND('',#1454,.T.);
#828=FACE_OUTER_BOUND('',#1455,.T.);
#829=FACE_OUTER_BOUND('',#1456,.T.);
#830=FACE_OUTER_BOUND('',#1457,.T.);
#831=FACE_OUTER_BOUND('',#1458,.T.);
#832=FACE_OUTER_BOUND('',#1459,.T.);
#833=FACE_OUTER_BOUND('',#1460,.T.);
#834=FACE_OUTER_BOUND('',#1461,.T.);
#835=FACE_OUTER_BOUND('',#1462,.T.);
#836=FACE_OUTER_BOUND('',#1463,.T.);
#837=FACE_OUTER_BOUND('',#1464,.T.);
#838=FACE_OUTER_BOUND('',#1465,.T.);
#839=FACE_OUTER_BOUND('',#1466,.T.);
#840=FACE_OUTER_BOUND('',#1467,.T.);
#841=FACE_OUTER_BOUND('',#1468,.T.);
#842=FACE_OUTER_BOUND('',#1469,.T.);
#843=FACE_OUTER_BOUND('',#1470,.T.);
#844=FACE_OUTER_BOUND('',#1471,.T.);
#845=FACE_OUTER_BOUND('',#1472,.T.);
#846=FACE_OUTER_BOUND('',#1473,.T.);
#847=FACE_OUTER_BOUND('',#1474,.T.);
#848=FACE_OUTER_BOUND('',#1475,.T.);
#849=FACE_OUTER_BOUND('',#1476,.T.);
#850=FACE_OUTER_BOUND('',#1477,.T.);
#851=FACE_OUTER_BOUND('',#1478,.T.);
#852=FACE_OUTER_BOUND('',#1479,.T.);
#853=FACE_OUTER_BOUND('',#1480,.T.);
#854=FACE_OUTER_BOUND('',#1481,.T.);
#855=FACE_OUTER_BOUND('',#1482,.T.);
#856=FACE_OUTER_BOUND('',#1483,.T.);
#857=FACE_OUTER_BOUND('',#1484,.T.);
#858=FACE_OUTER_BOUND('',#1485,.T.);
#859=FACE_OUTER_BOUND('',#1486,.T.);
#860=FACE_OUTER_BOUND('',#1487,.T.);
#861=FACE_OUTER_BOUND('',#1488,.T.);
#862=FACE_OUTER_BOUND('',#1489,.T.);
#863=FACE_OUTER_BOUND('',#1490,.T.);
#864=FACE_OUTER_BOUND('',#1491,.T.);
#865=FACE_OUTER_BOUND('',#1492,.T.);
#866=FACE_OUTER_BOUND('',#1493,.T.);
#867=FACE_OUTER_BOUND('',#1494,.T.);
#868=FACE_OUTER_BOUND('',#1495,.T.);
#869=FACE_OUTER_BOUND('',#1496,.T.);
#870=FACE_OUTER_BOUND('',#1497,.T.);
#871=FACE_OUTER_BOUND('',#1498,.T.);
#872=FACE_OUTER_BOUND('',#1499,.T.);
#873=FACE_OUTER_BOUND('',#1500,.T.);
#874=FACE_OUTER_BOUND('',#1501,.T.);
#875=FACE_OUTER_BOUND('',#1502,.T.);
#876=FACE_OUTER_BOUND('',#1503,.T.);
#877=FACE_OUTER_BOUND('',#1504,.T.);
#878=FACE_OUTER_BOUND('',#1505,.T.);
#879=FACE_OUTER_BOUND('',#1506,.T.);
#880=FACE_OUTER_BOUND('',#1507,.T.);
#881=FACE_OUTER_BOUND('',#1508,.T.);
#882=FACE_OUTER_BOUND('',#1509,.T.);
#883=FACE_OUTER_BOUND('',#1510,.T.);
#884=FACE_OUTER_BOUND('',#1511,.T.);
#885=FACE_OUTER_BOUND('',#1512,.T.);
#886=FACE_OUTER_BOUND('',#1513,.T.);
#887=FACE_OUTER_BOUND('',#1514,.T.);
#888=FACE_OUTER_BOUND('',#1515,.T.);
#889=FACE_OUTER_BOUND('',#1516,.T.);
#890=FACE_OUTER_BOUND('',#1517,.T.);
#891=FACE_OUTER_BOUND('',#1518,.T.);
#892=FACE_OUTER_BOUND('',#1519,.T.);
#893=FACE_OUTER_BOUND('',#1520,.T.);
#894=FACE_OUTER_BOUND('',#1521,.T.);
#895=FACE_OUTER_BOUND('',#1522,.T.);
#896=FACE_OUTER_BOUND('',#1523,.T.);
#897=FACE_OUTER_BOUND('',#1524,.T.);
#898=FACE_OUTER_BOUND('',#1525,.T.);
#899=FACE_OUTER_BOUND('',#1526,.T.);
#900=FACE_OUTER_BOUND('',#1527,.T.);
#901=FACE_OUTER_BOUND('',#1528,.T.);
#902=FACE_OUTER_BOUND('',#1529,.T.);
#903=FACE_OUTER_BOUND('',#1530,.T.);
#904=FACE_OUTER_BOUND('',#1531,.T.);
#905=FACE_OUTER_BOUND('',#1532,.T.);
#906=FACE_OUTER_BOUND('',#1533,.T.);
#907=FACE_OUTER_BOUND('',#1534,.T.);
#908=FACE_OUTER_BOUND('',#1535,.T.);
#909=FACE_OUTER_BOUND('',#1536,.T.);
#910=FACE_OUTER_BOUND('',#1537,.T.);
#911=FACE_OUTER_BOUND('',#1538,.T.);
#912=FACE_OUTER_BOUND('',#1539,.T.);
#913=FACE_OUTER_BOUND('',#1540,.T.);
#914=FACE_OUTER_BOUND('',#1541,.T.);
#915=FACE_OUTER_BOUND('',#1542,.T.);
#916=FACE_OUTER_BOUND('',#1543,.T.);
#917=FACE_OUTER_BOUND('',#1544,.T.);
#918=FACE_OUTER_BOUND('',#1545,.T.);
#919=FACE_OUTER_BOUND('',#1546,.T.);
#920=FACE_OUTER_BOUND('',#1547,.T.);
#921=FACE_OUTER_BOUND('',#1548,.T.);
#922=FACE_OUTER_BOUND('',#1549,.T.);
#923=FACE_OUTER_BOUND('',#1550,.T.);
#924=FACE_OUTER_BOUND('',#1551,.T.);
#925=FACE_OUTER_BOUND('',#1552,.T.);
#926=FACE_OUTER_BOUND('',#1553,.T.);
#927=FACE_OUTER_BOUND('',#1554,.T.);
#928=FACE_OUTER_BOUND('',#1555,.T.);
#929=FACE_OUTER_BOUND('',#1556,.T.);
#930=FACE_OUTER_BOUND('',#1557,.T.);
#931=FACE_OUTER_BOUND('',#1558,.T.);
#932=FACE_OUTER_BOUND('',#1559,.T.);
#933=FACE_OUTER_BOUND('',#1560,.T.);
#934=FACE_OUTER_BOUND('',#1561,.T.);
#935=FACE_OUTER_BOUND('',#1562,.T.);
#936=FACE_OUTER_BOUND('',#1563,.T.);
#937=FACE_OUTER_BOUND('',#1564,.T.);
#938=FACE_OUTER_BOUND('',#1565,.T.);
#939=FACE_OUTER_BOUND('',#1566,.T.);
#940=FACE_OUTER_BOUND('',#1567,.T.);
#941=FACE_OUTER_BOUND('',#1568,.T.);
#942=FACE_OUTER_BOUND('',#1577,.T.);
#943=FACE_OUTER_BOUND('',#1586,.T.);
#944=FACE_OUTER_BOUND('',#1587,.T.);
#945=FACE_OUTER_BOUND('',#1588,.T.);
#946=FACE_OUTER_BOUND('',#1589,.T.);
#947=FACE_OUTER_BOUND('',#1590,.T.);
#948=FACE_OUTER_BOUND('',#1591,.T.);
#949=FACE_OUTER_BOUND('',#1592,.T.);
#950=FACE_OUTER_BOUND('',#1593,.T.);
#951=FACE_OUTER_BOUND('',#1594,.T.);
#952=FACE_OUTER_BOUND('',#1595,.T.);
#953=FACE_OUTER_BOUND('',#1596,.T.);
#954=FACE_OUTER_BOUND('',#1597,.T.);
#955=FACE_OUTER_BOUND('',#1598,.T.);
#956=FACE_OUTER_BOUND('',#1599,.T.);
#957=FACE_OUTER_BOUND('',#1600,.T.);
#958=FACE_OUTER_BOUND('',#1601,.T.);
#959=FACE_OUTER_BOUND('',#1602,.T.);
#960=FACE_OUTER_BOUND('',#1603,.T.);
#961=FACE_OUTER_BOUND('',#1604,.T.);
#962=FACE_OUTER_BOUND('',#1605,.T.);
#963=FACE_OUTER_BOUND('',#1606,.T.);
#964=FACE_OUTER_BOUND('',#1607,.T.);
#965=FACE_OUTER_BOUND('',#1608,.T.);
#966=FACE_OUTER_BOUND('',#1609,.T.);
#967=FACE_OUTER_BOUND('',#1610,.T.);
#968=FACE_OUTER_BOUND('',#1612,.T.);
#969=FACE_OUTER_BOUND('',#1614,.T.);
#970=FACE_OUTER_BOUND('',#1615,.T.);
#971=FACE_OUTER_BOUND('',#1616,.T.);
#972=FACE_OUTER_BOUND('',#1618,.T.);
#973=FACE_OUTER_BOUND('',#1620,.T.);
#974=FACE_OUTER_BOUND('',#1621,.T.);
#975=FACE_OUTER_BOUND('',#1622,.T.);
#976=FACE_OUTER_BOUND('',#1624,.T.);
#977=FACE_OUTER_BOUND('',#1626,.T.);
#978=FACE_OUTER_BOUND('',#1627,.T.);
#979=FACE_OUTER_BOUND('',#1628,.T.);
#980=FACE_OUTER_BOUND('',#1630,.T.);
#981=FACE_OUTER_BOUND('',#1632,.T.);
#982=FACE_OUTER_BOUND('',#1633,.T.);
#983=FACE_OUTER_BOUND('',#1634,.T.);
#984=FACE_OUTER_BOUND('',#1636,.T.);
#985=FACE_OUTER_BOUND('',#1638,.T.);
#986=FACE_OUTER_BOUND('',#1639,.T.);
#987=FACE_OUTER_BOUND('',#1640,.T.);
#988=FACE_OUTER_BOUND('',#1642,.T.);
#989=FACE_OUTER_BOUND('',#1644,.T.);
#990=FACE_OUTER_BOUND('',#1645,.T.);
#991=FACE_OUTER_BOUND('',#1646,.T.);
#992=FACE_OUTER_BOUND('',#1648,.T.);
#993=FACE_OUTER_BOUND('',#1650,.T.);
#994=FACE_OUTER_BOUND('',#1651,.T.);
#995=FACE_OUTER_BOUND('',#1652,.T.);
#996=FACE_OUTER_BOUND('',#1654,.T.);
#997=FACE_OUTER_BOUND('',#1656,.T.);
#998=FACE_OUTER_BOUND('',#1657,.T.);
#999=FACE_OUTER_BOUND('',#1658,.T.);
#1000=FACE_OUTER_BOUND('',#1659,.T.);
#1001=FACE_OUTER_BOUND('',#1660,.T.);
#1002=FACE_OUTER_BOUND('',#1665,.T.);
#1003=FACE_OUTER_BOUND('',#1670,.T.);
#1004=FACE_OUTER_BOUND('',#1671,.T.);
#1005=FACE_OUTER_BOUND('',#1672,.T.);
#1006=FACE_OUTER_BOUND('',#1673,.T.);
#1007=FACE_OUTER_BOUND('',#1674,.T.);
#1008=FACE_OUTER_BOUND('',#1675,.T.);
#1009=FACE_OUTER_BOUND('',#1676,.T.);
#1010=FACE_OUTER_BOUND('',#1677,.T.);
#1011=FACE_OUTER_BOUND('',#1678,.T.);
#1012=FACE_OUTER_BOUND('',#1683,.T.);
#1013=FACE_OUTER_BOUND('',#1688,.T.);
#1014=FACE_OUTER_BOUND('',#1689,.T.);
#1015=FACE_OUTER_BOUND('',#1690,.T.);
#1016=FACE_OUTER_BOUND('',#1691,.T.);
#1017=FACE_OUTER_BOUND('',#1692,.T.);
#1018=FACE_OUTER_BOUND('',#1693,.T.);
#1019=FACE_OUTER_BOUND('',#1694,.T.);
#1020=FACE_OUTER_BOUND('',#1696,.T.);
#1021=FACE_OUTER_BOUND('',#1698,.T.);
#1022=FACE_OUTER_BOUND('',#1699,.T.);
#1023=FACE_OUTER_BOUND('',#1700,.T.);
#1024=FACE_OUTER_BOUND('',#1702,.T.);
#1025=FACE_OUTER_BOUND('',#1704,.T.);
#1026=FACE_OUTER_BOUND('',#1705,.T.);
#1027=FACE_OUTER_BOUND('',#1706,.T.);
#1028=FACE_OUTER_BOUND('',#1708,.T.);
#1029=FACE_OUTER_BOUND('',#1710,.T.);
#1030=FACE_OUTER_BOUND('',#1711,.T.);
#1031=FACE_OUTER_BOUND('',#1712,.T.);
#1032=FACE_OUTER_BOUND('',#1714,.T.);
#1033=FACE_OUTER_BOUND('',#1716,.T.);
#1034=FACE_OUTER_BOUND('',#1717,.T.);
#1035=FACE_OUTER_BOUND('',#1718,.T.);
#1036=FACE_OUTER_BOUND('',#1720,.T.);
#1037=FACE_OUTER_BOUND('',#1722,.T.);
#1038=FACE_OUTER_BOUND('',#1723,.T.);
#1039=FACE_OUTER_BOUND('',#1724,.T.);
#1040=FACE_OUTER_BOUND('',#1726,.T.);
#1041=FACE_OUTER_BOUND('',#1728,.T.);
#1042=FACE_OUTER_BOUND('',#1729,.T.);
#1043=FACE_OUTER_BOUND('',#1730,.T.);
#1044=FACE_OUTER_BOUND('',#1732,.T.);
#1045=FACE_OUTER_BOUND('',#1734,.T.);
#1046=FACE_OUTER_BOUND('',#1735,.T.);
#1047=FACE_OUTER_BOUND('',#1736,.T.);
#1048=FACE_OUTER_BOUND('',#1738,.T.);
#1049=FACE_OUTER_BOUND('',#1740,.T.);
#1050=FACE_OUTER_BOUND('',#1741,.T.);
#1051=FACE_OUTER_BOUND('',#1742,.T.);
#1052=FACE_OUTER_BOUND('',#1743,.T.);
#1053=FACE_OUTER_BOUND('',#1744,.T.);
#1054=FACE_OUTER_BOUND('',#1745,.T.);
#1055=FACE_OUTER_BOUND('',#1746,.T.);
#1056=FACE_OUTER_BOUND('',#1747,.T.);
#1057=FACE_OUTER_BOUND('',#1748,.T.);
#1058=FACE_OUTER_BOUND('',#1749,.T.);
#1059=FACE_OUTER_BOUND('',#1750,.T.);
#1060=FACE_OUTER_BOUND('',#1751,.T.);
#1061=FACE_OUTER_BOUND('',#1752,.T.);
#1062=FACE_OUTER_BOUND('',#1753,.T.);
#1063=FACE_OUTER_BOUND('',#1754,.T.);
#1064=FACE_OUTER_BOUND('',#1755,.T.);
#1065=FACE_OUTER_BOUND('',#1756,.T.);
#1066=FACE_OUTER_BOUND('',#1757,.T.);
#1067=FACE_OUTER_BOUND('',#1758,.T.);
#1068=FACE_OUTER_BOUND('',#1759,.T.);
#1069=FACE_OUTER_BOUND('',#1760,.T.);
#1070=FACE_OUTER_BOUND('',#1761,.T.);
#1071=FACE_OUTER_BOUND('',#1762,.T.);
#1072=FACE_OUTER_BOUND('',#1763,.T.);
#1073=FACE_OUTER_BOUND('',#1764,.T.);
#1074=FACE_OUTER_BOUND('',#1765,.T.);
#1075=FACE_OUTER_BOUND('',#1766,.T.);
#1076=FACE_OUTER_BOUND('',#1767,.T.);
#1077=FACE_OUTER_BOUND('',#1768,.T.);
#1078=FACE_OUTER_BOUND('',#1769,.T.);
#1079=FACE_OUTER_BOUND('',#1770,.T.);
#1080=FACE_OUTER_BOUND('',#1771,.T.);
#1081=FACE_OUTER_BOUND('',#1772,.T.);
#1082=FACE_OUTER_BOUND('',#1773,.T.);
#1083=FACE_OUTER_BOUND('',#1774,.T.);
#1084=FACE_OUTER_BOUND('',#1775,.T.);
#1085=FACE_OUTER_BOUND('',#1776,.T.);
#1086=FACE_OUTER_BOUND('',#1777,.T.);
#1087=FACE_OUTER_BOUND('',#1778,.T.);
#1088=FACE_OUTER_BOUND('',#1779,.T.);
#1089=FACE_OUTER_BOUND('',#1780,.T.);
#1090=FACE_OUTER_BOUND('',#1781,.T.);
#1091=FACE_OUTER_BOUND('',#1782,.T.);
#1092=FACE_OUTER_BOUND('',#1783,.T.);
#1093=FACE_OUTER_BOUND('',#1784,.T.);
#1094=FACE_OUTER_BOUND('',#1785,.T.);
#1095=FACE_OUTER_BOUND('',#1786,.T.);
#1096=FACE_OUTER_BOUND('',#1787,.T.);
#1097=FACE_OUTER_BOUND('',#1788,.T.);
#1098=FACE_OUTER_BOUND('',#1789,.T.);
#1099=FACE_OUTER_BOUND('',#1790,.T.);
#1100=FACE_OUTER_BOUND('',#1791,.T.);
#1101=FACE_OUTER_BOUND('',#1792,.T.);
#1102=FACE_OUTER_BOUND('',#1793,.T.);
#1103=FACE_OUTER_BOUND('',#1794,.T.);
#1104=FACE_OUTER_BOUND('',#1795,.T.);
#1105=FACE_OUTER_BOUND('',#1796,.T.);
#1106=FACE_OUTER_BOUND('',#1797,.T.);
#1107=FACE_OUTER_BOUND('',#1798,.T.);
#1108=FACE_OUTER_BOUND('',#1799,.T.);
#1109=FACE_OUTER_BOUND('',#1800,.T.);
#1110=FACE_OUTER_BOUND('',#1801,.T.);
#1111=FACE_OUTER_BOUND('',#1802,.T.);
#1112=FACE_OUTER_BOUND('',#1803,.T.);
#1113=FACE_OUTER_BOUND('',#1804,.T.);
#1114=FACE_OUTER_BOUND('',#1805,.T.);
#1115=FACE_OUTER_BOUND('',#1806,.T.);
#1116=FACE_OUTER_BOUND('',#1807,.T.);
#1117=FACE_OUTER_BOUND('',#1808,.T.);
#1118=FACE_OUTER_BOUND('',#1809,.T.);
#1119=FACE_OUTER_BOUND('',#1810,.T.);
#1120=FACE_OUTER_BOUND('',#1811,.T.);
#1121=FACE_OUTER_BOUND('',#1812,.T.);
#1122=FACE_OUTER_BOUND('',#1813,.T.);
#1123=FACE_OUTER_BOUND('',#1814,.T.);
#1124=FACE_OUTER_BOUND('',#1815,.T.);
#1125=FACE_OUTER_BOUND('',#1816,.T.);
#1126=FACE_OUTER_BOUND('',#1817,.T.);
#1127=FACE_OUTER_BOUND('',#1818,.T.);
#1128=FACE_OUTER_BOUND('',#1819,.T.);
#1129=FACE_OUTER_BOUND('',#1820,.T.);
#1130=FACE_OUTER_BOUND('',#1821,.T.);
#1131=FACE_OUTER_BOUND('',#1822,.T.);
#1132=FACE_OUTER_BOUND('',#1823,.T.);
#1133=FACE_OUTER_BOUND('',#1824,.T.);
#1134=FACE_OUTER_BOUND('',#1825,.T.);
#1135=FACE_OUTER_BOUND('',#1826,.T.);
#1136=FACE_OUTER_BOUND('',#1827,.T.);
#1137=FACE_OUTER_BOUND('',#1828,.T.);
#1138=FACE_OUTER_BOUND('',#1829,.T.);
#1139=FACE_OUTER_BOUND('',#1830,.T.);
#1140=FACE_OUTER_BOUND('',#1831,.T.);
#1141=FACE_OUTER_BOUND('',#1832,.T.);
#1142=FACE_OUTER_BOUND('',#1833,.T.);
#1143=FACE_OUTER_BOUND('',#1834,.T.);
#1144=FACE_OUTER_BOUND('',#1835,.T.);
#1145=FACE_OUTER_BOUND('',#1836,.T.);
#1146=FACE_OUTER_BOUND('',#1837,.T.);
#1147=FACE_OUTER_BOUND('',#1838,.T.);
#1148=FACE_OUTER_BOUND('',#1839,.T.);
#1149=FACE_OUTER_BOUND('',#1840,.T.);
#1150=FACE_OUTER_BOUND('',#1841,.T.);
#1151=FACE_OUTER_BOUND('',#1842,.T.);
#1152=FACE_OUTER_BOUND('',#1843,.T.);
#1153=FACE_OUTER_BOUND('',#1844,.T.);
#1154=FACE_OUTER_BOUND('',#1845,.T.);
#1155=FACE_OUTER_BOUND('',#1846,.T.);
#1156=FACE_OUTER_BOUND('',#1847,.T.);
#1157=FACE_OUTER_BOUND('',#1848,.T.);
#1158=FACE_OUTER_BOUND('',#1849,.T.);
#1159=FACE_OUTER_BOUND('',#1850,.T.);
#1160=FACE_OUTER_BOUND('',#1851,.T.);
#1161=FACE_OUTER_BOUND('',#1852,.T.);
#1162=FACE_OUTER_BOUND('',#1853,.T.);
#1163=FACE_OUTER_BOUND('',#1854,.T.);
#1164=FACE_OUTER_BOUND('',#1855,.T.);
#1165=FACE_OUTER_BOUND('',#1856,.T.);
#1166=FACE_OUTER_BOUND('',#1857,.T.);
#1167=FACE_OUTER_BOUND('',#1858,.T.);
#1168=FACE_OUTER_BOUND('',#1859,.T.);
#1169=FACE_OUTER_BOUND('',#1860,.T.);
#1170=FACE_OUTER_BOUND('',#1861,.T.);
#1171=FACE_OUTER_BOUND('',#1862,.T.);
#1172=FACE_OUTER_BOUND('',#1863,.T.);
#1173=FACE_OUTER_BOUND('',#1864,.T.);
#1174=FACE_OUTER_BOUND('',#1865,.T.);
#1175=FACE_OUTER_BOUND('',#1866,.T.);
#1176=FACE_OUTER_BOUND('',#1867,.T.);
#1177=FACE_OUTER_BOUND('',#1868,.T.);
#1178=FACE_OUTER_BOUND('',#1869,.T.);
#1179=FACE_OUTER_BOUND('',#1870,.T.);
#1180=FACE_OUTER_BOUND('',#1871,.T.);
#1181=FACE_OUTER_BOUND('',#1872,.T.);
#1182=FACE_OUTER_BOUND('',#1873,.T.);
#1183=FACE_OUTER_BOUND('',#1874,.T.);
#1184=FACE_OUTER_BOUND('',#1875,.T.);
#1185=FACE_OUTER_BOUND('',#1876,.T.);
#1186=FACE_OUTER_BOUND('',#1877,.T.);
#1187=FACE_OUTER_BOUND('',#1878,.T.);
#1188=FACE_OUTER_BOUND('',#1879,.T.);
#1189=FACE_OUTER_BOUND('',#1880,.T.);
#1190=FACE_OUTER_BOUND('',#1881,.T.);
#1191=FACE_OUTER_BOUND('',#1882,.T.);
#1192=FACE_OUTER_BOUND('',#1883,.T.);
#1193=FACE_OUTER_BOUND('',#1884,.T.);
#1194=FACE_OUTER_BOUND('',#1885,.T.);
#1195=FACE_OUTER_BOUND('',#1886,.T.);
#1196=FACE_OUTER_BOUND('',#1887,.T.);
#1197=FACE_OUTER_BOUND('',#1888,.T.);
#1198=FACE_OUTER_BOUND('',#1889,.T.);
#1199=FACE_OUTER_BOUND('',#1890,.T.);
#1200=FACE_OUTER_BOUND('',#1891,.T.);
#1201=FACE_OUTER_BOUND('',#1892,.T.);
#1202=FACE_OUTER_BOUND('',#1893,.T.);
#1203=FACE_OUTER_BOUND('',#1894,.T.);
#1204=FACE_OUTER_BOUND('',#1895,.T.);
#1205=FACE_OUTER_BOUND('',#1896,.T.);
#1206=FACE_OUTER_BOUND('',#1897,.T.);
#1207=FACE_OUTER_BOUND('',#1898,.T.);
#1208=FACE_OUTER_BOUND('',#1899,.T.);
#1209=FACE_OUTER_BOUND('',#1900,.T.);
#1210=FACE_OUTER_BOUND('',#1901,.T.);
#1211=FACE_OUTER_BOUND('',#1902,.T.);
#1212=FACE_OUTER_BOUND('',#1903,.T.);
#1213=FACE_OUTER_BOUND('',#1904,.T.);
#1214=FACE_OUTER_BOUND('',#1905,.T.);
#1215=FACE_OUTER_BOUND('',#1906,.T.);
#1216=FACE_OUTER_BOUND('',#1907,.T.);
#1217=FACE_OUTER_BOUND('',#1908,.T.);
#1218=FACE_OUTER_BOUND('',#1909,.T.);
#1219=FACE_OUTER_BOUND('',#1910,.T.);
#1220=FACE_OUTER_BOUND('',#1911,.T.);
#1221=FACE_OUTER_BOUND('',#1912,.T.);
#1222=FACE_OUTER_BOUND('',#1913,.T.);
#1223=FACE_OUTER_BOUND('',#1914,.T.);
#1224=FACE_OUTER_BOUND('',#1915,.T.);
#1225=FACE_OUTER_BOUND('',#1917,.T.);
#1226=FACE_OUTER_BOUND('',#1919,.T.);
#1227=FACE_OUTER_BOUND('',#1920,.T.);
#1228=FACE_OUTER_BOUND('',#1921,.T.);
#1229=FACE_OUTER_BOUND('',#1922,.T.);
#1230=FACE_OUTER_BOUND('',#1923,.T.);
#1231=FACE_OUTER_BOUND('',#1924,.T.);
#1232=FACE_OUTER_BOUND('',#1926,.T.);
#1233=FACE_OUTER_BOUND('',#1928,.T.);
#1234=FACE_OUTER_BOUND('',#1929,.T.);
#1235=FACE_OUTER_BOUND('',#1930,.T.);
#1236=FACE_OUTER_BOUND('',#1931,.T.);
#1237=FACE_OUTER_BOUND('',#1932,.T.);
#1238=FACE_OUTER_BOUND('',#1933,.T.);
#1239=FACE_OUTER_BOUND('',#1935,.T.);
#1240=FACE_OUTER_BOUND('',#1937,.T.);
#1241=FACE_OUTER_BOUND('',#1938,.T.);
#1242=FACE_OUTER_BOUND('',#1939,.T.);
#1243=FACE_OUTER_BOUND('',#1940,.T.);
#1244=FACE_OUTER_BOUND('',#1941,.T.);
#1245=FACE_OUTER_BOUND('',#1942,.T.);
#1246=FACE_OUTER_BOUND('',#1944,.T.);
#1247=FACE_OUTER_BOUND('',#1946,.T.);
#1248=FACE_OUTER_BOUND('',#1947,.T.);
#1249=FACE_OUTER_BOUND('',#1948,.T.);
#1250=FACE_OUTER_BOUND('',#1949,.T.);
#1251=FACE_OUTER_BOUND('',#1950,.T.);
#1252=FACE_OUTER_BOUND('',#1951,.T.);
#1253=FACE_OUTER_BOUND('',#1952,.T.);
#1254=FACE_OUTER_BOUND('',#1953,.T.);
#1255=FACE_OUTER_BOUND('',#1954,.T.);
#1256=FACE_OUTER_BOUND('',#1955,.T.);
#1257=FACE_OUTER_BOUND('',#1956,.T.);
#1258=FACE_OUTER_BOUND('',#1957,.T.);
#1259=FACE_OUTER_BOUND('',#1959,.T.);
#1260=FACE_OUTER_BOUND('',#1961,.T.);
#1261=FACE_OUTER_BOUND('',#1962,.T.);
#1262=FACE_OUTER_BOUND('',#1963,.T.);
#1263=FACE_OUTER_BOUND('',#1964,.T.);
#1264=FACE_OUTER_BOUND('',#1965,.T.);
#1265=FACE_OUTER_BOUND('',#1966,.T.);
#1266=FACE_OUTER_BOUND('',#1967,.T.);
#1267=FACE_OUTER_BOUND('',#1969,.T.);
#1268=FACE_OUTER_BOUND('',#1971,.T.);
#1269=FACE_OUTER_BOUND('',#1972,.T.);
#1270=FACE_OUTER_BOUND('',#1973,.T.);
#1271=FACE_OUTER_BOUND('',#1975,.T.);
#1272=FACE_OUTER_BOUND('',#1977,.T.);
#1273=FACE_OUTER_BOUND('',#1978,.T.);
#1274=FACE_OUTER_BOUND('',#1980,.T.);
#1275=FACE_OUTER_BOUND('',#1982,.T.);
#1276=FACE_OUTER_BOUND('',#1983,.T.);
#1277=FACE_OUTER_BOUND('',#1984,.T.);
#1278=FACE_OUTER_BOUND('',#1985,.T.);
#1279=FACE_OUTER_BOUND('',#1986,.T.);
#1280=FACE_OUTER_BOUND('',#1987,.T.);
#1281=FACE_OUTER_BOUND('',#1988,.T.);
#1282=FACE_OUTER_BOUND('',#1990,.T.);
#1283=FACE_OUTER_BOUND('',#1992,.T.);
#1284=FACE_OUTER_BOUND('',#1993,.T.);
#1285=FACE_OUTER_BOUND('',#1994,.T.);
#1286=FACE_OUTER_BOUND('',#1996,.T.);
#1287=FACE_OUTER_BOUND('',#1998,.T.);
#1288=FACE_OUTER_BOUND('',#1999,.T.);
#1289=FACE_OUTER_BOUND('',#2001,.T.);
#1290=FACE_OUTER_BOUND('',#2003,.T.);
#1291=FACE_OUTER_BOUND('',#2004,.T.);
#1292=FACE_OUTER_BOUND('',#2005,.T.);
#1293=FACE_OUTER_BOUND('',#2006,.T.);
#1294=FACE_OUTER_BOUND('',#2007,.T.);
#1295=FACE_OUTER_BOUND('',#2008,.T.);
#1296=FACE_OUTER_BOUND('',#2009,.T.);
#1297=FACE_OUTER_BOUND('',#2011,.T.);
#1298=FACE_OUTER_BOUND('',#2013,.T.);
#1299=FACE_OUTER_BOUND('',#2014,.T.);
#1300=FACE_OUTER_BOUND('',#2015,.T.);
#1301=FACE_OUTER_BOUND('',#2017,.T.);
#1302=FACE_OUTER_BOUND('',#2019,.T.);
#1303=FACE_OUTER_BOUND('',#2020,.T.);
#1304=FACE_OUTER_BOUND('',#2022,.T.);
#1305=FACE_OUTER_BOUND('',#2024,.T.);
#1306=FACE_OUTER_BOUND('',#2025,.T.);
#1307=FACE_OUTER_BOUND('',#2026,.T.);
#1308=FACE_OUTER_BOUND('',#2027,.T.);
#1309=FACE_OUTER_BOUND('',#2028,.T.);
#1310=FACE_OUTER_BOUND('',#2029,.T.);
#1311=FACE_OUTER_BOUND('',#2030,.T.);
#1312=FACE_OUTER_BOUND('',#2032,.T.);
#1313=FACE_OUTER_BOUND('',#2034,.T.);
#1314=FACE_OUTER_BOUND('',#2035,.T.);
#1315=FACE_OUTER_BOUND('',#2036,.T.);
#1316=FACE_OUTER_BOUND('',#2038,.T.);
#1317=EDGE_LOOP('',(#5947,#5948,#5949,#5950));
#1318=EDGE_LOOP('',(#5951,#5952,#5953,#5954));
#1319=EDGE_LOOP('',(#5955,#5956,#5957,#5958));
#1320=EDGE_LOOP('',(#5959,#5960,#5961,#5962));
#1321=EDGE_LOOP('',(#5963,#5964,#5965,#5966));
#1322=EDGE_LOOP('',(#5967,#5968,#5969,#5970));
#1323=EDGE_LOOP('',(#5971,#5972,#5973,#5974));
#1324=EDGE_LOOP('',(#5975,#5976,#5977,#5978));
#1325=EDGE_LOOP('',(#5979,#5980,#5981,#5982));
#1326=EDGE_LOOP('',(#5983,#5984,#5985,#5986));
#1327=EDGE_LOOP('',(#5987,#5988,#5989,#5990));
#1328=EDGE_LOOP('',(#5991,#5992,#5993,#5994));
#1329=EDGE_LOOP('',(#5995,#5996,#5997,#5998));
#1330=EDGE_LOOP('',(#5999,#6000,#6001,#6002));
#1331=EDGE_LOOP('',(#6003,#6004,#6005,#6006));
#1332=EDGE_LOOP('',(#6007,#6008,#6009,#6010));
#1333=EDGE_LOOP('',(#6011,#6012,#6013,#6014));
#1334=EDGE_LOOP('',(#6015,#6016,#6017,#6018));
#1335=EDGE_LOOP('',(#6019,#6020,#6021,#6022));
#1336=EDGE_LOOP('',(#6023));
#1337=EDGE_LOOP('',(#6024));
#1338=EDGE_LOOP('',(#6025,#6026,#6027,#6028));
#1339=EDGE_LOOP('',(#6029,#6030,#6031,#6032));
#1340=EDGE_LOOP('',(#6033,#6034,#6035,#6036));
#1341=EDGE_LOOP('',(#6037,#6038,#6039,#6040));
#1342=EDGE_LOOP('',(#6041,#6042,#6043,#6044));
#1343=EDGE_LOOP('',(#6045,#6046,#6047,#6048));
#1344=EDGE_LOOP('',(#6049,#6050,#6051,#6052));
#1345=EDGE_LOOP('',(#6053,#6054,#6055,#6056));
#1346=EDGE_LOOP('',(#6057,#6058,#6059,#6060));
#1347=EDGE_LOOP('',(#6061,#6062,#6063,#6064));
#1348=EDGE_LOOP('',(#6065,#6066,#6067,#6068));
#1349=EDGE_LOOP('',(#6069,#6070,#6071,#6072));
#1350=EDGE_LOOP('',(#6073,#6074,#6075,#6076));
#1351=EDGE_LOOP('',(#6077,#6078,#6079,#6080));
#1352=EDGE_LOOP('',(#6081,#6082,#6083,#6084));
#1353=EDGE_LOOP('',(#6085,#6086,#6087,#6088));
#1354=EDGE_LOOP('',(#6089,#6090,#6091,#6092));
#1355=EDGE_LOOP('',(#6093,#6094,#6095,#6096));
#1356=EDGE_LOOP('',(#6097,#6098,#6099,#6100));
#1357=EDGE_LOOP('',(#6101));
#1358=EDGE_LOOP('',(#6102));
#1359=EDGE_LOOP('',(#6103,#6104,#6105,#6106));
#1360=EDGE_LOOP('',(#6107));
#1361=EDGE_LOOP('',(#6108));
#1362=EDGE_LOOP('',(#6109,#6110,#6111,#6112));
#1363=EDGE_LOOP('',(#6113,#6114,#6115,#6116));
#1364=EDGE_LOOP('',(#6117,#6118,#6119,#6120));
#1365=EDGE_LOOP('',(#6121,#6122,#6123,#6124));
#1366=EDGE_LOOP('',(#6125,#6126,#6127,#6128));
#1367=EDGE_LOOP('',(#6129,#6130,#6131,#6132));
#1368=EDGE_LOOP('',(#6133,#6134,#6135,#6136));
#1369=EDGE_LOOP('',(#6137));
#1370=EDGE_LOOP('',(#6138));
#1371=EDGE_LOOP('',(#6139,#6140,#6141,#6142));
#1372=EDGE_LOOP('',(#6143));
#1373=EDGE_LOOP('',(#6144));
#1374=EDGE_LOOP('',(#6145,#6146,#6147,#6148));
#1375=EDGE_LOOP('',(#6149,#6150,#6151,#6152));
#1376=EDGE_LOOP('',(#6153,#6154,#6155,#6156));
#1377=EDGE_LOOP('',(#6157,#6158,#6159,#6160));
#1378=EDGE_LOOP('',(#6161,#6162,#6163,#6164));
#1379=EDGE_LOOP('',(#6165,#6166,#6167,#6168));
#1380=EDGE_LOOP('',(#6169,#6170,#6171,#6172));
#1381=EDGE_LOOP('',(#6173));
#1382=EDGE_LOOP('',(#6174));
#1383=EDGE_LOOP('',(#6175,#6176,#6177,#6178));
#1384=EDGE_LOOP('',(#6179));
#1385=EDGE_LOOP('',(#6180));
#1386=EDGE_LOOP('',(#6181,#6182,#6183,#6184));
#1387=EDGE_LOOP('',(#6185,#6186,#6187,#6188));
#1388=EDGE_LOOP('',(#6189,#6190,#6191,#6192));
#1389=EDGE_LOOP('',(#6193,#6194,#6195,#6196));
#1390=EDGE_LOOP('',(#6197,#6198,#6199,#6200));
#1391=EDGE_LOOP('',(#6201,#6202,#6203,#6204));
#1392=EDGE_LOOP('',(#6205,#6206,#6207,#6208));
#1393=EDGE_LOOP('',(#6209,#6210,#6211,#6212));
#1394=EDGE_LOOP('',(#6213,#6214,#6215,#6216));
#1395=EDGE_LOOP('',(#6217,#6218,#6219,#6220));
#1396=EDGE_LOOP('',(#6221,#6222,#6223,#6224));
#1397=EDGE_LOOP('',(#6225,#6226,#6227,#6228));
#1398=EDGE_LOOP('',(#6229,#6230,#6231,#6232));
#1399=EDGE_LOOP('',(#6233,#6234,#6235,#6236));
#1400=EDGE_LOOP('',(#6237,#6238,#6239,#6240));
#1401=EDGE_LOOP('',(#6241,#6242,#6243,#6244));
#1402=EDGE_LOOP('',(#6245,#6246,#6247,#6248));
#1403=EDGE_LOOP('',(#6249,#6250,#6251,#6252));
#1404=EDGE_LOOP('',(#6253,#6254,#6255,#6256));
#1405=EDGE_LOOP('',(#6257,#6258,#6259,#6260));
#1406=EDGE_LOOP('',(#6261,#6262,#6263,#6264));
#1407=EDGE_LOOP('',(#6265,#6266,#6267,#6268));
#1408=EDGE_LOOP('',(#6269,#6270,#6271,#6272));
#1409=EDGE_LOOP('',(#6273,#6274,#6275,#6276));
#1410=EDGE_LOOP('',(#6277,#6278,#6279,#6280));
#1411=EDGE_LOOP('',(#6281,#6282,#6283,#6284));
#1412=EDGE_LOOP('',(#6285,#6286,#6287,#6288));
#1413=EDGE_LOOP('',(#6289,#6290,#6291,#6292));
#1414=EDGE_LOOP('',(#6293,#6294,#6295,#6296));
#1415=EDGE_LOOP('',(#6297,#6298,#6299,#6300));
#1416=EDGE_LOOP('',(#6301,#6302,#6303,#6304));
#1417=EDGE_LOOP('',(#6305,#6306,#6307,#6308));
#1418=EDGE_LOOP('',(#6309,#6310,#6311,#6312));
#1419=EDGE_LOOP('',(#6313,#6314,#6315,#6316));
#1420=EDGE_LOOP('',(#6317,#6318,#6319,#6320));
#1421=EDGE_LOOP('',(#6321,#6322,#6323,#6324));
#1422=EDGE_LOOP('',(#6325,#6326,#6327,#6328));
#1423=EDGE_LOOP('',(#6329,#6330,#6331,#6332));
#1424=EDGE_LOOP('',(#6333,#6334,#6335,#6336));
#1425=EDGE_LOOP('',(#6337,#6338,#6339,#6340));
#1426=EDGE_LOOP('',(#6341,#6342,#6343,#6344));
#1427=EDGE_LOOP('',(#6345,#6346,#6347,#6348));
#1428=EDGE_LOOP('',(#6349,#6350,#6351,#6352));
#1429=EDGE_LOOP('',(#6353,#6354,#6355,#6356));
#1430=EDGE_LOOP('',(#6357,#6358,#6359,#6360));
#1431=EDGE_LOOP('',(#6361,#6362,#6363,#6364));
#1432=EDGE_LOOP('',(#6365,#6366,#6367,#6368));
#1433=EDGE_LOOP('',(#6369,#6370,#6371,#6372));
#1434=EDGE_LOOP('',(#6373,#6374,#6375,#6376));
#1435=EDGE_LOOP('',(#6377,#6378,#6379,#6380));
#1436=EDGE_LOOP('',(#6381,#6382,#6383,#6384));
#1437=EDGE_LOOP('',(#6385,#6386,#6387,#6388));
#1438=EDGE_LOOP('',(#6389,#6390,#6391,#6392));
#1439=EDGE_LOOP('',(#6393,#6394,#6395,#6396));
#1440=EDGE_LOOP('',(#6397,#6398,#6399,#6400));
#1441=EDGE_LOOP('',(#6401,#6402,#6403,#6404));
#1442=EDGE_LOOP('',(#6405,#6406,#6407,#6408));
#1443=EDGE_LOOP('',(#6409,#6410,#6411,#6412));
#1444=EDGE_LOOP('',(#6413,#6414,#6415,#6416));
#1445=EDGE_LOOP('',(#6417,#6418,#6419,#6420));
#1446=EDGE_LOOP('',(#6421,#6422,#6423,#6424));
#1447=EDGE_LOOP('',(#6425,#6426,#6427,#6428));
#1448=EDGE_LOOP('',(#6429,#6430,#6431,#6432));
#1449=EDGE_LOOP('',(#6433,#6434,#6435,#6436));
#1450=EDGE_LOOP('',(#6437,#6438,#6439,#6440));
#1451=EDGE_LOOP('',(#6441,#6442,#6443,#6444));
#1452=EDGE_LOOP('',(#6445,#6446,#6447,#6448));
#1453=EDGE_LOOP('',(#6449,#6450,#6451,#6452));
#1454=EDGE_LOOP('',(#6453,#6454,#6455,#6456));
#1455=EDGE_LOOP('',(#6457,#6458,#6459,#6460));
#1456=EDGE_LOOP('',(#6461,#6462,#6463,#6464));
#1457=EDGE_LOOP('',(#6465,#6466,#6467,#6468));
#1458=EDGE_LOOP('',(#6469,#6470,#6471,#6472));
#1459=EDGE_LOOP('',(#6473,#6474,#6475,#6476));
#1460=EDGE_LOOP('',(#6477,#6478,#6479,#6480));
#1461=EDGE_LOOP('',(#6481,#6482,#6483,#6484));
#1462=EDGE_LOOP('',(#6485,#6486,#6487,#6488));
#1463=EDGE_LOOP('',(#6489,#6490,#6491,#6492));
#1464=EDGE_LOOP('',(#6493,#6494,#6495,#6496));
#1465=EDGE_LOOP('',(#6497,#6498,#6499,#6500));
#1466=EDGE_LOOP('',(#6501,#6502,#6503,#6504));
#1467=EDGE_LOOP('',(#6505,#6506,#6507,#6508));
#1468=EDGE_LOOP('',(#6509,#6510,#6511,#6512));
#1469=EDGE_LOOP('',(#6513,#6514,#6515,#6516));
#1470=EDGE_LOOP('',(#6517,#6518,#6519,#6520));
#1471=EDGE_LOOP('',(#6521,#6522,#6523,#6524));
#1472=EDGE_LOOP('',(#6525,#6526,#6527,#6528));
#1473=EDGE_LOOP('',(#6529,#6530,#6531,#6532));
#1474=EDGE_LOOP('',(#6533,#6534,#6535,#6536));
#1475=EDGE_LOOP('',(#6537,#6538,#6539,#6540));
#1476=EDGE_LOOP('',(#6541,#6542,#6543,#6544));
#1477=EDGE_LOOP('',(#6545,#6546,#6547,#6548));
#1478=EDGE_LOOP('',(#6549,#6550,#6551,#6552));
#1479=EDGE_LOOP('',(#6553,#6554,#6555,#6556));
#1480=EDGE_LOOP('',(#6557,#6558,#6559,#6560));
#1481=EDGE_LOOP('',(#6561,#6562,#6563,#6564));
#1482=EDGE_LOOP('',(#6565,#6566,#6567,#6568));
#1483=EDGE_LOOP('',(#6569,#6570,#6571,#6572));
#1484=EDGE_LOOP('',(#6573,#6574,#6575,#6576));
#1485=EDGE_LOOP('',(#6577,#6578,#6579,#6580));
#1486=EDGE_LOOP('',(#6581,#6582,#6583,#6584));
#1487=EDGE_LOOP('',(#6585,#6586,#6587,#6588));
#1488=EDGE_LOOP('',(#6589,#6590,#6591,#6592));
#1489=EDGE_LOOP('',(#6593,#6594,#6595,#6596));
#1490=EDGE_LOOP('',(#6597,#6598,#6599,#6600));
#1491=EDGE_LOOP('',(#6601,#6602,#6603,#6604));
#1492=EDGE_LOOP('',(#6605,#6606,#6607,#6608));
#1493=EDGE_LOOP('',(#6609,#6610,#6611,#6612));
#1494=EDGE_LOOP('',(#6613,#6614,#6615,#6616));
#1495=EDGE_LOOP('',(#6617,#6618,#6619,#6620));
#1496=EDGE_LOOP('',(#6621,#6622,#6623,#6624));
#1497=EDGE_LOOP('',(#6625,#6626,#6627,#6628));
#1498=EDGE_LOOP('',(#6629,#6630,#6631,#6632));
#1499=EDGE_LOOP('',(#6633,#6634,#6635,#6636));
#1500=EDGE_LOOP('',(#6637,#6638,#6639,#6640));
#1501=EDGE_LOOP('',(#6641,#6642,#6643,#6644));
#1502=EDGE_LOOP('',(#6645,#6646,#6647,#6648));
#1503=EDGE_LOOP('',(#6649,#6650,#6651,#6652));
#1504=EDGE_LOOP('',(#6653,#6654,#6655,#6656));
#1505=EDGE_LOOP('',(#6657,#6658,#6659,#6660));
#1506=EDGE_LOOP('',(#6661,#6662,#6663,#6664));
#1507=EDGE_LOOP('',(#6665,#6666,#6667,#6668));
#1508=EDGE_LOOP('',(#6669,#6670,#6671,#6672));
#1509=EDGE_LOOP('',(#6673,#6674,#6675,#6676));
#1510=EDGE_LOOP('',(#6677,#6678,#6679,#6680));
#1511=EDGE_LOOP('',(#6681,#6682,#6683,#6684));
#1512=EDGE_LOOP('',(#6685,#6686,#6687,#6688));
#1513=EDGE_LOOP('',(#6689,#6690,#6691,#6692));
#1514=EDGE_LOOP('',(#6693,#6694,#6695,#6696));
#1515=EDGE_LOOP('',(#6697,#6698,#6699,#6700));
#1516=EDGE_LOOP('',(#6701,#6702,#6703,#6704));
#1517=EDGE_LOOP('',(#6705,#6706,#6707,#6708));
#1518=EDGE_LOOP('',(#6709,#6710,#6711,#6712));
#1519=EDGE_LOOP('',(#6713,#6714,#6715,#6716));
#1520=EDGE_LOOP('',(#6717,#6718,#6719,#6720));
#1521=EDGE_LOOP('',(#6721,#6722,#6723,#6724));
#1522=EDGE_LOOP('',(#6725,#6726,#6727,#6728));
#1523=EDGE_LOOP('',(#6729,#6730,#6731,#6732));
#1524=EDGE_LOOP('',(#6733,#6734,#6735,#6736));
#1525=EDGE_LOOP('',(#6737,#6738,#6739,#6740));
#1526=EDGE_LOOP('',(#6741,#6742,#6743,#6744));
#1527=EDGE_LOOP('',(#6745,#6746,#6747,#6748));
#1528=EDGE_LOOP('',(#6749,#6750,#6751,#6752));
#1529=EDGE_LOOP('',(#6753,#6754,#6755,#6756));
#1530=EDGE_LOOP('',(#6757,#6758,#6759,#6760));
#1531=EDGE_LOOP('',(#6761,#6762,#6763,#6764));
#1532=EDGE_LOOP('',(#6765,#6766,#6767,#6768));
#1533=EDGE_LOOP('',(#6769,#6770,#6771,#6772));
#1534=EDGE_LOOP('',(#6773,#6774,#6775,#6776));
#1535=EDGE_LOOP('',(#6777,#6778,#6779,#6780));
#1536=EDGE_LOOP('',(#6781,#6782,#6783,#6784));
#1537=EDGE_LOOP('',(#6785,#6786,#6787,#6788));
#1538=EDGE_LOOP('',(#6789,#6790,#6791,#6792));
#1539=EDGE_LOOP('',(#6793,#6794,#6795,#6796));
#1540=EDGE_LOOP('',(#6797,#6798,#6799,#6800));
#1541=EDGE_LOOP('',(#6801,#6802,#6803,#6804));
#1542=EDGE_LOOP('',(#6805,#6806,#6807,#6808));
#1543=EDGE_LOOP('',(#6809,#6810,#6811,#6812));
#1544=EDGE_LOOP('',(#6813,#6814,#6815,#6816));
#1545=EDGE_LOOP('',(#6817,#6818,#6819,#6820));
#1546=EDGE_LOOP('',(#6821,#6822,#6823,#6824));
#1547=EDGE_LOOP('',(#6825,#6826,#6827,#6828));
#1548=EDGE_LOOP('',(#6829,#6830,#6831,#6832));
#1549=EDGE_LOOP('',(#6833,#6834,#6835,#6836));
#1550=EDGE_LOOP('',(#6837,#6838,#6839,#6840));
#1551=EDGE_LOOP('',(#6841,#6842,#6843,#6844));
#1552=EDGE_LOOP('',(#6845,#6846,#6847,#6848));
#1553=EDGE_LOOP('',(#6849,#6850,#6851,#6852));
#1554=EDGE_LOOP('',(#6853,#6854,#6855,#6856));
#1555=EDGE_LOOP('',(#6857,#6858,#6859,#6860));
#1556=EDGE_LOOP('',(#6861,#6862,#6863,#6864));
#1557=EDGE_LOOP('',(#6865,#6866,#6867,#6868));
#1558=EDGE_LOOP('',(#6869,#6870,#6871,#6872));
#1559=EDGE_LOOP('',(#6873,#6874,#6875,#6876));
#1560=EDGE_LOOP('',(#6877,#6878,#6879,#6880));
#1561=EDGE_LOOP('',(#6881,#6882,#6883,#6884));
#1562=EDGE_LOOP('',(#6885,#6886,#6887,#6888));
#1563=EDGE_LOOP('',(#6889,#6890,#6891,#6892));
#1564=EDGE_LOOP('',(#6893,#6894,#6895,#6896));
#1565=EDGE_LOOP('',(#6897,#6898,#6899,#6900));
#1566=EDGE_LOOP('',(#6901,#6902,#6903,#6904));
#1567=EDGE_LOOP('',(#6905,#6906,#6907,#6908));
#1568=EDGE_LOOP('',(#6909,#6910,#6911,#6912));
#1569=EDGE_LOOP('',(#6913));
#1570=EDGE_LOOP('',(#6914));
#1571=EDGE_LOOP('',(#6915));
#1572=EDGE_LOOP('',(#6916));
#1573=EDGE_LOOP('',(#6917));
#1574=EDGE_LOOP('',(#6918));
#1575=EDGE_LOOP('',(#6919));
#1576=EDGE_LOOP('',(#6920));
#1577=EDGE_LOOP('',(#6921,#6922,#6923,#6924));
#1578=EDGE_LOOP('',(#6925));
#1579=EDGE_LOOP('',(#6926));
#1580=EDGE_LOOP('',(#6927));
#1581=EDGE_LOOP('',(#6928));
#1582=EDGE_LOOP('',(#6929));
#1583=EDGE_LOOP('',(#6930));
#1584=EDGE_LOOP('',(#6931));
#1585=EDGE_LOOP('',(#6932));
#1586=EDGE_LOOP('',(#6933,#6934,#6935,#6936));
#1587=EDGE_LOOP('',(#6937,#6938,#6939,#6940));
#1588=EDGE_LOOP('',(#6941,#6942,#6943,#6944));
#1589=EDGE_LOOP('',(#6945,#6946,#6947,#6948));
#1590=EDGE_LOOP('',(#6949,#6950,#6951,#6952));
#1591=EDGE_LOOP('',(#6953,#6954,#6955,#6956));
#1592=EDGE_LOOP('',(#6957,#6958,#6959,#6960));
#1593=EDGE_LOOP('',(#6961,#6962,#6963,#6964));
#1594=EDGE_LOOP('',(#6965,#6966,#6967,#6968));
#1595=EDGE_LOOP('',(#6969,#6970,#6971,#6972));
#1596=EDGE_LOOP('',(#6973,#6974,#6975,#6976));
#1597=EDGE_LOOP('',(#6977,#6978,#6979,#6980));
#1598=EDGE_LOOP('',(#6981,#6982,#6983,#6984));
#1599=EDGE_LOOP('',(#6985,#6986,#6987,#6988));
#1600=EDGE_LOOP('',(#6989,#6990,#6991,#6992));
#1601=EDGE_LOOP('',(#6993,#6994,#6995,#6996));
#1602=EDGE_LOOP('',(#6997,#6998,#6999,#7000));
#1603=EDGE_LOOP('',(#7001,#7002,#7003,#7004));
#1604=EDGE_LOOP('',(#7005,#7006,#7007,#7008));
#1605=EDGE_LOOP('',(#7009,#7010,#7011,#7012));
#1606=EDGE_LOOP('',(#7013,#7014,#7015,#7016));
#1607=EDGE_LOOP('',(#7017,#7018,#7019,#7020));
#1608=EDGE_LOOP('',(#7021,#7022,#7023,#7024));
#1609=EDGE_LOOP('',(#7025,#7026,#7027,#7028));
#1610=EDGE_LOOP('',(#7029));
#1611=EDGE_LOOP('',(#7030));
#1612=EDGE_LOOP('',(#7031));
#1613=EDGE_LOOP('',(#7032));
#1614=EDGE_LOOP('',(#7033,#7034,#7035,#7036));
#1615=EDGE_LOOP('',(#7037,#7038,#7039,#7040));
#1616=EDGE_LOOP('',(#7041));
#1617=EDGE_LOOP('',(#7042));
#1618=EDGE_LOOP('',(#7043));
#1619=EDGE_LOOP('',(#7044));
#1620=EDGE_LOOP('',(#7045,#7046,#7047,#7048));
#1621=EDGE_LOOP('',(#7049,#7050,#7051,#7052));
#1622=EDGE_LOOP('',(#7053));
#1623=EDGE_LOOP('',(#7054));
#1624=EDGE_LOOP('',(#7055));
#1625=EDGE_LOOP('',(#7056));
#1626=EDGE_LOOP('',(#7057,#7058,#7059,#7060));
#1627=EDGE_LOOP('',(#7061,#7062,#7063,#7064));
#1628=EDGE_LOOP('',(#7065));
#1629=EDGE_LOOP('',(#7066));
#1630=EDGE_LOOP('',(#7067));
#1631=EDGE_LOOP('',(#7068));
#1632=EDGE_LOOP('',(#7069,#7070,#7071,#7072));
#1633=EDGE_LOOP('',(#7073,#7074,#7075,#7076));
#1634=EDGE_LOOP('',(#7077));
#1635=EDGE_LOOP('',(#7078));
#1636=EDGE_LOOP('',(#7079));
#1637=EDGE_LOOP('',(#7080));
#1638=EDGE_LOOP('',(#7081,#7082,#7083,#7084));
#1639=EDGE_LOOP('',(#7085,#7086,#7087,#7088));
#1640=EDGE_LOOP('',(#7089));
#1641=EDGE_LOOP('',(#7090));
#1642=EDGE_LOOP('',(#7091));
#1643=EDGE_LOOP('',(#7092));
#1644=EDGE_LOOP('',(#7093,#7094,#7095,#7096));
#1645=EDGE_LOOP('',(#7097,#7098,#7099,#7100));
#1646=EDGE_LOOP('',(#7101));
#1647=EDGE_LOOP('',(#7102));
#1648=EDGE_LOOP('',(#7103));
#1649=EDGE_LOOP('',(#7104));
#1650=EDGE_LOOP('',(#7105,#7106,#7107,#7108));
#1651=EDGE_LOOP('',(#7109,#7110,#7111,#7112));
#1652=EDGE_LOOP('',(#7113));
#1653=EDGE_LOOP('',(#7114));
#1654=EDGE_LOOP('',(#7115));
#1655=EDGE_LOOP('',(#7116));
#1656=EDGE_LOOP('',(#7117,#7118,#7119,#7120));
#1657=EDGE_LOOP('',(#7121,#7122,#7123,#7124));
#1658=EDGE_LOOP('',(#7125,#7126,#7127,#7128));
#1659=EDGE_LOOP('',(#7129,#7130,#7131,#7132));
#1660=EDGE_LOOP('',(#7133,#7134,#7135,#7136));
#1661=EDGE_LOOP('',(#7137));
#1662=EDGE_LOOP('',(#7138));
#1663=EDGE_LOOP('',(#7139));
#1664=EDGE_LOOP('',(#7140));
#1665=EDGE_LOOP('',(#7141,#7142,#7143,#7144));
#1666=EDGE_LOOP('',(#7145));
#1667=EDGE_LOOP('',(#7146));
#1668=EDGE_LOOP('',(#7147));
#1669=EDGE_LOOP('',(#7148));
#1670=EDGE_LOOP('',(#7149,#7150,#7151,#7152));
#1671=EDGE_LOOP('',(#7153,#7154,#7155,#7156));
#1672=EDGE_LOOP('',(#7157,#7158,#7159,#7160));
#1673=EDGE_LOOP('',(#7161,#7162,#7163,#7164));
#1674=EDGE_LOOP('',(#7165,#7166,#7167,#7168));
#1675=EDGE_LOOP('',(#7169,#7170,#7171,#7172));
#1676=EDGE_LOOP('',(#7173,#7174,#7175,#7176));
#1677=EDGE_LOOP('',(#7177,#7178,#7179,#7180));
#1678=EDGE_LOOP('',(#7181,#7182,#7183,#7184));
#1679=EDGE_LOOP('',(#7185));
#1680=EDGE_LOOP('',(#7186));
#1681=EDGE_LOOP('',(#7187));
#1682=EDGE_LOOP('',(#7188));
#1683=EDGE_LOOP('',(#7189,#7190,#7191,#7192));
#1684=EDGE_LOOP('',(#7193));
#1685=EDGE_LOOP('',(#7194));
#1686=EDGE_LOOP('',(#7195));
#1687=EDGE_LOOP('',(#7196));
#1688=EDGE_LOOP('',(#7197,#7198,#7199,#7200));
#1689=EDGE_LOOP('',(#7201,#7202,#7203,#7204));
#1690=EDGE_LOOP('',(#7205,#7206,#7207,#7208));
#1691=EDGE_LOOP('',(#7209,#7210,#7211,#7212));
#1692=EDGE_LOOP('',(#7213,#7214,#7215,#7216));
#1693=EDGE_LOOP('',(#7217,#7218,#7219,#7220));
#1694=EDGE_LOOP('',(#7221));
#1695=EDGE_LOOP('',(#7222));
#1696=EDGE_LOOP('',(#7223));
#1697=EDGE_LOOP('',(#7224));
#1698=EDGE_LOOP('',(#7225,#7226,#7227,#7228));
#1699=EDGE_LOOP('',(#7229,#7230,#7231,#7232));
#1700=EDGE_LOOP('',(#7233));
#1701=EDGE_LOOP('',(#7234));
#1702=EDGE_LOOP('',(#7235));
#1703=EDGE_LOOP('',(#7236));
#1704=EDGE_LOOP('',(#7237,#7238,#7239,#7240));
#1705=EDGE_LOOP('',(#7241,#7242,#7243,#7244));
#1706=EDGE_LOOP('',(#7245));
#1707=EDGE_LOOP('',(#7246));
#1708=EDGE_LOOP('',(#7247));
#1709=EDGE_LOOP('',(#7248));
#1710=EDGE_LOOP('',(#7249,#7250,#7251,#7252));
#1711=EDGE_LOOP('',(#7253,#7254,#7255,#7256));
#1712=EDGE_LOOP('',(#7257));
#1713=EDGE_LOOP('',(#7258));
#1714=EDGE_LOOP('',(#7259));
#1715=EDGE_LOOP('',(#7260));
#1716=EDGE_LOOP('',(#7261,#7262,#7263,#7264));
#1717=EDGE_LOOP('',(#7265,#7266,#7267,#7268));
#1718=EDGE_LOOP('',(#7269));
#1719=EDGE_LOOP('',(#7270));
#1720=EDGE_LOOP('',(#7271));
#1721=EDGE_LOOP('',(#7272));
#1722=EDGE_LOOP('',(#7273,#7274,#7275,#7276));
#1723=EDGE_LOOP('',(#7277,#7278,#7279,#7280));
#1724=EDGE_LOOP('',(#7281));
#1725=EDGE_LOOP('',(#7282));
#1726=EDGE_LOOP('',(#7283));
#1727=EDGE_LOOP('',(#7284));
#1728=EDGE_LOOP('',(#7285,#7286,#7287,#7288));
#1729=EDGE_LOOP('',(#7289,#7290,#7291,#7292));
#1730=EDGE_LOOP('',(#7293));
#1731=EDGE_LOOP('',(#7294));
#1732=EDGE_LOOP('',(#7295));
#1733=EDGE_LOOP('',(#7296));
#1734=EDGE_LOOP('',(#7297,#7298,#7299,#7300));
#1735=EDGE_LOOP('',(#7301,#7302,#7303,#7304));
#1736=EDGE_LOOP('',(#7305));
#1737=EDGE_LOOP('',(#7306));
#1738=EDGE_LOOP('',(#7307));
#1739=EDGE_LOOP('',(#7308));
#1740=EDGE_LOOP('',(#7309,#7310,#7311,#7312));
#1741=EDGE_LOOP('',(#7313,#7314,#7315,#7316));
#1742=EDGE_LOOP('',(#7317,#7318,#7319,#7320));
#1743=EDGE_LOOP('',(#7321,#7322,#7323,#7324));
#1744=EDGE_LOOP('',(#7325,#7326,#7327,#7328));
#1745=EDGE_LOOP('',(#7329,#7330,#7331,#7332));
#1746=EDGE_LOOP('',(#7333,#7334,#7335,#7336));
#1747=EDGE_LOOP('',(#7337,#7338,#7339,#7340));
#1748=EDGE_LOOP('',(#7341,#7342,#7343,#7344));
#1749=EDGE_LOOP('',(#7345,#7346,#7347,#7348));
#1750=EDGE_LOOP('',(#7349,#7350,#7351,#7352));
#1751=EDGE_LOOP('',(#7353,#7354,#7355,#7356));
#1752=EDGE_LOOP('',(#7357,#7358,#7359,#7360));
#1753=EDGE_LOOP('',(#7361,#7362,#7363,#7364));
#1754=EDGE_LOOP('',(#7365,#7366,#7367,#7368));
#1755=EDGE_LOOP('',(#7369,#7370,#7371,#7372));
#1756=EDGE_LOOP('',(#7373,#7374,#7375,#7376));
#1757=EDGE_LOOP('',(#7377,#7378,#7379,#7380));
#1758=EDGE_LOOP('',(#7381,#7382,#7383,#7384));
#1759=EDGE_LOOP('',(#7385));
#1760=EDGE_LOOP('',(#7386));
#1761=EDGE_LOOP('',(#7387,#7388,#7389,#7390));
#1762=EDGE_LOOP('',(#7391));
#1763=EDGE_LOOP('',(#7392));
#1764=EDGE_LOOP('',(#7393,#7394,#7395,#7396));
#1765=EDGE_LOOP('',(#7397));
#1766=EDGE_LOOP('',(#7398));
#1767=EDGE_LOOP('',(#7399,#7400,#7401,#7402));
#1768=EDGE_LOOP('',(#7403));
#1769=EDGE_LOOP('',(#7404));
#1770=EDGE_LOOP('',(#7405,#7406,#7407,#7408));
#1771=EDGE_LOOP('',(#7409,#7410,#7411,#7412));
#1772=EDGE_LOOP('',(#7413,#7414,#7415,#7416));
#1773=EDGE_LOOP('',(#7417,#7418,#7419,#7420));
#1774=EDGE_LOOP('',(#7421,#7422,#7423,#7424));
#1775=EDGE_LOOP('',(#7425,#7426,#7427,#7428));
#1776=EDGE_LOOP('',(#7429,#7430,#7431,#7432));
#1777=EDGE_LOOP('',(#7433,#7434,#7435,#7436));
#1778=EDGE_LOOP('',(#7437,#7438,#7439,#7440));
#1779=EDGE_LOOP('',(#7441,#7442,#7443,#7444));
#1780=EDGE_LOOP('',(#7445,#7446,#7447,#7448));
#1781=EDGE_LOOP('',(#7449,#7450,#7451,#7452));
#1782=EDGE_LOOP('',(#7453,#7454,#7455,#7456));
#1783=EDGE_LOOP('',(#7457,#7458,#7459,#7460));
#1784=EDGE_LOOP('',(#7461,#7462,#7463,#7464));
#1785=EDGE_LOOP('',(#7465,#7466,#7467,#7468));
#1786=EDGE_LOOP('',(#7469,#7470,#7471,#7472));
#1787=EDGE_LOOP('',(#7473,#7474,#7475,#7476));
#1788=EDGE_LOOP('',(#7477,#7478,#7479,#7480));
#1789=EDGE_LOOP('',(#7481));
#1790=EDGE_LOOP('',(#7482));
#1791=EDGE_LOOP('',(#7483,#7484,#7485,#7486));
#1792=EDGE_LOOP('',(#7487,#7488,#7489,#7490));
#1793=EDGE_LOOP('',(#7491,#7492,#7493,#7494));
#1794=EDGE_LOOP('',(#7495,#7496,#7497,#7498));
#1795=EDGE_LOOP('',(#7499,#7500,#7501,#7502));
#1796=EDGE_LOOP('',(#7503,#7504,#7505,#7506));
#1797=EDGE_LOOP('',(#7507,#7508,#7509,#7510));
#1798=EDGE_LOOP('',(#7511));
#1799=EDGE_LOOP('',(#7512));
#1800=EDGE_LOOP('',(#7513,#7514,#7515,#7516));
#1801=EDGE_LOOP('',(#7517));
#1802=EDGE_LOOP('',(#7518));
#1803=EDGE_LOOP('',(#7519,#7520,#7521,#7522));
#1804=EDGE_LOOP('',(#7523));
#1805=EDGE_LOOP('',(#7524));
#1806=EDGE_LOOP('',(#7525,#7526,#7527,#7528));
#1807=EDGE_LOOP('',(#7529));
#1808=EDGE_LOOP('',(#7530));
#1809=EDGE_LOOP('',(#7531,#7532,#7533,#7534));
#1810=EDGE_LOOP('',(#7535,#7536,#7537,#7538));
#1811=EDGE_LOOP('',(#7539,#7540,#7541,#7542));
#1812=EDGE_LOOP('',(#7543,#7544,#7545,#7546));
#1813=EDGE_LOOP('',(#7547,#7548,#7549,#7550));
#1814=EDGE_LOOP('',(#7551,#7552,#7553,#7554));
#1815=EDGE_LOOP('',(#7555,#7556,#7557,#7558));
#1816=EDGE_LOOP('',(#7559,#7560,#7561,#7562));
#1817=EDGE_LOOP('',(#7563,#7564,#7565,#7566));
#1818=EDGE_LOOP('',(#7567,#7568,#7569,#7570));
#1819=EDGE_LOOP('',(#7571,#7572,#7573,#7574));
#1820=EDGE_LOOP('',(#7575,#7576,#7577,#7578));
#1821=EDGE_LOOP('',(#7579,#7580,#7581,#7582));
#1822=EDGE_LOOP('',(#7583,#7584,#7585,#7586));
#1823=EDGE_LOOP('',(#7587,#7588,#7589,#7590));
#1824=EDGE_LOOP('',(#7591,#7592,#7593,#7594));
#1825=EDGE_LOOP('',(#7595,#7596,#7597,#7598));
#1826=EDGE_LOOP('',(#7599,#7600,#7601,#7602));
#1827=EDGE_LOOP('',(#7603,#7604,#7605,#7606));
#1828=EDGE_LOOP('',(#7607));
#1829=EDGE_LOOP('',(#7608));
#1830=EDGE_LOOP('',(#7609,#7610,#7611,#7612));
#1831=EDGE_LOOP('',(#7613,#7614,#7615,#7616));
#1832=EDGE_LOOP('',(#7617,#7618,#7619,#7620));
#1833=EDGE_LOOP('',(#7621,#7622,#7623,#7624));
#1834=EDGE_LOOP('',(#7625,#7626,#7627,#7628));
#1835=EDGE_LOOP('',(#7629,#7630,#7631,#7632));
#1836=EDGE_LOOP('',(#7633,#7634,#7635,#7636));
#1837=EDGE_LOOP('',(#7637));
#1838=EDGE_LOOP('',(#7638));
#1839=EDGE_LOOP('',(#7639,#7640,#7641,#7642));
#1840=EDGE_LOOP('',(#7643));
#1841=EDGE_LOOP('',(#7644));
#1842=EDGE_LOOP('',(#7645,#7646,#7647,#7648));
#1843=EDGE_LOOP('',(#7649));
#1844=EDGE_LOOP('',(#7650));
#1845=EDGE_LOOP('',(#7651,#7652,#7653,#7654));
#1846=EDGE_LOOP('',(#7655));
#1847=EDGE_LOOP('',(#7656));
#1848=EDGE_LOOP('',(#7657,#7658,#7659,#7660));
#1849=EDGE_LOOP('',(#7661,#7662,#7663,#7664));
#1850=EDGE_LOOP('',(#7665,#7666,#7667,#7668));
#1851=EDGE_LOOP('',(#7669,#7670,#7671,#7672));
#1852=EDGE_LOOP('',(#7673,#7674,#7675,#7676));
#1853=EDGE_LOOP('',(#7677,#7678,#7679,#7680));
#1854=EDGE_LOOP('',(#7681,#7682,#7683,#7684));
#1855=EDGE_LOOP('',(#7685,#7686,#7687,#7688));
#1856=EDGE_LOOP('',(#7689,#7690,#7691,#7692));
#1857=EDGE_LOOP('',(#7693,#7694,#7695,#7696));
#1858=EDGE_LOOP('',(#7697,#7698,#7699,#7700));
#1859=EDGE_LOOP('',(#7701,#7702,#7703,#7704));
#1860=EDGE_LOOP('',(#7705,#7706,#7707,#7708));
#1861=EDGE_LOOP('',(#7709,#7710,#7711,#7712));
#1862=EDGE_LOOP('',(#7713,#7714,#7715,#7716));
#1863=EDGE_LOOP('',(#7717,#7718,#7719,#7720));
#1864=EDGE_LOOP('',(#7721,#7722,#7723,#7724));
#1865=EDGE_LOOP('',(#7725,#7726,#7727,#7728));
#1866=EDGE_LOOP('',(#7729,#7730,#7731,#7732));
#1867=EDGE_LOOP('',(#7733,#7734,#7735,#7736));
#1868=EDGE_LOOP('',(#7737,#7738,#7739,#7740));
#1869=EDGE_LOOP('',(#7741,#7742,#7743,#7744));
#1870=EDGE_LOOP('',(#7745,#7746,#7747,#7748));
#1871=EDGE_LOOP('',(#7749,#7750,#7751,#7752));
#1872=EDGE_LOOP('',(#7753,#7754,#7755,#7756));
#1873=EDGE_LOOP('',(#7757,#7758,#7759,#7760));
#1874=EDGE_LOOP('',(#7761,#7762,#7763,#7764));
#1875=EDGE_LOOP('',(#7765,#7766,#7767,#7768));
#1876=EDGE_LOOP('',(#7769,#7770,#7771,#7772));
#1877=EDGE_LOOP('',(#7773,#7774,#7775,#7776));
#1878=EDGE_LOOP('',(#7777,#7778,#7779,#7780));
#1879=EDGE_LOOP('',(#7781,#7782,#7783,#7784));
#1880=EDGE_LOOP('',(#7785,#7786,#7787,#7788));
#1881=EDGE_LOOP('',(#7789,#7790,#7791,#7792));
#1882=EDGE_LOOP('',(#7793,#7794,#7795,#7796));
#1883=EDGE_LOOP('',(#7797,#7798,#7799,#7800));
#1884=EDGE_LOOP('',(#7801,#7802,#7803,#7804));
#1885=EDGE_LOOP('',(#7805,#7806,#7807,#7808));
#1886=EDGE_LOOP('',(#7809,#7810,#7811,#7812));
#1887=EDGE_LOOP('',(#7813,#7814,#7815,#7816));
#1888=EDGE_LOOP('',(#7817,#7818,#7819,#7820));
#1889=EDGE_LOOP('',(#7821,#7822,#7823,#7824));
#1890=EDGE_LOOP('',(#7825,#7826,#7827,#7828));
#1891=EDGE_LOOP('',(#7829,#7830,#7831,#7832));
#1892=EDGE_LOOP('',(#7833,#7834,#7835,#7836));
#1893=EDGE_LOOP('',(#7837,#7838,#7839,#7840));
#1894=EDGE_LOOP('',(#7841,#7842,#7843,#7844));
#1895=EDGE_LOOP('',(#7845,#7846,#7847,#7848));
#1896=EDGE_LOOP('',(#7849,#7850,#7851,#7852));
#1897=EDGE_LOOP('',(#7853,#7854,#7855,#7856));
#1898=EDGE_LOOP('',(#7857,#7858,#7859,#7860));
#1899=EDGE_LOOP('',(#7861,#7862,#7863,#7864));
#1900=EDGE_LOOP('',(#7865,#7866,#7867,#7868));
#1901=EDGE_LOOP('',(#7869,#7870,#7871,#7872));
#1902=EDGE_LOOP('',(#7873,#7874,#7875,#7876));
#1903=EDGE_LOOP('',(#7877,#7878,#7879,#7880));
#1904=EDGE_LOOP('',(#7881,#7882,#7883,#7884));
#1905=EDGE_LOOP('',(#7885,#7886,#7887,#7888));
#1906=EDGE_LOOP('',(#7889,#7890,#7891,#7892));
#1907=EDGE_LOOP('',(#7893,#7894,#7895,#7896));
#1908=EDGE_LOOP('',(#7897,#7898,#7899,#7900));
#1909=EDGE_LOOP('',(#7901,#7902,#7903,#7904));
#1910=EDGE_LOOP('',(#7905,#7906,#7907,#7908));
#1911=EDGE_LOOP('',(#7909,#7910,#7911,#7912));
#1912=EDGE_LOOP('',(#7913,#7914,#7915,#7916));
#1913=EDGE_LOOP('',(#7917,#7918,#7919,#7920));
#1914=EDGE_LOOP('',(#7921,#7922,#7923,#7924));
#1915=EDGE_LOOP('',(#7925,#7926,#7927,#7928));
#1916=EDGE_LOOP('',(#7929));
#1917=EDGE_LOOP('',(#7930,#7931,#7932,#7933));
#1918=EDGE_LOOP('',(#7934));
#1919=EDGE_LOOP('',(#7935,#7936,#7937,#7938));
#1920=EDGE_LOOP('',(#7939,#7940,#7941,#7942));
#1921=EDGE_LOOP('',(#7943,#7944,#7945,#7946));
#1922=EDGE_LOOP('',(#7947,#7948,#7949,#7950));
#1923=EDGE_LOOP('',(#7951,#7952,#7953,#7954));
#1924=EDGE_LOOP('',(#7955,#7956,#7957,#7958));
#1925=EDGE_LOOP('',(#7959));
#1926=EDGE_LOOP('',(#7960,#7961,#7962,#7963));
#1927=EDGE_LOOP('',(#7964));
#1928=EDGE_LOOP('',(#7965,#7966,#7967,#7968));
#1929=EDGE_LOOP('',(#7969,#7970,#7971,#7972));
#1930=EDGE_LOOP('',(#7973,#7974,#7975,#7976));
#1931=EDGE_LOOP('',(#7977,#7978,#7979,#7980));
#1932=EDGE_LOOP('',(#7981,#7982,#7983,#7984));
#1933=EDGE_LOOP('',(#7985,#7986,#7987,#7988));
#1934=EDGE_LOOP('',(#7989));
#1935=EDGE_LOOP('',(#7990,#7991,#7992,#7993));
#1936=EDGE_LOOP('',(#7994));
#1937=EDGE_LOOP('',(#7995,#7996,#7997,#7998));
#1938=EDGE_LOOP('',(#7999,#8000,#8001,#8002));
#1939=EDGE_LOOP('',(#8003,#8004,#8005,#8006));
#1940=EDGE_LOOP('',(#8007,#8008,#8009,#8010));
#1941=EDGE_LOOP('',(#8011,#8012,#8013,#8014));
#1942=EDGE_LOOP('',(#8015,#8016,#8017,#8018));
#1943=EDGE_LOOP('',(#8019));
#1944=EDGE_LOOP('',(#8020,#8021,#8022,#8023));
#1945=EDGE_LOOP('',(#8024));
#1946=EDGE_LOOP('',(#8025,#8026,#8027,#8028));
#1947=EDGE_LOOP('',(#8029,#8030,#8031,#8032));
#1948=EDGE_LOOP('',(#8033,#8034,#8035,#8036));
#1949=EDGE_LOOP('',(#8037,#8038,#8039,#8040));
#1950=EDGE_LOOP('',(#8041,#8042,#8043,#8044));
#1951=EDGE_LOOP('',(#8045,#8046,#8047,#8048));
#1952=EDGE_LOOP('',(#8049,#8050,#8051,#8052));
#1953=EDGE_LOOP('',(#8053,#8054,#8055,#8056));
#1954=EDGE_LOOP('',(#8057,#8058,#8059,#8060));
#1955=EDGE_LOOP('',(#8061,#8062,#8063,#8064));
#1956=EDGE_LOOP('',(#8065,#8066,#8067,#8068));
#1957=EDGE_LOOP('',(#8069,#8070,#8071,#8072));
#1958=EDGE_LOOP('',(#8073));
#1959=EDGE_LOOP('',(#8074,#8075,#8076,#8077));
#1960=EDGE_LOOP('',(#8078));
#1961=EDGE_LOOP('',(#8079,#8080,#8081,#8082));
#1962=EDGE_LOOP('',(#8083,#8084,#8085,#8086));
#1963=EDGE_LOOP('',(#8087,#8088,#8089,#8090));
#1964=EDGE_LOOP('',(#8091,#8092,#8093,#8094));
#1965=EDGE_LOOP('',(#8095,#8096,#8097,#8098));
#1966=EDGE_LOOP('',(#8099,#8100,#8101,#8102));
#1967=EDGE_LOOP('',(#8103));
#1968=EDGE_LOOP('',(#8104));
#1969=EDGE_LOOP('',(#8105));
#1970=EDGE_LOOP('',(#8106));
#1971=EDGE_LOOP('',(#8107,#8108,#8109,#8110));
#1972=EDGE_LOOP('',(#8111,#8112,#8113,#8114));
#1973=EDGE_LOOP('',(#8115));
#1974=EDGE_LOOP('',(#8116));
#1975=EDGE_LOOP('',(#8117));
#1976=EDGE_LOOP('',(#8118));
#1977=EDGE_LOOP('',(#8119,#8120,#8121,#8122));
#1978=EDGE_LOOP('',(#8123,#8124,#8125,#8126));
#1979=EDGE_LOOP('',(#8127));
#1980=EDGE_LOOP('',(#8128,#8129,#8130,#8131));
#1981=EDGE_LOOP('',(#8132));
#1982=EDGE_LOOP('',(#8133,#8134,#8135,#8136));
#1983=EDGE_LOOP('',(#8137,#8138,#8139,#8140));
#1984=EDGE_LOOP('',(#8141,#8142,#8143,#8144));
#1985=EDGE_LOOP('',(#8145,#8146,#8147,#8148));
#1986=EDGE_LOOP('',(#8149,#8150,#8151,#8152));
#1987=EDGE_LOOP('',(#8153,#8154,#8155,#8156));
#1988=EDGE_LOOP('',(#8157));
#1989=EDGE_LOOP('',(#8158));
#1990=EDGE_LOOP('',(#8159));
#1991=EDGE_LOOP('',(#8160));
#1992=EDGE_LOOP('',(#8161,#8162,#8163,#8164));
#1993=EDGE_LOOP('',(#8165,#8166,#8167,#8168));
#1994=EDGE_LOOP('',(#8169));
#1995=EDGE_LOOP('',(#8170));
#1996=EDGE_LOOP('',(#8171));
#1997=EDGE_LOOP('',(#8172));
#1998=EDGE_LOOP('',(#8173,#8174,#8175,#8176));
#1999=EDGE_LOOP('',(#8177,#8178,#8179,#8180));
#2000=EDGE_LOOP('',(#8181));
#2001=EDGE_LOOP('',(#8182,#8183,#8184,#8185));
#2002=EDGE_LOOP('',(#8186));
#2003=EDGE_LOOP('',(#8187,#8188,#8189,#8190));
#2004=EDGE_LOOP('',(#8191,#8192,#8193,#8194));
#2005=EDGE_LOOP('',(#8195,#8196,#8197,#8198));
#2006=EDGE_LOOP('',(#8199,#8200,#8201,#8202));
#2007=EDGE_LOOP('',(#8203,#8204,#8205,#8206));
#2008=EDGE_LOOP('',(#8207,#8208,#8209,#8210));
#2009=EDGE_LOOP('',(#8211));
#2010=EDGE_LOOP('',(#8212));
#2011=EDGE_LOOP('',(#8213));
#2012=EDGE_LOOP('',(#8214));
#2013=EDGE_LOOP('',(#8215,#8216,#8217,#8218));
#2014=EDGE_LOOP('',(#8219,#8220,#8221,#8222));
#2015=EDGE_LOOP('',(#8223));
#2016=EDGE_LOOP('',(#8224));
#2017=EDGE_LOOP('',(#8225));
#2018=EDGE_LOOP('',(#8226));
#2019=EDGE_LOOP('',(#8227,#8228,#8229,#8230));
#2020=EDGE_LOOP('',(#8231,#8232,#8233,#8234));
#2021=EDGE_LOOP('',(#8235));
#2022=EDGE_LOOP('',(#8236,#8237,#8238,#8239));
#2023=EDGE_LOOP('',(#8240));
#2024=EDGE_LOOP('',(#8241,#8242,#8243,#8244));
#2025=EDGE_LOOP('',(#8245,#8246,#8247,#8248));
#2026=EDGE_LOOP('',(#8249,#8250,#8251,#8252));
#2027=EDGE_LOOP('',(#8253,#8254,#8255,#8256));
#2028=EDGE_LOOP('',(#8257,#8258,#8259,#8260));
#2029=EDGE_LOOP('',(#8261,#8262,#8263,#8264));
#2030=EDGE_LOOP('',(#8265));
#2031=EDGE_LOOP('',(#8266));
#2032=EDGE_LOOP('',(#8267));
#2033=EDGE_LOOP('',(#8268));
#2034=EDGE_LOOP('',(#8269,#8270,#8271,#8272));
#2035=EDGE_LOOP('',(#8273,#8274,#8275,#8276));
#2036=EDGE_LOOP('',(#8277));
#2037=EDGE_LOOP('',(#8278));
#2038=EDGE_LOOP('',(#8279));
#2039=EDGE_LOOP('',(#8280));
#2040=LINE('',#13177,#3021);
#2041=LINE('',#13179,#3022);
#2042=LINE('',#13181,#3023);
#2043=LINE('',#13182,#3024);
#2044=LINE('',#13186,#3025);
#2045=LINE('',#13188,#3026);
#2046=LINE('',#13190,#3027);
#2047=LINE('',#13191,#3028);
#2048=LINE('',#13193,#3029);
#2049=LINE('',#13194,#3030);
#2050=LINE('',#13196,#3031);
#2051=LINE('',#13198,#3032);
#2052=LINE('',#13203,#3033);
#2053=LINE('',#13205,#3034);
#2054=LINE('',#13207,#3035);
#2055=LINE('',#13208,#3036);
#2056=LINE('',#13212,#3037);
#2057=LINE('',#13214,#3038);
#2058=LINE('',#13216,#3039);
#2059=LINE('',#13217,#3040);
#2060=LINE('',#13219,#3041);
#2061=LINE('',#13220,#3042);
#2062=LINE('',#13222,#3043);
#2063=LINE('',#13224,#3044);
#2064=LINE('',#13229,#3045);
#2065=LINE('',#13231,#3046);
#2066=LINE('',#13233,#3047);
#2067=LINE('',#13234,#3048);
#2068=LINE('',#13238,#3049);
#2069=LINE('',#13240,#3050);
#2070=LINE('',#13242,#3051);
#2071=LINE('',#13243,#3052);
#2072=LINE('',#13245,#3053);
#2073=LINE('',#13246,#3054);
#2074=LINE('',#13248,#3055);
#2075=LINE('',#13250,#3056);
#2076=LINE('',#13257,#3057);
#2077=LINE('',#13264,#3058);
#2078=LINE('',#13266,#3059);
#2079=LINE('',#13268,#3060);
#2080=LINE('',#13269,#3061);
#2081=LINE('',#13273,#3062);
#2082=LINE('',#13275,#3063);
#2083=LINE('',#13277,#3064);
#2084=LINE('',#13278,#3065);
#2085=LINE('',#13280,#3066);
#2086=LINE('',#13281,#3067);
#2087=LINE('',#13283,#3068);
#2088=LINE('',#13285,#3069);
#2089=LINE('',#13290,#3070);
#2090=LINE('',#13292,#3071);
#2091=LINE('',#13294,#3072);
#2092=LINE('',#13295,#3073);
#2093=LINE('',#13299,#3074);
#2094=LINE('',#13301,#3075);
#2095=LINE('',#13303,#3076);
#2096=LINE('',#13304,#3077);
#2097=LINE('',#13306,#3078);
#2098=LINE('',#13307,#3079);
#2099=LINE('',#13309,#3080);
#2100=LINE('',#13311,#3081);
#2101=LINE('',#13317,#3082);
#2102=LINE('',#13319,#3083);
#2103=LINE('',#13321,#3084);
#2104=LINE('',#13322,#3085);
#2105=LINE('',#13326,#3086);
#2106=LINE('',#13328,#3087);
#2107=LINE('',#13330,#3088);
#2108=LINE('',#13331,#3089);
#2109=LINE('',#13333,#3090);
#2110=LINE('',#13334,#3091);
#2111=LINE('',#13336,#3092);
#2112=LINE('',#13338,#3093);
#2113=LINE('',#13344,#3094);
#2114=LINE('',#13352,#3095);
#2115=LINE('',#13359,#3096);
#2116=LINE('',#13361,#3097);
#2117=LINE('',#13363,#3098);
#2118=LINE('',#13364,#3099);
#2119=LINE('',#13368,#3100);
#2120=LINE('',#13370,#3101);
#2121=LINE('',#13372,#3102);
#2122=LINE('',#13373,#3103);
#2123=LINE('',#13375,#3104);
#2124=LINE('',#13376,#3105);
#2125=LINE('',#13378,#3106);
#2126=LINE('',#13380,#3107);
#2127=LINE('',#13386,#3108);
#2128=LINE('',#13394,#3109);
#2129=LINE('',#13401,#3110);
#2130=LINE('',#13403,#3111);
#2131=LINE('',#13405,#3112);
#2132=LINE('',#13406,#3113);
#2133=LINE('',#13410,#3114);
#2134=LINE('',#13412,#3115);
#2135=LINE('',#13414,#3116);
#2136=LINE('',#13415,#3117);
#2137=LINE('',#13417,#3118);
#2138=LINE('',#13418,#3119);
#2139=LINE('',#13420,#3120);
#2140=LINE('',#13422,#3121);
#2141=LINE('',#13428,#3122);
#2142=LINE('',#13436,#3123);
#2143=LINE('',#13444,#3124);
#2144=LINE('',#13446,#3125);
#2145=LINE('',#13448,#3126);
#2146=LINE('',#13449,#3127);
#2147=LINE('',#13453,#3128);
#2148=LINE('',#13455,#3129);
#2149=LINE('',#13457,#3130);
#2150=LINE('',#13458,#3131);
#2151=LINE('',#13460,#3132);
#2152=LINE('',#13461,#3133);
#2153=LINE('',#13463,#3134);
#2154=LINE('',#13465,#3135);
#2155=LINE('',#13470,#3136);
#2156=LINE('',#13472,#3137);
#2157=LINE('',#13474,#3138);
#2158=LINE('',#13475,#3139);
#2159=LINE('',#13479,#3140);
#2160=LINE('',#13481,#3141);
#2161=LINE('',#13483,#3142);
#2162=LINE('',#13484,#3143);
#2163=LINE('',#13486,#3144);
#2164=LINE('',#13487,#3145);
#2165=LINE('',#13489,#3146);
#2166=LINE('',#13491,#3147);
#2167=LINE('',#13496,#3148);
#2168=LINE('',#13498,#3149);
#2169=LINE('',#13500,#3150);
#2170=LINE('',#13501,#3151);
#2171=LINE('',#13505,#3152);
#2172=LINE('',#13507,#3153);
#2173=LINE('',#13509,#3154);
#2174=LINE('',#13510,#3155);
#2175=LINE('',#13512,#3156);
#2176=LINE('',#13513,#3157);
#2177=LINE('',#13515,#3158);
#2178=LINE('',#13517,#3159);
#2179=LINE('',#13522,#3160);
#2180=LINE('',#13524,#3161);
#2181=LINE('',#13526,#3162);
#2182=LINE('',#13527,#3163);
#2183=LINE('',#13531,#3164);
#2184=LINE('',#13533,#3165);
#2185=LINE('',#13535,#3166);
#2186=LINE('',#13536,#3167);
#2187=LINE('',#13538,#3168);
#2188=LINE('',#13539,#3169);
#2189=LINE('',#13541,#3170);
#2190=LINE('',#13543,#3171);
#2191=LINE('',#13548,#3172);
#2192=LINE('',#13550,#3173);
#2193=LINE('',#13552,#3174);
#2194=LINE('',#13553,#3175);
#2195=LINE('',#13557,#3176);
#2196=LINE('',#13559,#3177);
#2197=LINE('',#13561,#3178);
#2198=LINE('',#13562,#3179);
#2199=LINE('',#13564,#3180);
#2200=LINE('',#13565,#3181);
#2201=LINE('',#13567,#3182);
#2202=LINE('',#13569,#3183);
#2203=LINE('',#13574,#3184);
#2204=LINE('',#13576,#3185);
#2205=LINE('',#13578,#3186);
#2206=LINE('',#13579,#3187);
#2207=LINE('',#13583,#3188);
#2208=LINE('',#13585,#3189);
#2209=LINE('',#13587,#3190);
#2210=LINE('',#13588,#3191);
#2211=LINE('',#13590,#3192);
#2212=LINE('',#13591,#3193);
#2213=LINE('',#13593,#3194);
#2214=LINE('',#13595,#3195);
#2215=LINE('',#13600,#3196);
#2216=LINE('',#13602,#3197);
#2217=LINE('',#13604,#3198);
#2218=LINE('',#13605,#3199);
#2219=LINE('',#13609,#3200);
#2220=LINE('',#13611,#3201);
#2221=LINE('',#13613,#3202);
#2222=LINE('',#13614,#3203);
#2223=LINE('',#13616,#3204);
#2224=LINE('',#13617,#3205);
#2225=LINE('',#13619,#3206);
#2226=LINE('',#13621,#3207);
#2227=LINE('',#13626,#3208);
#2228=LINE('',#13628,#3209);
#2229=LINE('',#13630,#3210);
#2230=LINE('',#13631,#3211);
#2231=LINE('',#13635,#3212);
#2232=LINE('',#13637,#3213);
#2233=LINE('',#13639,#3214);
#2234=LINE('',#13640,#3215);
#2235=LINE('',#13642,#3216);
#2236=LINE('',#13643,#3217);
#2237=LINE('',#13645,#3218);
#2238=LINE('',#13647,#3219);
#2239=LINE('',#13652,#3220);
#2240=LINE('',#13654,#3221);
#2241=LINE('',#13656,#3222);
#2242=LINE('',#13657,#3223);
#2243=LINE('',#13661,#3224);
#2244=LINE('',#13663,#3225);
#2245=LINE('',#13665,#3226);
#2246=LINE('',#13666,#3227);
#2247=LINE('',#13668,#3228);
#2248=LINE('',#13669,#3229);
#2249=LINE('',#13671,#3230);
#2250=LINE('',#13673,#3231);
#2251=LINE('',#13678,#3232);
#2252=LINE('',#13680,#3233);
#2253=LINE('',#13682,#3234);
#2254=LINE('',#13683,#3235);
#2255=LINE('',#13687,#3236);
#2256=LINE('',#13689,#3237);
#2257=LINE('',#13691,#3238);
#2258=LINE('',#13692,#3239);
#2259=LINE('',#13694,#3240);
#2260=LINE('',#13695,#3241);
#2261=LINE('',#13697,#3242);
#2262=LINE('',#13699,#3243);
#2263=LINE('',#13704,#3244);
#2264=LINE('',#13706,#3245);
#2265=LINE('',#13708,#3246);
#2266=LINE('',#13709,#3247);
#2267=LINE('',#13713,#3248);
#2268=LINE('',#13715,#3249);
#2269=LINE('',#13717,#3250);
#2270=LINE('',#13718,#3251);
#2271=LINE('',#13720,#3252);
#2272=LINE('',#13721,#3253);
#2273=LINE('',#13723,#3254);
#2274=LINE('',#13725,#3255);
#2275=LINE('',#13731,#3256);
#2276=LINE('',#13733,#3257);
#2277=LINE('',#13735,#3258);
#2278=LINE('',#13736,#3259);
#2279=LINE('',#13740,#3260);
#2280=LINE('',#13742,#3261);
#2281=LINE('',#13744,#3262);
#2282=LINE('',#13745,#3263);
#2283=LINE('',#13747,#3264);
#2284=LINE('',#13748,#3265);
#2285=LINE('',#13750,#3266);
#2286=LINE('',#13752,#3267);
#2287=LINE('',#13757,#3268);
#2288=LINE('',#13759,#3269);
#2289=LINE('',#13761,#3270);
#2290=LINE('',#13762,#3271);
#2291=LINE('',#13766,#3272);
#2292=LINE('',#13768,#3273);
#2293=LINE('',#13770,#3274);
#2294=LINE('',#13771,#3275);
#2295=LINE('',#13773,#3276);
#2296=LINE('',#13774,#3277);
#2297=LINE('',#13776,#3278);
#2298=LINE('',#13778,#3279);
#2299=LINE('',#13783,#3280);
#2300=LINE('',#13785,#3281);
#2301=LINE('',#13787,#3282);
#2302=LINE('',#13788,#3283);
#2303=LINE('',#13792,#3284);
#2304=LINE('',#13794,#3285);
#2305=LINE('',#13796,#3286);
#2306=LINE('',#13797,#3287);
#2307=LINE('',#13799,#3288);
#2308=LINE('',#13800,#3289);
#2309=LINE('',#13802,#3290);
#2310=LINE('',#13804,#3291);
#2311=LINE('',#13809,#3292);
#2312=LINE('',#13811,#3293);
#2313=LINE('',#13813,#3294);
#2314=LINE('',#13814,#3295);
#2315=LINE('',#13818,#3296);
#2316=LINE('',#13820,#3297);
#2317=LINE('',#13822,#3298);
#2318=LINE('',#13823,#3299);
#2319=LINE('',#13825,#3300);
#2320=LINE('',#13826,#3301);
#2321=LINE('',#13828,#3302);
#2322=LINE('',#13830,#3303);
#2323=LINE('',#13835,#3304);
#2324=LINE('',#13837,#3305);
#2325=LINE('',#13839,#3306);
#2326=LINE('',#13840,#3307);
#2327=LINE('',#13844,#3308);
#2328=LINE('',#13846,#3309);
#2329=LINE('',#13848,#3310);
#2330=LINE('',#13849,#3311);
#2331=LINE('',#13851,#3312);
#2332=LINE('',#13852,#3313);
#2333=LINE('',#13854,#3314);
#2334=LINE('',#13856,#3315);
#2335=LINE('',#13861,#3316);
#2336=LINE('',#13863,#3317);
#2337=LINE('',#13865,#3318);
#2338=LINE('',#13866,#3319);
#2339=LINE('',#13870,#3320);
#2340=LINE('',#13872,#3321);
#2341=LINE('',#13874,#3322);
#2342=LINE('',#13875,#3323);
#2343=LINE('',#13877,#3324);
#2344=LINE('',#13878,#3325);
#2345=LINE('',#13880,#3326);
#2346=LINE('',#13882,#3327);
#2347=LINE('',#13887,#3328);
#2348=LINE('',#13889,#3329);
#2349=LINE('',#13891,#3330);
#2350=LINE('',#13892,#3331);
#2351=LINE('',#13896,#3332);
#2352=LINE('',#13898,#3333);
#2353=LINE('',#13900,#3334);
#2354=LINE('',#13901,#3335);
#2355=LINE('',#13903,#3336);
#2356=LINE('',#13904,#3337);
#2357=LINE('',#13906,#3338);
#2358=LINE('',#13908,#3339);
#2359=LINE('',#13913,#3340);
#2360=LINE('',#13915,#3341);
#2361=LINE('',#13917,#3342);
#2362=LINE('',#13918,#3343);
#2363=LINE('',#13922,#3344);
#2364=LINE('',#13924,#3345);
#2365=LINE('',#13926,#3346);
#2366=LINE('',#13927,#3347);
#2367=LINE('',#13929,#3348);
#2368=LINE('',#13930,#3349);
#2369=LINE('',#13932,#3350);
#2370=LINE('',#13934,#3351);
#2371=LINE('',#13940,#3352);
#2372=LINE('',#13942,#3353);
#2373=LINE('',#13944,#3354);
#2374=LINE('',#13945,#3355);
#2375=LINE('',#13949,#3356);
#2376=LINE('',#13951,#3357);
#2377=LINE('',#13953,#3358);
#2378=LINE('',#13954,#3359);
#2379=LINE('',#13956,#3360);
#2380=LINE('',#13957,#3361);
#2381=LINE('',#13959,#3362);
#2382=LINE('',#13961,#3363);
#2383=LINE('',#13966,#3364);
#2384=LINE('',#13968,#3365);
#2385=LINE('',#13970,#3366);
#2386=LINE('',#13971,#3367);
#2387=LINE('',#13975,#3368);
#2388=LINE('',#13977,#3369);
#2389=LINE('',#13979,#3370);
#2390=LINE('',#13980,#3371);
#2391=LINE('',#13982,#3372);
#2392=LINE('',#13983,#3373);
#2393=LINE('',#13985,#3374);
#2394=LINE('',#13987,#3375);
#2395=LINE('',#13992,#3376);
#2396=LINE('',#13994,#3377);
#2397=LINE('',#13996,#3378);
#2398=LINE('',#13997,#3379);
#2399=LINE('',#14001,#3380);
#2400=LINE('',#14003,#3381);
#2401=LINE('',#14005,#3382);
#2402=LINE('',#14006,#3383);
#2403=LINE('',#14008,#3384);
#2404=LINE('',#14009,#3385);
#2405=LINE('',#14011,#3386);
#2406=LINE('',#14013,#3387);
#2407=LINE('',#14018,#3388);
#2408=LINE('',#14020,#3389);
#2409=LINE('',#14022,#3390);
#2410=LINE('',#14023,#3391);
#2411=LINE('',#14027,#3392);
#2412=LINE('',#14029,#3393);
#2413=LINE('',#14031,#3394);
#2414=LINE('',#14032,#3395);
#2415=LINE('',#14034,#3396);
#2416=LINE('',#14035,#3397);
#2417=LINE('',#14037,#3398);
#2418=LINE('',#14039,#3399);
#2419=LINE('',#14044,#3400);
#2420=LINE('',#14046,#3401);
#2421=LINE('',#14048,#3402);
#2422=LINE('',#14049,#3403);
#2423=LINE('',#14053,#3404);
#2424=LINE('',#14055,#3405);
#2425=LINE('',#14057,#3406);
#2426=LINE('',#14058,#3407);
#2427=LINE('',#14060,#3408);
#2428=LINE('',#14061,#3409);
#2429=LINE('',#14063,#3410);
#2430=LINE('',#14065,#3411);
#2431=LINE('',#14070,#3412);
#2432=LINE('',#14072,#3413);
#2433=LINE('',#14074,#3414);
#2434=LINE('',#14075,#3415);
#2435=LINE('',#14079,#3416);
#2436=LINE('',#14081,#3417);
#2437=LINE('',#14083,#3418);
#2438=LINE('',#14084,#3419);
#2439=LINE('',#14086,#3420);
#2440=LINE('',#14087,#3421);
#2441=LINE('',#14089,#3422);
#2442=LINE('',#14091,#3423);
#2443=LINE('',#14096,#3424);
#2444=LINE('',#14098,#3425);
#2445=LINE('',#14100,#3426);
#2446=LINE('',#14101,#3427);
#2447=LINE('',#14105,#3428);
#2448=LINE('',#14107,#3429);
#2449=LINE('',#14109,#3430);
#2450=LINE('',#14110,#3431);
#2451=LINE('',#14112,#3432);
#2452=LINE('',#14113,#3433);
#2453=LINE('',#14115,#3434);
#2454=LINE('',#14117,#3435);
#2455=LINE('',#14122,#3436);
#2456=LINE('',#14124,#3437);
#2457=LINE('',#14126,#3438);
#2458=LINE('',#14127,#3439);
#2459=LINE('',#14131,#3440);
#2460=LINE('',#14133,#3441);
#2461=LINE('',#14135,#3442);
#2462=LINE('',#14136,#3443);
#2463=LINE('',#14138,#3444);
#2464=LINE('',#14139,#3445);
#2465=LINE('',#14141,#3446);
#2466=LINE('',#14143,#3447);
#2467=LINE('',#14148,#3448);
#2468=LINE('',#14150,#3449);
#2469=LINE('',#14152,#3450);
#2470=LINE('',#14153,#3451);
#2471=LINE('',#14157,#3452);
#2472=LINE('',#14159,#3453);
#2473=LINE('',#14161,#3454);
#2474=LINE('',#14162,#3455);
#2475=LINE('',#14164,#3456);
#2476=LINE('',#14165,#3457);
#2477=LINE('',#14167,#3458);
#2478=LINE('',#14169,#3459);
#2479=LINE('',#14174,#3460);
#2480=LINE('',#14176,#3461);
#2481=LINE('',#14178,#3462);
#2482=LINE('',#14179,#3463);
#2483=LINE('',#14183,#3464);
#2484=LINE('',#14185,#3465);
#2485=LINE('',#14187,#3466);
#2486=LINE('',#14188,#3467);
#2487=LINE('',#14190,#3468);
#2488=LINE('',#14191,#3469);
#2489=LINE('',#14193,#3470);
#2490=LINE('',#14195,#3471);
#2491=LINE('',#14202,#3472);
#2492=LINE('',#14208,#3473);
#2493=LINE('',#14214,#3474);
#2494=LINE('',#14220,#3475);
#2495=LINE('',#14226,#3476);
#2496=LINE('',#14232,#3477);
#2497=LINE('',#14238,#3478);
#2498=LINE('',#14244,#3479);
#2499=LINE('',#14249,#3480);
#2500=LINE('',#14251,#3481);
#2501=LINE('',#14253,#3482);
#2502=LINE('',#14254,#3483);
#2503=LINE('',#14258,#3484);
#2504=LINE('',#14260,#3485);
#2505=LINE('',#14262,#3486);
#2506=LINE('',#14263,#3487);
#2507=LINE('',#14265,#3488);
#2508=LINE('',#14266,#3489);
#2509=LINE('',#14268,#3490);
#2510=LINE('',#14270,#3491);
#2511=LINE('',#14275,#3492);
#2512=LINE('',#14277,#3493);
#2513=LINE('',#14279,#3494);
#2514=LINE('',#14280,#3495);
#2515=LINE('',#14284,#3496);
#2516=LINE('',#14286,#3497);
#2517=LINE('',#14288,#3498);
#2518=LINE('',#14289,#3499);
#2519=LINE('',#14291,#3500);
#2520=LINE('',#14292,#3501);
#2521=LINE('',#14294,#3502);
#2522=LINE('',#14296,#3503);
#2523=LINE('',#14301,#3504);
#2524=LINE('',#14303,#3505);
#2525=LINE('',#14305,#3506);
#2526=LINE('',#14306,#3507);
#2527=LINE('',#14310,#3508);
#2528=LINE('',#14312,#3509);
#2529=LINE('',#14314,#3510);
#2530=LINE('',#14315,#3511);
#2531=LINE('',#14317,#3512);
#2532=LINE('',#14318,#3513);
#2533=LINE('',#14320,#3514);
#2534=LINE('',#14322,#3515);
#2535=LINE('',#14327,#3516);
#2536=LINE('',#14329,#3517);
#2537=LINE('',#14331,#3518);
#2538=LINE('',#14332,#3519);
#2539=LINE('',#14336,#3520);
#2540=LINE('',#14338,#3521);
#2541=LINE('',#14340,#3522);
#2542=LINE('',#14341,#3523);
#2543=LINE('',#14343,#3524);
#2544=LINE('',#14344,#3525);
#2545=LINE('',#14346,#3526);
#2546=LINE('',#14348,#3527);
#2547=LINE('',#14354,#3528);
#2548=LINE('',#14360,#3529);
#2549=LINE('',#14368,#3530);
#2550=LINE('',#14374,#3531);
#2551=LINE('',#14382,#3532);
#2552=LINE('',#14388,#3533);
#2553=LINE('',#14396,#3534);
#2554=LINE('',#14402,#3535);
#2555=LINE('',#14410,#3536);
#2556=LINE('',#14416,#3537);
#2557=LINE('',#14424,#3538);
#2558=LINE('',#14430,#3539);
#2559=LINE('',#14438,#3540);
#2560=LINE('',#14444,#3541);
#2561=LINE('',#14452,#3542);
#2562=LINE('',#14458,#3543);
#2563=LINE('',#14466,#3544);
#2564=LINE('',#14472,#3545);
#2565=LINE('',#14478,#3546);
#2566=LINE('',#14484,#3547);
#2567=LINE('',#14489,#3548);
#2568=LINE('',#14491,#3549);
#2569=LINE('',#14493,#3550);
#2570=LINE('',#14494,#3551);
#2571=LINE('',#14498,#3552);
#2572=LINE('',#14500,#3553);
#2573=LINE('',#14502,#3554);
#2574=LINE('',#14503,#3555);
#2575=LINE('',#14505,#3556);
#2576=LINE('',#14506,#3557);
#2577=LINE('',#14508,#3558);
#2578=LINE('',#14510,#3559);
#2579=LINE('',#14516,#3560);
#2580=LINE('',#14522,#3561);
#2581=LINE('',#14528,#3562);
#2582=LINE('',#14534,#3563);
#2583=LINE('',#14539,#3564);
#2584=LINE('',#14541,#3565);
#2585=LINE('',#14543,#3566);
#2586=LINE('',#14544,#3567);
#2587=LINE('',#14548,#3568);
#2588=LINE('',#14550,#3569);
#2589=LINE('',#14552,#3570);
#2590=LINE('',#14553,#3571);
#2591=LINE('',#14555,#3572);
#2592=LINE('',#14556,#3573);
#2593=LINE('',#14558,#3574);
#2594=LINE('',#14560,#3575);
#2595=LINE('',#14566,#3576);
#2596=LINE('',#14572,#3577);
#2597=LINE('',#14580,#3578);
#2598=LINE('',#14586,#3579);
#2599=LINE('',#14594,#3580);
#2600=LINE('',#14600,#3581);
#2601=LINE('',#14608,#3582);
#2602=LINE('',#14614,#3583);
#2603=LINE('',#14622,#3584);
#2604=LINE('',#14628,#3585);
#2605=LINE('',#14636,#3586);
#2606=LINE('',#14642,#3587);
#2607=LINE('',#14650,#3588);
#2608=LINE('',#14656,#3589);
#2609=LINE('',#14664,#3590);
#2610=LINE('',#14670,#3591);
#2611=LINE('',#14677,#3592);
#2612=LINE('',#14679,#3593);
#2613=LINE('',#14681,#3594);
#2614=LINE('',#14682,#3595);
#2615=LINE('',#14686,#3596);
#2616=LINE('',#14688,#3597);
#2617=LINE('',#14690,#3598);
#2618=LINE('',#14691,#3599);
#2619=LINE('',#14693,#3600);
#2620=LINE('',#14694,#3601);
#2621=LINE('',#14696,#3602);
#2622=LINE('',#14698,#3603);
#2623=LINE('',#14703,#3604);
#2624=LINE('',#14705,#3605);
#2625=LINE('',#14707,#3606);
#2626=LINE('',#14708,#3607);
#2627=LINE('',#14712,#3608);
#2628=LINE('',#14714,#3609);
#2629=LINE('',#14716,#3610);
#2630=LINE('',#14717,#3611);
#2631=LINE('',#14719,#3612);
#2632=LINE('',#14720,#3613);
#2633=LINE('',#14722,#3614);
#2634=LINE('',#14724,#3615);
#2635=LINE('',#14729,#3616);
#2636=LINE('',#14731,#3617);
#2637=LINE('',#14733,#3618);
#2638=LINE('',#14734,#3619);
#2639=LINE('',#14738,#3620);
#2640=LINE('',#14740,#3621);
#2641=LINE('',#14742,#3622);
#2642=LINE('',#14743,#3623);
#2643=LINE('',#14745,#3624);
#2644=LINE('',#14746,#3625);
#2645=LINE('',#14748,#3626);
#2646=LINE('',#14750,#3627);
#2647=LINE('',#14757,#3628);
#2648=LINE('',#14765,#3629);
#2649=LINE('',#14773,#3630);
#2650=LINE('',#14781,#3631);
#2651=LINE('',#14788,#3632);
#2652=LINE('',#14790,#3633);
#2653=LINE('',#14792,#3634);
#2654=LINE('',#14793,#3635);
#2655=LINE('',#14797,#3636);
#2656=LINE('',#14799,#3637);
#2657=LINE('',#14801,#3638);
#2658=LINE('',#14802,#3639);
#2659=LINE('',#14804,#3640);
#2660=LINE('',#14805,#3641);
#2661=LINE('',#14807,#3642);
#2662=LINE('',#14809,#3643);
#2663=LINE('',#14814,#3644);
#2664=LINE('',#14816,#3645);
#2665=LINE('',#14818,#3646);
#2666=LINE('',#14819,#3647);
#2667=LINE('',#14823,#3648);
#2668=LINE('',#14825,#3649);
#2669=LINE('',#14827,#3650);
#2670=LINE('',#14828,#3651);
#2671=LINE('',#14830,#3652);
#2672=LINE('',#14831,#3653);
#2673=LINE('',#14833,#3654);
#2674=LINE('',#14835,#3655);
#2675=LINE('',#14840,#3656);
#2676=LINE('',#14842,#3657);
#2677=LINE('',#14844,#3658);
#2678=LINE('',#14845,#3659);
#2679=LINE('',#14849,#3660);
#2680=LINE('',#14851,#3661);
#2681=LINE('',#14853,#3662);
#2682=LINE('',#14854,#3663);
#2683=LINE('',#14856,#3664);
#2684=LINE('',#14857,#3665);
#2685=LINE('',#14859,#3666);
#2686=LINE('',#14861,#3667);
#2687=LINE('',#14867,#3668);
#2688=LINE('',#14874,#3669);
#2689=LINE('',#14876,#3670);
#2690=LINE('',#14878,#3671);
#2691=LINE('',#14879,#3672);
#2692=LINE('',#14883,#3673);
#2693=LINE('',#14885,#3674);
#2694=LINE('',#14887,#3675);
#2695=LINE('',#14888,#3676);
#2696=LINE('',#14890,#3677);
#2697=LINE('',#14891,#3678);
#2698=LINE('',#14893,#3679);
#2699=LINE('',#14895,#3680);
#2700=LINE('',#14901,#3681);
#2701=LINE('',#14909,#3682);
#2702=LINE('',#14917,#3683);
#2703=LINE('',#14925,#3684);
#2704=LINE('',#14932,#3685);
#2705=LINE('',#14934,#3686);
#2706=LINE('',#14936,#3687);
#2707=LINE('',#14937,#3688);
#2708=LINE('',#14941,#3689);
#2709=LINE('',#14943,#3690);
#2710=LINE('',#14945,#3691);
#2711=LINE('',#14946,#3692);
#2712=LINE('',#14948,#3693);
#2713=LINE('',#14949,#3694);
#2714=LINE('',#14951,#3695);
#2715=LINE('',#14953,#3696);
#2716=LINE('',#14958,#3697);
#2717=LINE('',#14960,#3698);
#2718=LINE('',#14962,#3699);
#2719=LINE('',#14963,#3700);
#2720=LINE('',#14967,#3701);
#2721=LINE('',#14969,#3702);
#2722=LINE('',#14971,#3703);
#2723=LINE('',#14972,#3704);
#2724=LINE('',#14974,#3705);
#2725=LINE('',#14975,#3706);
#2726=LINE('',#14977,#3707);
#2727=LINE('',#14979,#3708);
#2728=LINE('',#14984,#3709);
#2729=LINE('',#14986,#3710);
#2730=LINE('',#14988,#3711);
#2731=LINE('',#14989,#3712);
#2732=LINE('',#14993,#3713);
#2733=LINE('',#14995,#3714);
#2734=LINE('',#14997,#3715);
#2735=LINE('',#14998,#3716);
#2736=LINE('',#15000,#3717);
#2737=LINE('',#15001,#3718);
#2738=LINE('',#15003,#3719);
#2739=LINE('',#15005,#3720);
#2740=LINE('',#15011,#3721);
#2741=LINE('',#15018,#3722);
#2742=LINE('',#15020,#3723);
#2743=LINE('',#15022,#3724);
#2744=LINE('',#15023,#3725);
#2745=LINE('',#15027,#3726);
#2746=LINE('',#15029,#3727);
#2747=LINE('',#15031,#3728);
#2748=LINE('',#15032,#3729);
#2749=LINE('',#15034,#3730);
#2750=LINE('',#15035,#3731);
#2751=LINE('',#15037,#3732);
#2752=LINE('',#15039,#3733);
#2753=LINE('',#15046,#3734);
#2754=LINE('',#15054,#3735);
#2755=LINE('',#15062,#3736);
#2756=LINE('',#15070,#3737);
#2757=LINE('',#15077,#3738);
#2758=LINE('',#15079,#3739);
#2759=LINE('',#15081,#3740);
#2760=LINE('',#15082,#3741);
#2761=LINE('',#15086,#3742);
#2762=LINE('',#15088,#3743);
#2763=LINE('',#15090,#3744);
#2764=LINE('',#15091,#3745);
#2765=LINE('',#15093,#3746);
#2766=LINE('',#15094,#3747);
#2767=LINE('',#15096,#3748);
#2768=LINE('',#15098,#3749);
#2769=LINE('',#15103,#3750);
#2770=LINE('',#15105,#3751);
#2771=LINE('',#15107,#3752);
#2772=LINE('',#15108,#3753);
#2773=LINE('',#15112,#3754);
#2774=LINE('',#15114,#3755);
#2775=LINE('',#15116,#3756);
#2776=LINE('',#15117,#3757);
#2777=LINE('',#15119,#3758);
#2778=LINE('',#15120,#3759);
#2779=LINE('',#15122,#3760);
#2780=LINE('',#15124,#3761);
#2781=LINE('',#15129,#3762);
#2782=LINE('',#15131,#3763);
#2783=LINE('',#15133,#3764);
#2784=LINE('',#15134,#3765);
#2785=LINE('',#15138,#3766);
#2786=LINE('',#15140,#3767);
#2787=LINE('',#15142,#3768);
#2788=LINE('',#15143,#3769);
#2789=LINE('',#15145,#3770);
#2790=LINE('',#15146,#3771);
#2791=LINE('',#15148,#3772);
#2792=LINE('',#15150,#3773);
#2793=LINE('',#15155,#3774);
#2794=LINE('',#15157,#3775);
#2795=LINE('',#15159,#3776);
#2796=LINE('',#15160,#3777);
#2797=LINE('',#15164,#3778);
#2798=LINE('',#15166,#3779);
#2799=LINE('',#15168,#3780);
#2800=LINE('',#15169,#3781);
#2801=LINE('',#15171,#3782);
#2802=LINE('',#15172,#3783);
#2803=LINE('',#15174,#3784);
#2804=LINE('',#15176,#3785);
#2805=LINE('',#15181,#3786);
#2806=LINE('',#15183,#3787);
#2807=LINE('',#15185,#3788);
#2808=LINE('',#15186,#3789);
#2809=LINE('',#15190,#3790);
#2810=LINE('',#15192,#3791);
#2811=LINE('',#15194,#3792);
#2812=LINE('',#15195,#3793);
#2813=LINE('',#15197,#3794);
#2814=LINE('',#15198,#3795);
#2815=LINE('',#15200,#3796);
#2816=LINE('',#15202,#3797);
#2817=LINE('',#15208,#3798);
#2818=LINE('',#15210,#3799);
#2819=LINE('',#15212,#3800);
#2820=LINE('',#15213,#3801);
#2821=LINE('',#15217,#3802);
#2822=LINE('',#15219,#3803);
#2823=LINE('',#15221,#3804);
#2824=LINE('',#15222,#3805);
#2825=LINE('',#15224,#3806);
#2826=LINE('',#15225,#3807);
#2827=LINE('',#15227,#3808);
#2828=LINE('',#15229,#3809);
#2829=LINE('',#15234,#3810);
#2830=LINE('',#15236,#3811);
#2831=LINE('',#15238,#3812);
#2832=LINE('',#15239,#3813);
#2833=LINE('',#15243,#3814);
#2834=LINE('',#15245,#3815);
#2835=LINE('',#15247,#3816);
#2836=LINE('',#15248,#3817);
#2837=LINE('',#15250,#3818);
#2838=LINE('',#15251,#3819);
#2839=LINE('',#15253,#3820);
#2840=LINE('',#15255,#3821);
#2841=LINE('',#15260,#3822);
#2842=LINE('',#15262,#3823);
#2843=LINE('',#15264,#3824);
#2844=LINE('',#15265,#3825);
#2845=LINE('',#15269,#3826);
#2846=LINE('',#15271,#3827);
#2847=LINE('',#15273,#3828);
#2848=LINE('',#15274,#3829);
#2849=LINE('',#15276,#3830);
#2850=LINE('',#15277,#3831);
#2851=LINE('',#15279,#3832);
#2852=LINE('',#15281,#3833);
#2853=LINE('',#15286,#3834);
#2854=LINE('',#15288,#3835);
#2855=LINE('',#15290,#3836);
#2856=LINE('',#15291,#3837);
#2857=LINE('',#15295,#3838);
#2858=LINE('',#15297,#3839);
#2859=LINE('',#15299,#3840);
#2860=LINE('',#15300,#3841);
#2861=LINE('',#15302,#3842);
#2862=LINE('',#15303,#3843);
#2863=LINE('',#15305,#3844);
#2864=LINE('',#15307,#3845);
#2865=LINE('',#15312,#3846);
#2866=LINE('',#15314,#3847);
#2867=LINE('',#15316,#3848);
#2868=LINE('',#15317,#3849);
#2869=LINE('',#15321,#3850);
#2870=LINE('',#15323,#3851);
#2871=LINE('',#15325,#3852);
#2872=LINE('',#15326,#3853);
#2873=LINE('',#15328,#3854);
#2874=LINE('',#15329,#3855);
#2875=LINE('',#15331,#3856);
#2876=LINE('',#15333,#3857);
#2877=LINE('',#15338,#3858);
#2878=LINE('',#15340,#3859);
#2879=LINE('',#15342,#3860);
#2880=LINE('',#15343,#3861);
#2881=LINE('',#15347,#3862);
#2882=LINE('',#15349,#3863);
#2883=LINE('',#15351,#3864);
#2884=LINE('',#15352,#3865);
#2885=LINE('',#15354,#3866);
#2886=LINE('',#15355,#3867);
#2887=LINE('',#15357,#3868);
#2888=LINE('',#15359,#3869);
#2889=LINE('',#15365,#3870);
#2890=LINE('',#15370,#3871);
#2891=LINE('',#15372,#3872);
#2892=LINE('',#15374,#3873);
#2893=LINE('',#15375,#3874);
#2894=LINE('',#15379,#3875);
#2895=LINE('',#15381,#3876);
#2896=LINE('',#15383,#3877);
#2897=LINE('',#15384,#3878);
#2898=LINE('',#15386,#3879);
#2899=LINE('',#15387,#3880);
#2900=LINE('',#15389,#3881);
#2901=LINE('',#15391,#3882);
#2902=LINE('',#15397,#3883);
#2903=LINE('',#15402,#3884);
#2904=LINE('',#15404,#3885);
#2905=LINE('',#15406,#3886);
#2906=LINE('',#15407,#3887);
#2907=LINE('',#15411,#3888);
#2908=LINE('',#15413,#3889);
#2909=LINE('',#15415,#3890);
#2910=LINE('',#15416,#3891);
#2911=LINE('',#15418,#3892);
#2912=LINE('',#15419,#3893);
#2913=LINE('',#15421,#3894);
#2914=LINE('',#15423,#3895);
#2915=LINE('',#15429,#3896);
#2916=LINE('',#15434,#3897);
#2917=LINE('',#15436,#3898);
#2918=LINE('',#15438,#3899);
#2919=LINE('',#15439,#3900);
#2920=LINE('',#15443,#3901);
#2921=LINE('',#15445,#3902);
#2922=LINE('',#15447,#3903);
#2923=LINE('',#15448,#3904);
#2924=LINE('',#15450,#3905);
#2925=LINE('',#15451,#3906);
#2926=LINE('',#15453,#3907);
#2927=LINE('',#15455,#3908);
#2928=LINE('',#15461,#3909);
#2929=LINE('',#15466,#3910);
#2930=LINE('',#15468,#3911);
#2931=LINE('',#15470,#3912);
#2932=LINE('',#15471,#3913);
#2933=LINE('',#15475,#3914);
#2934=LINE('',#15477,#3915);
#2935=LINE('',#15479,#3916);
#2936=LINE('',#15480,#3917);
#2937=LINE('',#15482,#3918);
#2938=LINE('',#15483,#3919);
#2939=LINE('',#15485,#3920);
#2940=LINE('',#15487,#3921);
#2941=LINE('',#15492,#3922);
#2942=LINE('',#15494,#3923);
#2943=LINE('',#15496,#3924);
#2944=LINE('',#15497,#3925);
#2945=LINE('',#15501,#3926);
#2946=LINE('',#15503,#3927);
#2947=LINE('',#15505,#3928);
#2948=LINE('',#15506,#3929);
#2949=LINE('',#15508,#3930);
#2950=LINE('',#15509,#3931);
#2951=LINE('',#15511,#3932);
#2952=LINE('',#15513,#3933);
#2953=LINE('',#15520,#3934);
#2954=LINE('',#15525,#3935);
#2955=LINE('',#15527,#3936);
#2956=LINE('',#15529,#3937);
#2957=LINE('',#15530,#3938);
#2958=LINE('',#15534,#3939);
#2959=LINE('',#15536,#3940);
#2960=LINE('',#15538,#3941);
#2961=LINE('',#15539,#3942);
#2962=LINE('',#15541,#3943);
#2963=LINE('',#15542,#3944);
#2964=LINE('',#15544,#3945);
#2965=LINE('',#15546,#3946);
#2966=LINE('',#15552,#3947);
#2967=LINE('',#15558,#3948);
#2968=LINE('',#15566,#3949);
#2969=LINE('',#15572,#3950);
#2970=LINE('',#15580,#3951);
#2971=LINE('',#15585,#3952);
#2972=LINE('',#15587,#3953);
#2973=LINE('',#15589,#3954);
#2974=LINE('',#15590,#3955);
#2975=LINE('',#15594,#3956);
#2976=LINE('',#15596,#3957);
#2977=LINE('',#15598,#3958);
#2978=LINE('',#15599,#3959);
#2979=LINE('',#15601,#3960);
#2980=LINE('',#15602,#3961);
#2981=LINE('',#15604,#3962);
#2982=LINE('',#15606,#3963);
#2983=LINE('',#15612,#3964);
#2984=LINE('',#15618,#3965);
#2985=LINE('',#15626,#3966);
#2986=LINE('',#15632,#3967);
#2987=LINE('',#15640,#3968);
#2988=LINE('',#15645,#3969);
#2989=LINE('',#15647,#3970);
#2990=LINE('',#15649,#3971);
#2991=LINE('',#15650,#3972);
#2992=LINE('',#15654,#3973);
#2993=LINE('',#15656,#3974);
#2994=LINE('',#15658,#3975);
#2995=LINE('',#15659,#3976);
#2996=LINE('',#15661,#3977);
#2997=LINE('',#15662,#3978);
#2998=LINE('',#15664,#3979);
#2999=LINE('',#15666,#3980);
#3000=LINE('',#15672,#3981);
#3001=LINE('',#15678,#3982);
#3002=LINE('',#15686,#3983);
#3003=LINE('',#15692,#3984);
#3004=LINE('',#15700,#3985);
#3005=LINE('',#15705,#3986);
#3006=LINE('',#15707,#3987);
#3007=LINE('',#15709,#3988);
#3008=LINE('',#15710,#3989);
#3009=LINE('',#15714,#3990);
#3010=LINE('',#15716,#3991);
#3011=LINE('',#15718,#3992);
#3012=LINE('',#15719,#3993);
#3013=LINE('',#15721,#3994);
#3014=LINE('',#15722,#3995);
#3015=LINE('',#15724,#3996);
#3016=LINE('',#15726,#3997);
#3017=LINE('',#15732,#3998);
#3018=LINE('',#15738,#3999);
#3019=LINE('',#15746,#4000);
#3020=LINE('',#15752,#4001);
#3021=VECTOR('',#10525,10.);
#3022=VECTOR('',#10526,10.);
#3023=VECTOR('',#10527,10.);
#3024=VECTOR('',#10528,10.);
#3025=VECTOR('',#10531,10.);
#3026=VECTOR('',#10532,10.);
#3027=VECTOR('',#10533,10.);
#3028=VECTOR('',#10534,10.);
#3029=VECTOR('',#10537,10.);
#3030=VECTOR('',#10538,10.);
#3031=VECTOR('',#10541,10.);
#3032=VECTOR('',#10544,10.);
#3033=VECTOR('',#10549,10.);
#3034=VECTOR('',#10550,10.);
#3035=VECTOR('',#10551,10.);
#3036=VECTOR('',#10552,10.);
#3037=VECTOR('',#10555,10.);
#3038=VECTOR('',#10556,10.);
#3039=VECTOR('',#10557,10.);
#3040=VECTOR('',#10558,10.);
#3041=VECTOR('',#10561,10.);
#3042=VECTOR('',#10562,10.);
#3043=VECTOR('',#10565,10.);
#3044=VECTOR('',#10568,10.);
#3045=VECTOR('',#10573,10.);
#3046=VECTOR('',#10574,10.);
#3047=VECTOR('',#10575,10.);
#3048=VECTOR('',#10576,10.);
#3049=VECTOR('',#10579,10.);
#3050=VECTOR('',#10580,10.);
#3051=VECTOR('',#10581,10.);
#3052=VECTOR('',#10582,10.);
#3053=VECTOR('',#10585,10.);
#3054=VECTOR('',#10586,10.);
#3055=VECTOR('',#10589,10.);
#3056=VECTOR('',#10592,10.);
#3057=VECTOR('',#10601,8.);
#3058=VECTOR('',#10610,10.);
#3059=VECTOR('',#10611,10.);
#3060=VECTOR('',#10612,10.);
#3061=VECTOR('',#10613,10.);
#3062=VECTOR('',#10616,10.);
#3063=VECTOR('',#10617,10.);
#3064=VECTOR('',#10618,10.);
#3065=VECTOR('',#10619,10.);
#3066=VECTOR('',#10622,10.);
#3067=VECTOR('',#10623,10.);
#3068=VECTOR('',#10626,10.);
#3069=VECTOR('',#10629,10.);
#3070=VECTOR('',#10634,10.);
#3071=VECTOR('',#10635,10.);
#3072=VECTOR('',#10636,10.);
#3073=VECTOR('',#10637,10.);
#3074=VECTOR('',#10640,10.);
#3075=VECTOR('',#10641,10.);
#3076=VECTOR('',#10642,10.);
#3077=VECTOR('',#10643,10.);
#3078=VECTOR('',#10646,10.);
#3079=VECTOR('',#10647,10.);
#3080=VECTOR('',#10650,10.);
#3081=VECTOR('',#10653,10.);
#3082=VECTOR('',#10660,10.);
#3083=VECTOR('',#10661,10.);
#3084=VECTOR('',#10662,10.);
#3085=VECTOR('',#10663,10.);
#3086=VECTOR('',#10666,10.);
#3087=VECTOR('',#10667,10.);
#3088=VECTOR('',#10668,10.);
#3089=VECTOR('',#10669,10.);
#3090=VECTOR('',#10672,10.);
#3091=VECTOR('',#10673,10.);
#3092=VECTOR('',#10676,10.);
#3093=VECTOR('',#10679,10.);
#3094=VECTOR('',#10686,8.);
#3095=VECTOR('',#10697,8.);
#3096=VECTOR('',#10706,10.);
#3097=VECTOR('',#10707,10.);
#3098=VECTOR('',#10708,10.);
#3099=VECTOR('',#10709,10.);
#3100=VECTOR('',#10712,10.);
#3101=VECTOR('',#10713,10.);
#3102=VECTOR('',#10714,10.);
#3103=VECTOR('',#10715,10.);
#3104=VECTOR('',#10718,10.);
#3105=VECTOR('',#10719,10.);
#3106=VECTOR('',#10722,10.);
#3107=VECTOR('',#10725,10.);
#3108=VECTOR('',#10732,8.);
#3109=VECTOR('',#10743,8.);
#3110=VECTOR('',#10752,10.);
#3111=VECTOR('',#10753,10.);
#3112=VECTOR('',#10754,10.);
#3113=VECTOR('',#10755,10.);
#3114=VECTOR('',#10758,10.);
#3115=VECTOR('',#10759,10.);
#3116=VECTOR('',#10760,10.);
#3117=VECTOR('',#10761,10.);
#3118=VECTOR('',#10764,10.);
#3119=VECTOR('',#10765,10.);
#3120=VECTOR('',#10768,10.);
#3121=VECTOR('',#10771,10.);
#3122=VECTOR('',#10778,8.);
#3123=VECTOR('',#10789,8.);
#3124=VECTOR('',#10800,10.);
#3125=VECTOR('',#10801,10.);
#3126=VECTOR('',#10802,10.);
#3127=VECTOR('',#10803,10.);
#3128=VECTOR('',#10806,10.);
#3129=VECTOR('',#10807,10.);
#3130=VECTOR('',#10808,10.);
#3131=VECTOR('',#10809,10.);
#3132=VECTOR('',#10812,10.);
#3133=VECTOR('',#10813,10.);
#3134=VECTOR('',#10816,10.);
#3135=VECTOR('',#10819,10.);
#3136=VECTOR('',#10824,10.);
#3137=VECTOR('',#10825,10.);
#3138=VECTOR('',#10826,10.);
#3139=VECTOR('',#10827,10.);
#3140=VECTOR('',#10830,10.);
#3141=VECTOR('',#10831,10.);
#3142=VECTOR('',#10832,10.);
#3143=VECTOR('',#10833,10.);
#3144=VECTOR('',#10836,10.);
#3145=VECTOR('',#10837,10.);
#3146=VECTOR('',#10840,10.);
#3147=VECTOR('',#10843,10.);
#3148=VECTOR('',#10848,10.);
#3149=VECTOR('',#10849,10.);
#3150=VECTOR('',#10850,10.);
#3151=VECTOR('',#10851,10.);
#3152=VECTOR('',#10854,10.);
#3153=VECTOR('',#10855,10.);
#3154=VECTOR('',#10856,10.);
#3155=VECTOR('',#10857,10.);
#3156=VECTOR('',#10860,10.);
#3157=VECTOR('',#10861,10.);
#3158=VECTOR('',#10864,10.);
#3159=VECTOR('',#10867,10.);
#3160=VECTOR('',#10872,10.);
#3161=VECTOR('',#10873,10.);
#3162=VECTOR('',#10874,10.);
#3163=VECTOR('',#10875,10.);
#3164=VECTOR('',#10878,10.);
#3165=VECTOR('',#10879,10.);
#3166=VECTOR('',#10880,10.);
#3167=VECTOR('',#10881,10.);
#3168=VECTOR('',#10884,10.);
#3169=VECTOR('',#10885,10.);
#3170=VECTOR('',#10888,10.);
#3171=VECTOR('',#10891,10.);
#3172=VECTOR('',#10896,10.);
#3173=VECTOR('',#10897,10.);
#3174=VECTOR('',#10898,10.);
#3175=VECTOR('',#10899,10.);
#3176=VECTOR('',#10902,10.);
#3177=VECTOR('',#10903,10.);
#3178=VECTOR('',#10904,10.);
#3179=VECTOR('',#10905,10.);
#3180=VECTOR('',#10908,10.);
#3181=VECTOR('',#10909,10.);
#3182=VECTOR('',#10912,10.);
#3183=VECTOR('',#10915,10.);
#3184=VECTOR('',#10920,10.);
#3185=VECTOR('',#10921,10.);
#3186=VECTOR('',#10922,10.);
#3187=VECTOR('',#10923,10.);
#3188=VECTOR('',#10926,10.);
#3189=VECTOR('',#10927,10.);
#3190=VECTOR('',#10928,10.);
#3191=VECTOR('',#10929,10.);
#3192=VECTOR('',#10932,10.);
#3193=VECTOR('',#10933,10.);
#3194=VECTOR('',#10936,10.);
#3195=VECTOR('',#10939,10.);
#3196=VECTOR('',#10944,10.);
#3197=VECTOR('',#10945,10.);
#3198=VECTOR('',#10946,10.);
#3199=VECTOR('',#10947,10.);
#3200=VECTOR('',#10950,10.);
#3201=VECTOR('',#10951,10.);
#3202=VECTOR('',#10952,10.);
#3203=VECTOR('',#10953,10.);
#3204=VECTOR('',#10956,10.);
#3205=VECTOR('',#10957,10.);
#3206=VECTOR('',#10960,10.);
#3207=VECTOR('',#10963,10.);
#3208=VECTOR('',#10968,10.);
#3209=VECTOR('',#10969,10.);
#3210=VECTOR('',#10970,10.);
#3211=VECTOR('',#10971,10.);
#3212=VECTOR('',#10974,10.);
#3213=VECTOR('',#10975,10.);
#3214=VECTOR('',#10976,10.);
#3215=VECTOR('',#10977,10.);
#3216=VECTOR('',#10980,10.);
#3217=VECTOR('',#10981,10.);
#3218=VECTOR('',#10984,10.);
#3219=VECTOR('',#10987,10.);
#3220=VECTOR('',#10992,10.);
#3221=VECTOR('',#10993,10.);
#3222=VECTOR('',#10994,10.);
#3223=VECTOR('',#10995,10.);
#3224=VECTOR('',#10998,10.);
#3225=VECTOR('',#10999,10.);
#3226=VECTOR('',#11000,10.);
#3227=VECTOR('',#11001,10.);
#3228=VECTOR('',#11004,10.);
#3229=VECTOR('',#11005,10.);
#3230=VECTOR('',#11008,10.);
#3231=VECTOR('',#11011,10.);
#3232=VECTOR('',#11016,10.);
#3233=VECTOR('',#11017,10.);
#3234=VECTOR('',#11018,10.);
#3235=VECTOR('',#11019,10.);
#3236=VECTOR('',#11022,10.);
#3237=VECTOR('',#11023,10.);
#3238=VECTOR('',#11024,10.);
#3239=VECTOR('',#11025,10.);
#3240=VECTOR('',#11028,10.);
#3241=VECTOR('',#11029,10.);
#3242=VECTOR('',#11032,10.);
#3243=VECTOR('',#11035,10.);
#3244=VECTOR('',#11040,10.);
#3245=VECTOR('',#11041,10.);
#3246=VECTOR('',#11042,10.);
#3247=VECTOR('',#11043,10.);
#3248=VECTOR('',#11046,10.);
#3249=VECTOR('',#11047,10.);
#3250=VECTOR('',#11048,10.);
#3251=VECTOR('',#11049,10.);
#3252=VECTOR('',#11052,10.);
#3253=VECTOR('',#11053,10.);
#3254=VECTOR('',#11056,10.);
#3255=VECTOR('',#11059,10.);
#3256=VECTOR('',#11066,10.);
#3257=VECTOR('',#11067,10.);
#3258=VECTOR('',#11068,10.);
#3259=VECTOR('',#11069,10.);
#3260=VECTOR('',#11072,10.);
#3261=VECTOR('',#11073,10.);
#3262=VECTOR('',#11074,10.);
#3263=VECTOR('',#11075,10.);
#3264=VECTOR('',#11078,10.);
#3265=VECTOR('',#11079,10.);
#3266=VECTOR('',#11082,10.);
#3267=VECTOR('',#11085,10.);
#3268=VECTOR('',#11090,10.);
#3269=VECTOR('',#11091,10.);
#3270=VECTOR('',#11092,10.);
#3271=VECTOR('',#11093,10.);
#3272=VECTOR('',#11096,10.);
#3273=VECTOR('',#11097,10.);
#3274=VECTOR('',#11098,10.);
#3275=VECTOR('',#11099,10.);
#3276=VECTOR('',#11102,10.);
#3277=VECTOR('',#11103,10.);
#3278=VECTOR('',#11106,10.);
#3279=VECTOR('',#11109,10.);
#3280=VECTOR('',#11114,10.);
#3281=VECTOR('',#11115,10.);
#3282=VECTOR('',#11116,10.);
#3283=VECTOR('',#11117,10.);
#3284=VECTOR('',#11120,10.);
#3285=VECTOR('',#11121,10.);
#3286=VECTOR('',#11122,10.);
#3287=VECTOR('',#11123,10.);
#3288=VECTOR('',#11126,10.);
#3289=VECTOR('',#11127,10.);
#3290=VECTOR('',#11130,10.);
#3291=VECTOR('',#11133,10.);
#3292=VECTOR('',#11138,10.);
#3293=VECTOR('',#11139,10.);
#3294=VECTOR('',#11140,10.);
#3295=VECTOR('',#11141,10.);
#3296=VECTOR('',#11144,10.);
#3297=VECTOR('',#11145,10.);
#3298=VECTOR('',#11146,10.);
#3299=VECTOR('',#11147,10.);
#3300=VECTOR('',#11150,10.);
#3301=VECTOR('',#11151,10.);
#3302=VECTOR('',#11154,10.);
#3303=VECTOR('',#11157,10.);
#3304=VECTOR('',#11162,10.);
#3305=VECTOR('',#11163,10.);
#3306=VECTOR('',#11164,10.);
#3307=VECTOR('',#11165,10.);
#3308=VECTOR('',#11168,10.);
#3309=VECTOR('',#11169,10.);
#3310=VECTOR('',#11170,10.);
#3311=VECTOR('',#11171,10.);
#3312=VECTOR('',#11174,10.);
#3313=VECTOR('',#11175,10.);
#3314=VECTOR('',#11178,10.);
#3315=VECTOR('',#11181,10.);
#3316=VECTOR('',#11186,10.);
#3317=VECTOR('',#11187,10.);
#3318=VECTOR('',#11188,10.);
#3319=VECTOR('',#11189,10.);
#3320=VECTOR('',#11192,10.);
#3321=VECTOR('',#11193,10.);
#3322=VECTOR('',#11194,10.);
#3323=VECTOR('',#11195,10.);
#3324=VECTOR('',#11198,10.);
#3325=VECTOR('',#11199,10.);
#3326=VECTOR('',#11202,10.);
#3327=VECTOR('',#11205,10.);
#3328=VECTOR('',#11210,10.);
#3329=VECTOR('',#11211,10.);
#3330=VECTOR('',#11212,10.);
#3331=VECTOR('',#11213,10.);
#3332=VECTOR('',#11216,10.);
#3333=VECTOR('',#11217,10.);
#3334=VECTOR('',#11218,10.);
#3335=VECTOR('',#11219,10.);
#3336=VECTOR('',#11222,10.);
#3337=VECTOR('',#11223,10.);
#3338=VECTOR('',#11226,10.);
#3339=VECTOR('',#11229,10.);
#3340=VECTOR('',#11234,10.);
#3341=VECTOR('',#11235,10.);
#3342=VECTOR('',#11236,10.);
#3343=VECTOR('',#11237,10.);
#3344=VECTOR('',#11240,10.);
#3345=VECTOR('',#11241,10.);
#3346=VECTOR('',#11242,10.);
#3347=VECTOR('',#11243,10.);
#3348=VECTOR('',#11246,10.);
#3349=VECTOR('',#11247,10.);
#3350=VECTOR('',#11250,10.);
#3351=VECTOR('',#11253,10.);
#3352=VECTOR('',#11260,10.);
#3353=VECTOR('',#11261,10.);
#3354=VECTOR('',#11262,10.);
#3355=VECTOR('',#11263,10.);
#3356=VECTOR('',#11266,10.);
#3357=VECTOR('',#11267,10.);
#3358=VECTOR('',#11268,10.);
#3359=VECTOR('',#11269,10.);
#3360=VECTOR('',#11272,10.);
#3361=VECTOR('',#11273,10.);
#3362=VECTOR('',#11276,10.);
#3363=VECTOR('',#11279,10.);
#3364=VECTOR('',#11284,10.);
#3365=VECTOR('',#11285,10.);
#3366=VECTOR('',#11286,10.);
#3367=VECTOR('',#11287,10.);
#3368=VECTOR('',#11290,10.);
#3369=VECTOR('',#11291,10.);
#3370=VECTOR('',#11292,10.);
#3371=VECTOR('',#11293,10.);
#3372=VECTOR('',#11296,10.);
#3373=VECTOR('',#11297,10.);
#3374=VECTOR('',#11300,10.);
#3375=VECTOR('',#11303,10.);
#3376=VECTOR('',#11308,10.);
#3377=VECTOR('',#11309,10.);
#3378=VECTOR('',#11310,10.);
#3379=VECTOR('',#11311,10.);
#3380=VECTOR('',#11314,10.);
#3381=VECTOR('',#11315,10.);
#3382=VECTOR('',#11316,10.);
#3383=VECTOR('',#11317,10.);
#3384=VECTOR('',#11320,10.);
#3385=VECTOR('',#11321,10.);
#3386=VECTOR('',#11324,10.);
#3387=VECTOR('',#11327,10.);
#3388=VECTOR('',#11332,10.);
#3389=VECTOR('',#11333,10.);
#3390=VECTOR('',#11334,10.);
#3391=VECTOR('',#11335,10.);
#3392=VECTOR('',#11338,10.);
#3393=VECTOR('',#11339,10.);
#3394=VECTOR('',#11340,10.);
#3395=VECTOR('',#11341,10.);
#3396=VECTOR('',#11344,10.);
#3397=VECTOR('',#11345,10.);
#3398=VECTOR('',#11348,10.);
#3399=VECTOR('',#11351,10.);
#3400=VECTOR('',#11356,10.);
#3401=VECTOR('',#11357,10.);
#3402=VECTOR('',#11358,10.);
#3403=VECTOR('',#11359,10.);
#3404=VECTOR('',#11362,10.);
#3405=VECTOR('',#11363,10.);
#3406=VECTOR('',#11364,10.);
#3407=VECTOR('',#11365,10.);
#3408=VECTOR('',#11368,10.);
#3409=VECTOR('',#11369,10.);
#3410=VECTOR('',#11372,10.);
#3411=VECTOR('',#11375,10.);
#3412=VECTOR('',#11380,10.);
#3413=VECTOR('',#11381,10.);
#3414=VECTOR('',#11382,10.);
#3415=VECTOR('',#11383,10.);
#3416=VECTOR('',#11386,10.);
#3417=VECTOR('',#11387,10.);
#3418=VECTOR('',#11388,10.);
#3419=VECTOR('',#11389,10.);
#3420=VECTOR('',#11392,10.);
#3421=VECTOR('',#11393,10.);
#3422=VECTOR('',#11396,10.);
#3423=VECTOR('',#11399,10.);
#3424=VECTOR('',#11404,10.);
#3425=VECTOR('',#11405,10.);
#3426=VECTOR('',#11406,10.);
#3427=VECTOR('',#11407,10.);
#3428=VECTOR('',#11410,10.);
#3429=VECTOR('',#11411,10.);
#3430=VECTOR('',#11412,10.);
#3431=VECTOR('',#11413,10.);
#3432=VECTOR('',#11416,10.);
#3433=VECTOR('',#11417,10.);
#3434=VECTOR('',#11420,10.);
#3435=VECTOR('',#11423,10.);
#3436=VECTOR('',#11428,10.);
#3437=VECTOR('',#11429,10.);
#3438=VECTOR('',#11430,10.);
#3439=VECTOR('',#11431,10.);
#3440=VECTOR('',#11434,10.);
#3441=VECTOR('',#11435,10.);
#3442=VECTOR('',#11436,10.);
#3443=VECTOR('',#11437,10.);
#3444=VECTOR('',#11440,10.);
#3445=VECTOR('',#11441,10.);
#3446=VECTOR('',#11444,10.);
#3447=VECTOR('',#11447,10.);
#3448=VECTOR('',#11452,10.);
#3449=VECTOR('',#11453,10.);
#3450=VECTOR('',#11454,10.);
#3451=VECTOR('',#11455,10.);
#3452=VECTOR('',#11458,10.);
#3453=VECTOR('',#11459,10.);
#3454=VECTOR('',#11460,10.);
#3455=VECTOR('',#11461,10.);
#3456=VECTOR('',#11464,10.);
#3457=VECTOR('',#11465,10.);
#3458=VECTOR('',#11468,10.);
#3459=VECTOR('',#11471,10.);
#3460=VECTOR('',#11476,10.);
#3461=VECTOR('',#11477,10.);
#3462=VECTOR('',#11478,10.);
#3463=VECTOR('',#11479,10.);
#3464=VECTOR('',#11482,10.);
#3465=VECTOR('',#11483,10.);
#3466=VECTOR('',#11484,10.);
#3467=VECTOR('',#11485,10.);
#3468=VECTOR('',#11488,10.);
#3469=VECTOR('',#11489,10.);
#3470=VECTOR('',#11492,10.);
#3471=VECTOR('',#11495,10.);
#3472=VECTOR('',#11504,1.7);
#3473=VECTOR('',#11511,1.7);
#3474=VECTOR('',#11518,1.7);
#3475=VECTOR('',#11525,1.7);
#3476=VECTOR('',#11532,1.7);
#3477=VECTOR('',#11539,1.7);
#3478=VECTOR('',#11546,1.7);
#3479=VECTOR('',#11553,1.7);
#3480=VECTOR('',#11558,10.);
#3481=VECTOR('',#11559,10.);
#3482=VECTOR('',#11560,10.);
#3483=VECTOR('',#11561,10.);
#3484=VECTOR('',#11564,10.);
#3485=VECTOR('',#11565,10.);
#3486=VECTOR('',#11566,10.);
#3487=VECTOR('',#11567,10.);
#3488=VECTOR('',#11570,10.);
#3489=VECTOR('',#11571,10.);
#3490=VECTOR('',#11574,10.);
#3491=VECTOR('',#11577,10.);
#3492=VECTOR('',#11582,10.);
#3493=VECTOR('',#11583,10.);
#3494=VECTOR('',#11584,10.);
#3495=VECTOR('',#11585,10.);
#3496=VECTOR('',#11588,10.);
#3497=VECTOR('',#11589,10.);
#3498=VECTOR('',#11590,10.);
#3499=VECTOR('',#11591,10.);
#3500=VECTOR('',#11594,10.);
#3501=VECTOR('',#11595,10.);
#3502=VECTOR('',#11598,10.);
#3503=VECTOR('',#11601,10.);
#3504=VECTOR('',#11606,10.);
#3505=VECTOR('',#11607,10.);
#3506=VECTOR('',#11608,10.);
#3507=VECTOR('',#11609,10.);
#3508=VECTOR('',#11612,10.);
#3509=VECTOR('',#11613,10.);
#3510=VECTOR('',#11614,10.);
#3511=VECTOR('',#11615,10.);
#3512=VECTOR('',#11618,10.);
#3513=VECTOR('',#11619,10.);
#3514=VECTOR('',#11622,10.);
#3515=VECTOR('',#11625,10.);
#3516=VECTOR('',#11630,10.);
#3517=VECTOR('',#11631,10.);
#3518=VECTOR('',#11632,10.);
#3519=VECTOR('',#11633,10.);
#3520=VECTOR('',#11636,10.);
#3521=VECTOR('',#11637,10.);
#3522=VECTOR('',#11638,10.);
#3523=VECTOR('',#11639,10.);
#3524=VECTOR('',#11642,10.);
#3525=VECTOR('',#11643,10.);
#3526=VECTOR('',#11646,10.);
#3527=VECTOR('',#11649,10.);
#3528=VECTOR('',#11656,1.7);
#3529=VECTOR('',#11663,5.);
#3530=VECTOR('',#11674,1.7);
#3531=VECTOR('',#11681,5.);
#3532=VECTOR('',#11692,1.7);
#3533=VECTOR('',#11699,5.);
#3534=VECTOR('',#11710,1.7);
#3535=VECTOR('',#11717,5.);
#3536=VECTOR('',#11728,1.7);
#3537=VECTOR('',#11735,5.);
#3538=VECTOR('',#11746,1.7);
#3539=VECTOR('',#11753,5.);
#3540=VECTOR('',#11764,1.7);
#3541=VECTOR('',#11771,5.);
#3542=VECTOR('',#11782,1.7);
#3543=VECTOR('',#11789,5.);
#3544=VECTOR('',#11800,1.2);
#3545=VECTOR('',#11807,1.2);
#3546=VECTOR('',#11814,1.2);
#3547=VECTOR('',#11821,1.2);
#3548=VECTOR('',#11826,10.);
#3549=VECTOR('',#11827,10.);
#3550=VECTOR('',#11828,10.);
#3551=VECTOR('',#11829,10.);
#3552=VECTOR('',#11832,10.);
#3553=VECTOR('',#11833,10.);
#3554=VECTOR('',#11834,10.);
#3555=VECTOR('',#11835,10.);
#3556=VECTOR('',#11838,10.);
#3557=VECTOR('',#11839,10.);
#3558=VECTOR('',#11842,10.);
#3559=VECTOR('',#11845,10.);
#3560=VECTOR('',#11852,1.2);
#3561=VECTOR('',#11859,1.2);
#3562=VECTOR('',#11866,1.2);
#3563=VECTOR('',#11873,1.2);
#3564=VECTOR('',#11878,10.);
#3565=VECTOR('',#11879,10.);
#3566=VECTOR('',#11880,10.);
#3567=VECTOR('',#11881,10.);
#3568=VECTOR('',#11884,10.);
#3569=VECTOR('',#11885,10.);
#3570=VECTOR('',#11886,10.);
#3571=VECTOR('',#11887,10.);
#3572=VECTOR('',#11890,10.);
#3573=VECTOR('',#11891,10.);
#3574=VECTOR('',#11894,10.);
#3575=VECTOR('',#11897,10.);
#3576=VECTOR('',#11904,1.2);
#3577=VECTOR('',#11911,3.5);
#3578=VECTOR('',#11922,1.2);
#3579=VECTOR('',#11929,3.5);
#3580=VECTOR('',#11940,1.2);
#3581=VECTOR('',#11947,3.5);
#3582=VECTOR('',#11958,1.2);
#3583=VECTOR('',#11965,3.5);
#3584=VECTOR('',#11976,1.2);
#3585=VECTOR('',#11983,3.5);
#3586=VECTOR('',#11994,1.2);
#3587=VECTOR('',#12001,3.5);
#3588=VECTOR('',#12012,1.2);
#3589=VECTOR('',#12019,3.5);
#3590=VECTOR('',#12030,1.2);
#3591=VECTOR('',#12037,3.5);
#3592=VECTOR('',#12046,10.);
#3593=VECTOR('',#12047,10.);
#3594=VECTOR('',#12048,10.);
#3595=VECTOR('',#12049,10.);
#3596=VECTOR('',#12052,10.);
#3597=VECTOR('',#12053,10.);
#3598=VECTOR('',#12054,10.);
#3599=VECTOR('',#12055,10.);
#3600=VECTOR('',#12058,10.);
#3601=VECTOR('',#12059,10.);
#3602=VECTOR('',#12062,10.);
#3603=VECTOR('',#12065,10.);
#3604=VECTOR('',#12070,10.);
#3605=VECTOR('',#12071,10.);
#3606=VECTOR('',#12072,10.);
#3607=VECTOR('',#12073,10.);
#3608=VECTOR('',#12076,10.);
#3609=VECTOR('',#12077,10.);
#3610=VECTOR('',#12078,10.);
#3611=VECTOR('',#12079,10.);
#3612=VECTOR('',#12082,10.);
#3613=VECTOR('',#12083,10.);
#3614=VECTOR('',#12086,10.);
#3615=VECTOR('',#12089,10.);
#3616=VECTOR('',#12094,10.);
#3617=VECTOR('',#12095,10.);
#3618=VECTOR('',#12096,10.);
#3619=VECTOR('',#12097,10.);
#3620=VECTOR('',#12100,10.);
#3621=VECTOR('',#12101,10.);
#3622=VECTOR('',#12102,10.);
#3623=VECTOR('',#12103,10.);
#3624=VECTOR('',#12106,10.);
#3625=VECTOR('',#12107,10.);
#3626=VECTOR('',#12110,10.);
#3627=VECTOR('',#12113,10.);
#3628=VECTOR('',#12122,15.);
#3629=VECTOR('',#12133,13.);
#3630=VECTOR('',#12144,2.5);
#3631=VECTOR('',#12155,4.5);
#3632=VECTOR('',#12164,10.);
#3633=VECTOR('',#12165,10.);
#3634=VECTOR('',#12166,10.);
#3635=VECTOR('',#12167,10.);
#3636=VECTOR('',#12170,10.);
#3637=VECTOR('',#12171,10.);
#3638=VECTOR('',#12172,10.);
#3639=VECTOR('',#12173,10.);
#3640=VECTOR('',#12176,10.);
#3641=VECTOR('',#12177,10.);
#3642=VECTOR('',#12180,10.);
#3643=VECTOR('',#12183,10.);
#3644=VECTOR('',#12188,10.);
#3645=VECTOR('',#12189,10.);
#3646=VECTOR('',#12190,10.);
#3647=VECTOR('',#12191,10.);
#3648=VECTOR('',#12194,10.);
#3649=VECTOR('',#12195,10.);
#3650=VECTOR('',#12196,10.);
#3651=VECTOR('',#12197,10.);
#3652=VECTOR('',#12200,10.);
#3653=VECTOR('',#12201,10.);
#3654=VECTOR('',#12204,10.);
#3655=VECTOR('',#12207,10.);
#3656=VECTOR('',#12212,10.);
#3657=VECTOR('',#12213,10.);
#3658=VECTOR('',#12214,10.);
#3659=VECTOR('',#12215,10.);
#3660=VECTOR('',#12218,10.);
#3661=VECTOR('',#12219,10.);
#3662=VECTOR('',#12220,10.);
#3663=VECTOR('',#12221,10.);
#3664=VECTOR('',#12224,10.);
#3665=VECTOR('',#12225,10.);
#3666=VECTOR('',#12228,10.);
#3667=VECTOR('',#12231,10.);
#3668=VECTOR('',#12238,2.5);
#3669=VECTOR('',#12247,10.);
#3670=VECTOR('',#12248,10.);
#3671=VECTOR('',#12249,10.);
#3672=VECTOR('',#12250,10.);
#3673=VECTOR('',#12253,10.);
#3674=VECTOR('',#12254,10.);
#3675=VECTOR('',#12255,10.);
#3676=VECTOR('',#12256,10.);
#3677=VECTOR('',#12259,10.);
#3678=VECTOR('',#12260,10.);
#3679=VECTOR('',#12263,10.);
#3680=VECTOR('',#12266,10.);
#3681=VECTOR('',#12273,15.);
#3682=VECTOR('',#12284,13.);
#3683=VECTOR('',#12295,2.5);
#3684=VECTOR('',#12306,4.5);
#3685=VECTOR('',#12315,10.);
#3686=VECTOR('',#12316,10.);
#3687=VECTOR('',#12317,10.);
#3688=VECTOR('',#12318,10.);
#3689=VECTOR('',#12321,10.);
#3690=VECTOR('',#12322,10.);
#3691=VECTOR('',#12323,10.);
#3692=VECTOR('',#12324,10.);
#3693=VECTOR('',#12327,10.);
#3694=VECTOR('',#12328,10.);
#3695=VECTOR('',#12331,10.);
#3696=VECTOR('',#12334,10.);
#3697=VECTOR('',#12339,10.);
#3698=VECTOR('',#12340,10.);
#3699=VECTOR('',#12341,10.);
#3700=VECTOR('',#12342,10.);
#3701=VECTOR('',#12345,10.);
#3702=VECTOR('',#12346,10.);
#3703=VECTOR('',#12347,10.);
#3704=VECTOR('',#12348,10.);
#3705=VECTOR('',#12351,10.);
#3706=VECTOR('',#12352,10.);
#3707=VECTOR('',#12355,10.);
#3708=VECTOR('',#12358,10.);
#3709=VECTOR('',#12363,10.);
#3710=VECTOR('',#12364,10.);
#3711=VECTOR('',#12365,10.);
#3712=VECTOR('',#12366,10.);
#3713=VECTOR('',#12369,10.);
#3714=VECTOR('',#12370,10.);
#3715=VECTOR('',#12371,10.);
#3716=VECTOR('',#12372,10.);
#3717=VECTOR('',#12375,10.);
#3718=VECTOR('',#12376,10.);
#3719=VECTOR('',#12379,10.);
#3720=VECTOR('',#12382,10.);
#3721=VECTOR('',#12389,2.5);
#3722=VECTOR('',#12398,10.);
#3723=VECTOR('',#12399,10.);
#3724=VECTOR('',#12400,10.);
#3725=VECTOR('',#12401,10.);
#3726=VECTOR('',#12404,10.);
#3727=VECTOR('',#12405,10.);
#3728=VECTOR('',#12406,10.);
#3729=VECTOR('',#12407,10.);
#3730=VECTOR('',#12410,10.);
#3731=VECTOR('',#12411,10.);
#3732=VECTOR('',#12414,10.);
#3733=VECTOR('',#12417,10.);
#3734=VECTOR('',#12426,6.);
#3735=VECTOR('',#12437,12.);
#3736=VECTOR('',#12448,12.);
#3737=VECTOR('',#12459,18.5);
#3738=VECTOR('',#12468,10.);
#3739=VECTOR('',#12469,10.);
#3740=VECTOR('',#12470,10.);
#3741=VECTOR('',#12471,10.);
#3742=VECTOR('',#12474,10.);
#3743=VECTOR('',#12475,10.);
#3744=VECTOR('',#12476,10.);
#3745=VECTOR('',#12477,10.);
#3746=VECTOR('',#12480,10.);
#3747=VECTOR('',#12481,10.);
#3748=VECTOR('',#12484,10.);
#3749=VECTOR('',#12487,10.);
#3750=VECTOR('',#12492,10.);
#3751=VECTOR('',#12493,10.);
#3752=VECTOR('',#12494,10.);
#3753=VECTOR('',#12495,10.);
#3754=VECTOR('',#12498,10.);
#3755=VECTOR('',#12499,10.);
#3756=VECTOR('',#12500,10.);
#3757=VECTOR('',#12501,10.);
#3758=VECTOR('',#12504,10.);
#3759=VECTOR('',#12505,10.);
#3760=VECTOR('',#12508,10.);
#3761=VECTOR('',#12511,10.);
#3762=VECTOR('',#12516,10.);
#3763=VECTOR('',#12517,10.);
#3764=VECTOR('',#12518,10.);
#3765=VECTOR('',#12519,10.);
#3766=VECTOR('',#12522,10.);
#3767=VECTOR('',#12523,10.);
#3768=VECTOR('',#12524,10.);
#3769=VECTOR('',#12525,10.);
#3770=VECTOR('',#12528,10.);
#3771=VECTOR('',#12529,10.);
#3772=VECTOR('',#12532,10.);
#3773=VECTOR('',#12535,10.);
#3774=VECTOR('',#12540,10.);
#3775=VECTOR('',#12541,10.);
#3776=VECTOR('',#12542,10.);
#3777=VECTOR('',#12543,10.);
#3778=VECTOR('',#12546,10.);
#3779=VECTOR('',#12547,10.);
#3780=VECTOR('',#12548,10.);
#3781=VECTOR('',#12549,10.);
#3782=VECTOR('',#12552,10.);
#3783=VECTOR('',#12553,10.);
#3784=VECTOR('',#12556,10.);
#3785=VECTOR('',#12559,10.);
#3786=VECTOR('',#12564,10.);
#3787=VECTOR('',#12565,10.);
#3788=VECTOR('',#12566,10.);
#3789=VECTOR('',#12567,10.);
#3790=VECTOR('',#12570,10.);
#3791=VECTOR('',#12571,10.);
#3792=VECTOR('',#12572,10.);
#3793=VECTOR('',#12573,10.);
#3794=VECTOR('',#12576,10.);
#3795=VECTOR('',#12577,10.);
#3796=VECTOR('',#12580,10.);
#3797=VECTOR('',#12583,10.);
#3798=VECTOR('',#12590,10.);
#3799=VECTOR('',#12591,10.);
#3800=VECTOR('',#12592,10.);
#3801=VECTOR('',#12593,10.);
#3802=VECTOR('',#12596,10.);
#3803=VECTOR('',#12597,10.);
#3804=VECTOR('',#12598,10.);
#3805=VECTOR('',#12599,10.);
#3806=VECTOR('',#12602,10.);
#3807=VECTOR('',#12603,10.);
#3808=VECTOR('',#12606,10.);
#3809=VECTOR('',#12609,10.);
#3810=VECTOR('',#12614,10.);
#3811=VECTOR('',#12615,10.);
#3812=VECTOR('',#12616,10.);
#3813=VECTOR('',#12617,10.);
#3814=VECTOR('',#12620,10.);
#3815=VECTOR('',#12621,10.);
#3816=VECTOR('',#12622,10.);
#3817=VECTOR('',#12623,10.);
#3818=VECTOR('',#12626,10.);
#3819=VECTOR('',#12627,10.);
#3820=VECTOR('',#12630,10.);
#3821=VECTOR('',#12633,10.);
#3822=VECTOR('',#12638,10.);
#3823=VECTOR('',#12639,10.);
#3824=VECTOR('',#12640,10.);
#3825=VECTOR('',#12641,10.);
#3826=VECTOR('',#12644,10.);
#3827=VECTOR('',#12645,10.);
#3828=VECTOR('',#12646,10.);
#3829=VECTOR('',#12647,10.);
#3830=VECTOR('',#12650,10.);
#3831=VECTOR('',#12651,10.);
#3832=VECTOR('',#12654,10.);
#3833=VECTOR('',#12657,10.);
#3834=VECTOR('',#12662,10.);
#3835=VECTOR('',#12663,10.);
#3836=VECTOR('',#12664,10.);
#3837=VECTOR('',#12665,10.);
#3838=VECTOR('',#12668,10.);
#3839=VECTOR('',#12669,10.);
#3840=VECTOR('',#12670,10.);
#3841=VECTOR('',#12671,10.);
#3842=VECTOR('',#12674,10.);
#3843=VECTOR('',#12675,10.);
#3844=VECTOR('',#12678,10.);
#3845=VECTOR('',#12681,10.);
#3846=VECTOR('',#12686,10.);
#3847=VECTOR('',#12687,10.);
#3848=VECTOR('',#12688,10.);
#3849=VECTOR('',#12689,10.);
#3850=VECTOR('',#12692,10.);
#3851=VECTOR('',#12693,10.);
#3852=VECTOR('',#12694,10.);
#3853=VECTOR('',#12695,10.);
#3854=VECTOR('',#12698,10.);
#3855=VECTOR('',#12699,10.);
#3856=VECTOR('',#12702,10.);
#3857=VECTOR('',#12705,10.);
#3858=VECTOR('',#12710,10.);
#3859=VECTOR('',#12711,10.);
#3860=VECTOR('',#12712,10.);
#3861=VECTOR('',#12713,10.);
#3862=VECTOR('',#12716,10.);
#3863=VECTOR('',#12717,10.);
#3864=VECTOR('',#12718,10.);
#3865=VECTOR('',#12719,10.);
#3866=VECTOR('',#12722,10.);
#3867=VECTOR('',#12723,10.);
#3868=VECTOR('',#12726,10.);
#3869=VECTOR('',#12729,10.);
#3870=VECTOR('',#12736,1.7);
#3871=VECTOR('',#12741,10.);
#3872=VECTOR('',#12742,10.);
#3873=VECTOR('',#12743,10.);
#3874=VECTOR('',#12744,10.);
#3875=VECTOR('',#12747,10.);
#3876=VECTOR('',#12748,10.);
#3877=VECTOR('',#12749,10.);
#3878=VECTOR('',#12750,10.);
#3879=VECTOR('',#12753,10.);
#3880=VECTOR('',#12754,10.);
#3881=VECTOR('',#12757,10.);
#3882=VECTOR('',#12760,10.);
#3883=VECTOR('',#12767,1.7);
#3884=VECTOR('',#12772,10.);
#3885=VECTOR('',#12773,10.);
#3886=VECTOR('',#12774,10.);
#3887=VECTOR('',#12775,10.);
#3888=VECTOR('',#12778,10.);
#3889=VECTOR('',#12779,10.);
#3890=VECTOR('',#12780,10.);
#3891=VECTOR('',#12781,10.);
#3892=VECTOR('',#12784,10.);
#3893=VECTOR('',#12785,10.);
#3894=VECTOR('',#12788,10.);
#3895=VECTOR('',#12791,10.);
#3896=VECTOR('',#12798,1.7);
#3897=VECTOR('',#12803,10.);
#3898=VECTOR('',#12804,10.);
#3899=VECTOR('',#12805,10.);
#3900=VECTOR('',#12806,10.);
#3901=VECTOR('',#12809,10.);
#3902=VECTOR('',#12810,10.);
#3903=VECTOR('',#12811,10.);
#3904=VECTOR('',#12812,10.);
#3905=VECTOR('',#12815,10.);
#3906=VECTOR('',#12816,10.);
#3907=VECTOR('',#12819,10.);
#3908=VECTOR('',#12822,10.);
#3909=VECTOR('',#12829,1.7);
#3910=VECTOR('',#12834,10.);
#3911=VECTOR('',#12835,10.);
#3912=VECTOR('',#12836,10.);
#3913=VECTOR('',#12837,10.);
#3914=VECTOR('',#12840,10.);
#3915=VECTOR('',#12841,10.);
#3916=VECTOR('',#12842,10.);
#3917=VECTOR('',#12843,10.);
#3918=VECTOR('',#12846,10.);
#3919=VECTOR('',#12847,10.);
#3920=VECTOR('',#12850,10.);
#3921=VECTOR('',#12853,10.);
#3922=VECTOR('',#12858,10.);
#3923=VECTOR('',#12859,10.);
#3924=VECTOR('',#12860,10.);
#3925=VECTOR('',#12861,10.);
#3926=VECTOR('',#12864,10.);
#3927=VECTOR('',#12865,10.);
#3928=VECTOR('',#12866,10.);
#3929=VECTOR('',#12867,10.);
#3930=VECTOR('',#12870,10.);
#3931=VECTOR('',#12871,10.);
#3932=VECTOR('',#12874,10.);
#3933=VECTOR('',#12877,10.);
#3934=VECTOR('',#12886,1.7);
#3935=VECTOR('',#12891,10.);
#3936=VECTOR('',#12892,10.);
#3937=VECTOR('',#12893,10.);
#3938=VECTOR('',#12894,10.);
#3939=VECTOR('',#12897,10.);
#3940=VECTOR('',#12898,10.);
#3941=VECTOR('',#12899,10.);
#3942=VECTOR('',#12900,10.);
#3943=VECTOR('',#12903,10.);
#3944=VECTOR('',#12904,10.);
#3945=VECTOR('',#12907,10.);
#3946=VECTOR('',#12910,10.);
#3947=VECTOR('',#12917,1.7);
#3948=VECTOR('',#12924,7.);
#3949=VECTOR('',#12935,1.7);
#3950=VECTOR('',#12942,10.);
#3951=VECTOR('',#12953,1.7);
#3952=VECTOR('',#12958,10.);
#3953=VECTOR('',#12959,10.);
#3954=VECTOR('',#12960,10.);
#3955=VECTOR('',#12961,10.);
#3956=VECTOR('',#12964,10.);
#3957=VECTOR('',#12965,10.);
#3958=VECTOR('',#12966,10.);
#3959=VECTOR('',#12967,10.);
#3960=VECTOR('',#12970,10.);
#3961=VECTOR('',#12971,10.);
#3962=VECTOR('',#12974,10.);
#3963=VECTOR('',#12977,10.);
#3964=VECTOR('',#12984,1.7);
#3965=VECTOR('',#12991,7.);
#3966=VECTOR('',#13002,1.7);
#3967=VECTOR('',#13009,10.);
#3968=VECTOR('',#13020,1.7);
#3969=VECTOR('',#13025,10.);
#3970=VECTOR('',#13026,10.);
#3971=VECTOR('',#13027,10.);
#3972=VECTOR('',#13028,10.);
#3973=VECTOR('',#13031,10.);
#3974=VECTOR('',#13032,10.);
#3975=VECTOR('',#13033,10.);
#3976=VECTOR('',#13034,10.);
#3977=VECTOR('',#13037,10.);
#3978=VECTOR('',#13038,10.);
#3979=VECTOR('',#13041,10.);
#3980=VECTOR('',#13044,10.);
#3981=VECTOR('',#13051,1.7);
#3982=VECTOR('',#13058,7.);
#3983=VECTOR('',#13069,1.7);
#3984=VECTOR('',#13076,10.);
#3985=VECTOR('',#13087,1.7);
#3986=VECTOR('',#13092,10.);
#3987=VECTOR('',#13093,10.);
#3988=VECTOR('',#13094,10.);
#3989=VECTOR('',#13095,10.);
#3990=VECTOR('',#13098,10.);
#3991=VECTOR('',#13099,10.);
#3992=VECTOR('',#13100,10.);
#3993=VECTOR('',#13101,10.);
#3994=VECTOR('',#13104,10.);
#3995=VECTOR('',#13105,10.);
#3996=VECTOR('',#13108,10.);
#3997=VECTOR('',#13111,10.);
#3998=VECTOR('',#13118,1.7);
#3999=VECTOR('',#13125,7.);
#4000=VECTOR('',#13136,1.7);
#4001=VECTOR('',#13143,10.);
#4002=VERTEX_POINT('',#13175);
#4003=VERTEX_POINT('',#13176);
#4004=VERTEX_POINT('',#13178);
#4005=VERTEX_POINT('',#13180);
#4006=VERTEX_POINT('',#13184);
#4007=VERTEX_POINT('',#13185);
#4008=VERTEX_POINT('',#13187);
#4009=VERTEX_POINT('',#13189);
#4010=VERTEX_POINT('',#13201);
#4011=VERTEX_POINT('',#13202);
#4012=VERTEX_POINT('',#13204);
#4013=VERTEX_POINT('',#13206);
#4014=VERTEX_POINT('',#13210);
#4015=VERTEX_POINT('',#13211);
#4016=VERTEX_POINT('',#13213);
#4017=VERTEX_POINT('',#13215);
#4018=VERTEX_POINT('',#13227);
#4019=VERTEX_POINT('',#13228);
#4020=VERTEX_POINT('',#13230);
#4021=VERTEX_POINT('',#13232);
#4022=VERTEX_POINT('',#13236);
#4023=VERTEX_POINT('',#13237);
#4024=VERTEX_POINT('',#13239);
#4025=VERTEX_POINT('',#13241);
#4026=VERTEX_POINT('',#13254);
#4027=VERTEX_POINT('',#13256);
#4028=VERTEX_POINT('',#13262);
#4029=VERTEX_POINT('',#13263);
#4030=VERTEX_POINT('',#13265);
#4031=VERTEX_POINT('',#13267);
#4032=VERTEX_POINT('',#13271);
#4033=VERTEX_POINT('',#13272);
#4034=VERTEX_POINT('',#13274);
#4035=VERTEX_POINT('',#13276);
#4036=VERTEX_POINT('',#13288);
#4037=VERTEX_POINT('',#13289);
#4038=VERTEX_POINT('',#13291);
#4039=VERTEX_POINT('',#13293);
#4040=VERTEX_POINT('',#13297);
#4041=VERTEX_POINT('',#13298);
#4042=VERTEX_POINT('',#13300);
#4043=VERTEX_POINT('',#13302);
#4044=VERTEX_POINT('',#13315);
#4045=VERTEX_POINT('',#13316);
#4046=VERTEX_POINT('',#13318);
#4047=VERTEX_POINT('',#13320);
#4048=VERTEX_POINT('',#13324);
#4049=VERTEX_POINT('',#13325);
#4050=VERTEX_POINT('',#13327);
#4051=VERTEX_POINT('',#13329);
#4052=VERTEX_POINT('',#13341);
#4053=VERTEX_POINT('',#13343);
#4054=VERTEX_POINT('',#13349);
#4055=VERTEX_POINT('',#13351);
#4056=VERTEX_POINT('',#13357);
#4057=VERTEX_POINT('',#13358);
#4058=VERTEX_POINT('',#13360);
#4059=VERTEX_POINT('',#13362);
#4060=VERTEX_POINT('',#13366);
#4061=VERTEX_POINT('',#13367);
#4062=VERTEX_POINT('',#13369);
#4063=VERTEX_POINT('',#13371);
#4064=VERTEX_POINT('',#13383);
#4065=VERTEX_POINT('',#13385);
#4066=VERTEX_POINT('',#13391);
#4067=VERTEX_POINT('',#13393);
#4068=VERTEX_POINT('',#13399);
#4069=VERTEX_POINT('',#13400);
#4070=VERTEX_POINT('',#13402);
#4071=VERTEX_POINT('',#13404);
#4072=VERTEX_POINT('',#13408);
#4073=VERTEX_POINT('',#13409);
#4074=VERTEX_POINT('',#13411);
#4075=VERTEX_POINT('',#13413);
#4076=VERTEX_POINT('',#13425);
#4077=VERTEX_POINT('',#13427);
#4078=VERTEX_POINT('',#13433);
#4079=VERTEX_POINT('',#13435);
#4080=VERTEX_POINT('',#13442);
#4081=VERTEX_POINT('',#13443);
#4082=VERTEX_POINT('',#13445);
#4083=VERTEX_POINT('',#13447);
#4084=VERTEX_POINT('',#13451);
#4085=VERTEX_POINT('',#13452);
#4086=VERTEX_POINT('',#13454);
#4087=VERTEX_POINT('',#13456);
#4088=VERTEX_POINT('',#13468);
#4089=VERTEX_POINT('',#13469);
#4090=VERTEX_POINT('',#13471);
#4091=VERTEX_POINT('',#13473);
#4092=VERTEX_POINT('',#13477);
#4093=VERTEX_POINT('',#13478);
#4094=VERTEX_POINT('',#13480);
#4095=VERTEX_POINT('',#13482);
#4096=VERTEX_POINT('',#13494);
#4097=VERTEX_POINT('',#13495);
#4098=VERTEX_POINT('',#13497);
#4099=VERTEX_POINT('',#13499);
#4100=VERTEX_POINT('',#13503);
#4101=VERTEX_POINT('',#13504);
#4102=VERTEX_POINT('',#13506);
#4103=VERTEX_POINT('',#13508);
#4104=VERTEX_POINT('',#13520);
#4105=VERTEX_POINT('',#13521);
#4106=VERTEX_POINT('',#13523);
#4107=VERTEX_POINT('',#13525);
#4108=VERTEX_POINT('',#13529);
#4109=VERTEX_POINT('',#13530);
#4110=VERTEX_POINT('',#13532);
#4111=VERTEX_POINT('',#13534);
#4112=VERTEX_POINT('',#13546);
#4113=VERTEX_POINT('',#13547);
#4114=VERTEX_POINT('',#13549);
#4115=VERTEX_POINT('',#13551);
#4116=VERTEX_POINT('',#13555);
#4117=VERTEX_POINT('',#13556);
#4118=VERTEX_POINT('',#13558);
#4119=VERTEX_POINT('',#13560);
#4120=VERTEX_POINT('',#13572);
#4121=VERTEX_POINT('',#13573);
#4122=VERTEX_POINT('',#13575);
#4123=VERTEX_POINT('',#13577);
#4124=VERTEX_POINT('',#13581);
#4125=VERTEX_POINT('',#13582);
#4126=VERTEX_POINT('',#13584);
#4127=VERTEX_POINT('',#13586);
#4128=VERTEX_POINT('',#13598);
#4129=VERTEX_POINT('',#13599);
#4130=VERTEX_POINT('',#13601);
#4131=VERTEX_POINT('',#13603);
#4132=VERTEX_POINT('',#13607);
#4133=VERTEX_POINT('',#13608);
#4134=VERTEX_POINT('',#13610);
#4135=VERTEX_POINT('',#13612);
#4136=VERTEX_POINT('',#13624);
#4137=VERTEX_POINT('',#13625);
#4138=VERTEX_POINT('',#13627);
#4139=VERTEX_POINT('',#13629);
#4140=VERTEX_POINT('',#13633);
#4141=VERTEX_POINT('',#13634);
#4142=VERTEX_POINT('',#13636);
#4143=VERTEX_POINT('',#13638);
#4144=VERTEX_POINT('',#13650);
#4145=VERTEX_POINT('',#13651);
#4146=VERTEX_POINT('',#13653);
#4147=VERTEX_POINT('',#13655);
#4148=VERTEX_POINT('',#13659);
#4149=VERTEX_POINT('',#13660);
#4150=VERTEX_POINT('',#13662);
#4151=VERTEX_POINT('',#13664);
#4152=VERTEX_POINT('',#13676);
#4153=VERTEX_POINT('',#13677);
#4154=VERTEX_POINT('',#13679);
#4155=VERTEX_POINT('',#13681);
#4156=VERTEX_POINT('',#13685);
#4157=VERTEX_POINT('',#13686);
#4158=VERTEX_POINT('',#13688);
#4159=VERTEX_POINT('',#13690);
#4160=VERTEX_POINT('',#13702);
#4161=VERTEX_POINT('',#13703);
#4162=VERTEX_POINT('',#13705);
#4163=VERTEX_POINT('',#13707);
#4164=VERTEX_POINT('',#13711);
#4165=VERTEX_POINT('',#13712);
#4166=VERTEX_POINT('',#13714);
#4167=VERTEX_POINT('',#13716);
#4168=VERTEX_POINT('',#13729);
#4169=VERTEX_POINT('',#13730);
#4170=VERTEX_POINT('',#13732);
#4171=VERTEX_POINT('',#13734);
#4172=VERTEX_POINT('',#13738);
#4173=VERTEX_POINT('',#13739);
#4174=VERTEX_POINT('',#13741);
#4175=VERTEX_POINT('',#13743);
#4176=VERTEX_POINT('',#13755);
#4177=VERTEX_POINT('',#13756);
#4178=VERTEX_POINT('',#13758);
#4179=VERTEX_POINT('',#13760);
#4180=VERTEX_POINT('',#13764);
#4181=VERTEX_POINT('',#13765);
#4182=VERTEX_POINT('',#13767);
#4183=VERTEX_POINT('',#13769);
#4184=VERTEX_POINT('',#13781);
#4185=VERTEX_POINT('',#13782);
#4186=VERTEX_POINT('',#13784);
#4187=VERTEX_POINT('',#13786);
#4188=VERTEX_POINT('',#13790);
#4189=VERTEX_POINT('',#13791);
#4190=VERTEX_POINT('',#13793);
#4191=VERTEX_POINT('',#13795);
#4192=VERTEX_POINT('',#13807);
#4193=VERTEX_POINT('',#13808);
#4194=VERTEX_POINT('',#13810);
#4195=VERTEX_POINT('',#13812);
#4196=VERTEX_POINT('',#13816);
#4197=VERTEX_POINT('',#13817);
#4198=VERTEX_POINT('',#13819);
#4199=VERTEX_POINT('',#13821);
#4200=VERTEX_POINT('',#13833);
#4201=VERTEX_POINT('',#13834);
#4202=VERTEX_POINT('',#13836);
#4203=VERTEX_POINT('',#13838);
#4204=VERTEX_POINT('',#13842);
#4205=VERTEX_POINT('',#13843);
#4206=VERTEX_POINT('',#13845);
#4207=VERTEX_POINT('',#13847);
#4208=VERTEX_POINT('',#13859);
#4209=VERTEX_POINT('',#13860);
#4210=VERTEX_POINT('',#13862);
#4211=VERTEX_POINT('',#13864);
#4212=VERTEX_POINT('',#13868);
#4213=VERTEX_POINT('',#13869);
#4214=VERTEX_POINT('',#13871);
#4215=VERTEX_POINT('',#13873);
#4216=VERTEX_POINT('',#13885);
#4217=VERTEX_POINT('',#13886);
#4218=VERTEX_POINT('',#13888);
#4219=VERTEX_POINT('',#13890);
#4220=VERTEX_POINT('',#13894);
#4221=VERTEX_POINT('',#13895);
#4222=VERTEX_POINT('',#13897);
#4223=VERTEX_POINT('',#13899);
#4224=VERTEX_POINT('',#13911);
#4225=VERTEX_POINT('',#13912);
#4226=VERTEX_POINT('',#13914);
#4227=VERTEX_POINT('',#13916);
#4228=VERTEX_POINT('',#13920);
#4229=VERTEX_POINT('',#13921);
#4230=VERTEX_POINT('',#13923);
#4231=VERTEX_POINT('',#13925);
#4232=VERTEX_POINT('',#13938);
#4233=VERTEX_POINT('',#13939);
#4234=VERTEX_POINT('',#13941);
#4235=VERTEX_POINT('',#13943);
#4236=VERTEX_POINT('',#13947);
#4237=VERTEX_POINT('',#13948);
#4238=VERTEX_POINT('',#13950);
#4239=VERTEX_POINT('',#13952);
#4240=VERTEX_POINT('',#13964);
#4241=VERTEX_POINT('',#13965);
#4242=VERTEX_POINT('',#13967);
#4243=VERTEX_POINT('',#13969);
#4244=VERTEX_POINT('',#13973);
#4245=VERTEX_POINT('',#13974);
#4246=VERTEX_POINT('',#13976);
#4247=VERTEX_POINT('',#13978);
#4248=VERTEX_POINT('',#13990);
#4249=VERTEX_POINT('',#13991);
#4250=VERTEX_POINT('',#13993);
#4251=VERTEX_POINT('',#13995);
#4252=VERTEX_POINT('',#13999);
#4253=VERTEX_POINT('',#14000);
#4254=VERTEX_POINT('',#14002);
#4255=VERTEX_POINT('',#14004);
#4256=VERTEX_POINT('',#14016);
#4257=VERTEX_POINT('',#14017);
#4258=VERTEX_POINT('',#14019);
#4259=VERTEX_POINT('',#14021);
#4260=VERTEX_POINT('',#14025);
#4261=VERTEX_POINT('',#14026);
#4262=VERTEX_POINT('',#14028);
#4263=VERTEX_POINT('',#14030);
#4264=VERTEX_POINT('',#14042);
#4265=VERTEX_POINT('',#14043);
#4266=VERTEX_POINT('',#14045);
#4267=VERTEX_POINT('',#14047);
#4268=VERTEX_POINT('',#14051);
#4269=VERTEX_POINT('',#14052);
#4270=VERTEX_POINT('',#14054);
#4271=VERTEX_POINT('',#14056);
#4272=VERTEX_POINT('',#14068);
#4273=VERTEX_POINT('',#14069);
#4274=VERTEX_POINT('',#14071);
#4275=VERTEX_POINT('',#14073);
#4276=VERTEX_POINT('',#14077);
#4277=VERTEX_POINT('',#14078);
#4278=VERTEX_POINT('',#14080);
#4279=VERTEX_POINT('',#14082);
#4280=VERTEX_POINT('',#14094);
#4281=VERTEX_POINT('',#14095);
#4282=VERTEX_POINT('',#14097);
#4283=VERTEX_POINT('',#14099);
#4284=VERTEX_POINT('',#14103);
#4285=VERTEX_POINT('',#14104);
#4286=VERTEX_POINT('',#14106);
#4287=VERTEX_POINT('',#14108);
#4288=VERTEX_POINT('',#14120);
#4289=VERTEX_POINT('',#14121);
#4290=VERTEX_POINT('',#14123);
#4291=VERTEX_POINT('',#14125);
#4292=VERTEX_POINT('',#14129);
#4293=VERTEX_POINT('',#14130);
#4294=VERTEX_POINT('',#14132);
#4295=VERTEX_POINT('',#14134);
#4296=VERTEX_POINT('',#14146);
#4297=VERTEX_POINT('',#14147);
#4298=VERTEX_POINT('',#14149);
#4299=VERTEX_POINT('',#14151);
#4300=VERTEX_POINT('',#14155);
#4301=VERTEX_POINT('',#14156);
#4302=VERTEX_POINT('',#14158);
#4303=VERTEX_POINT('',#14160);
#4304=VERTEX_POINT('',#14172);
#4305=VERTEX_POINT('',#14173);
#4306=VERTEX_POINT('',#14175);
#4307=VERTEX_POINT('',#14177);
#4308=VERTEX_POINT('',#14181);
#4309=VERTEX_POINT('',#14182);
#4310=VERTEX_POINT('',#14184);
#4311=VERTEX_POINT('',#14186);
#4312=VERTEX_POINT('',#14199);
#4313=VERTEX_POINT('',#14201);
#4314=VERTEX_POINT('',#14205);
#4315=VERTEX_POINT('',#14207);
#4316=VERTEX_POINT('',#14211);
#4317=VERTEX_POINT('',#14213);
#4318=VERTEX_POINT('',#14217);
#4319=VERTEX_POINT('',#14219);
#4320=VERTEX_POINT('',#14223);
#4321=VERTEX_POINT('',#14225);
#4322=VERTEX_POINT('',#14229);
#4323=VERTEX_POINT('',#14231);
#4324=VERTEX_POINT('',#14235);
#4325=VERTEX_POINT('',#14237);
#4326=VERTEX_POINT('',#14241);
#4327=VERTEX_POINT('',#14243);
#4328=VERTEX_POINT('',#14247);
#4329=VERTEX_POINT('',#14248);
#4330=VERTEX_POINT('',#14250);
#4331=VERTEX_POINT('',#14252);
#4332=VERTEX_POINT('',#14256);
#4333=VERTEX_POINT('',#14257);
#4334=VERTEX_POINT('',#14259);
#4335=VERTEX_POINT('',#14261);
#4336=VERTEX_POINT('',#14273);
#4337=VERTEX_POINT('',#14274);
#4338=VERTEX_POINT('',#14276);
#4339=VERTEX_POINT('',#14278);
#4340=VERTEX_POINT('',#14282);
#4341=VERTEX_POINT('',#14283);
#4342=VERTEX_POINT('',#14285);
#4343=VERTEX_POINT('',#14287);
#4344=VERTEX_POINT('',#14299);
#4345=VERTEX_POINT('',#14300);
#4346=VERTEX_POINT('',#14302);
#4347=VERTEX_POINT('',#14304);
#4348=VERTEX_POINT('',#14308);
#4349=VERTEX_POINT('',#14309);
#4350=VERTEX_POINT('',#14311);
#4351=VERTEX_POINT('',#14313);
#4352=VERTEX_POINT('',#14325);
#4353=VERTEX_POINT('',#14326);
#4354=VERTEX_POINT('',#14328);
#4355=VERTEX_POINT('',#14330);
#4356=VERTEX_POINT('',#14334);
#4357=VERTEX_POINT('',#14335);
#4358=VERTEX_POINT('',#14337);
#4359=VERTEX_POINT('',#14339);
#4360=VERTEX_POINT('',#14351);
#4361=VERTEX_POINT('',#14353);
#4362=VERTEX_POINT('',#14357);
#4363=VERTEX_POINT('',#14359);
#4364=VERTEX_POINT('',#14365);
#4365=VERTEX_POINT('',#14367);
#4366=VERTEX_POINT('',#14371);
#4367=VERTEX_POINT('',#14373);
#4368=VERTEX_POINT('',#14379);
#4369=VERTEX_POINT('',#14381);
#4370=VERTEX_POINT('',#14385);
#4371=VERTEX_POINT('',#14387);
#4372=VERTEX_POINT('',#14393);
#4373=VERTEX_POINT('',#14395);
#4374=VERTEX_POINT('',#14399);
#4375=VERTEX_POINT('',#14401);
#4376=VERTEX_POINT('',#14407);
#4377=VERTEX_POINT('',#14409);
#4378=VERTEX_POINT('',#14413);
#4379=VERTEX_POINT('',#14415);
#4380=VERTEX_POINT('',#14421);
#4381=VERTEX_POINT('',#14423);
#4382=VERTEX_POINT('',#14427);
#4383=VERTEX_POINT('',#14429);
#4384=VERTEX_POINT('',#14435);
#4385=VERTEX_POINT('',#14437);
#4386=VERTEX_POINT('',#14441);
#4387=VERTEX_POINT('',#14443);
#4388=VERTEX_POINT('',#14449);
#4389=VERTEX_POINT('',#14451);
#4390=VERTEX_POINT('',#14455);
#4391=VERTEX_POINT('',#14457);
#4392=VERTEX_POINT('',#14463);
#4393=VERTEX_POINT('',#14465);
#4394=VERTEX_POINT('',#14469);
#4395=VERTEX_POINT('',#14471);
#4396=VERTEX_POINT('',#14475);
#4397=VERTEX_POINT('',#14477);
#4398=VERTEX_POINT('',#14481);
#4399=VERTEX_POINT('',#14483);
#4400=VERTEX_POINT('',#14487);
#4401=VERTEX_POINT('',#14488);
#4402=VERTEX_POINT('',#14490);
#4403=VERTEX_POINT('',#14492);
#4404=VERTEX_POINT('',#14496);
#4405=VERTEX_POINT('',#14497);
#4406=VERTEX_POINT('',#14499);
#4407=VERTEX_POINT('',#14501);
#4408=VERTEX_POINT('',#14513);
#4409=VERTEX_POINT('',#14515);
#4410=VERTEX_POINT('',#14519);
#4411=VERTEX_POINT('',#14521);
#4412=VERTEX_POINT('',#14525);
#4413=VERTEX_POINT('',#14527);
#4414=VERTEX_POINT('',#14531);
#4415=VERTEX_POINT('',#14533);
#4416=VERTEX_POINT('',#14537);
#4417=VERTEX_POINT('',#14538);
#4418=VERTEX_POINT('',#14540);
#4419=VERTEX_POINT('',#14542);
#4420=VERTEX_POINT('',#14546);
#4421=VERTEX_POINT('',#14547);
#4422=VERTEX_POINT('',#14549);
#4423=VERTEX_POINT('',#14551);
#4424=VERTEX_POINT('',#14563);
#4425=VERTEX_POINT('',#14565);
#4426=VERTEX_POINT('',#14569);
#4427=VERTEX_POINT('',#14571);
#4428=VERTEX_POINT('',#14577);
#4429=VERTEX_POINT('',#14579);
#4430=VERTEX_POINT('',#14583);
#4431=VERTEX_POINT('',#14585);
#4432=VERTEX_POINT('',#14591);
#4433=VERTEX_POINT('',#14593);
#4434=VERTEX_POINT('',#14597);
#4435=VERTEX_POINT('',#14599);
#4436=VERTEX_POINT('',#14605);
#4437=VERTEX_POINT('',#14607);
#4438=VERTEX_POINT('',#14611);
#4439=VERTEX_POINT('',#14613);
#4440=VERTEX_POINT('',#14619);
#4441=VERTEX_POINT('',#14621);
#4442=VERTEX_POINT('',#14625);
#4443=VERTEX_POINT('',#14627);
#4444=VERTEX_POINT('',#14633);
#4445=VERTEX_POINT('',#14635);
#4446=VERTEX_POINT('',#14639);
#4447=VERTEX_POINT('',#14641);
#4448=VERTEX_POINT('',#14647);
#4449=VERTEX_POINT('',#14649);
#4450=VERTEX_POINT('',#14653);
#4451=VERTEX_POINT('',#14655);
#4452=VERTEX_POINT('',#14661);
#4453=VERTEX_POINT('',#14663);
#4454=VERTEX_POINT('',#14667);
#4455=VERTEX_POINT('',#14669);
#4456=VERTEX_POINT('',#14675);
#4457=VERTEX_POINT('',#14676);
#4458=VERTEX_POINT('',#14678);
#4459=VERTEX_POINT('',#14680);
#4460=VERTEX_POINT('',#14684);
#4461=VERTEX_POINT('',#14685);
#4462=VERTEX_POINT('',#14687);
#4463=VERTEX_POINT('',#14689);
#4464=VERTEX_POINT('',#14701);
#4465=VERTEX_POINT('',#14702);
#4466=VERTEX_POINT('',#14704);
#4467=VERTEX_POINT('',#14706);
#4468=VERTEX_POINT('',#14710);
#4469=VERTEX_POINT('',#14711);
#4470=VERTEX_POINT('',#14713);
#4471=VERTEX_POINT('',#14715);
#4472=VERTEX_POINT('',#14727);
#4473=VERTEX_POINT('',#14728);
#4474=VERTEX_POINT('',#14730);
#4475=VERTEX_POINT('',#14732);
#4476=VERTEX_POINT('',#14736);
#4477=VERTEX_POINT('',#14737);
#4478=VERTEX_POINT('',#14739);
#4479=VERTEX_POINT('',#14741);
#4480=VERTEX_POINT('',#14754);
#4481=VERTEX_POINT('',#14756);
#4482=VERTEX_POINT('',#14762);
#4483=VERTEX_POINT('',#14764);
#4484=VERTEX_POINT('',#14770);
#4485=VERTEX_POINT('',#14772);
#4486=VERTEX_POINT('',#14778);
#4487=VERTEX_POINT('',#14780);
#4488=VERTEX_POINT('',#14786);
#4489=VERTEX_POINT('',#14787);
#4490=VERTEX_POINT('',#14789);
#4491=VERTEX_POINT('',#14791);
#4492=VERTEX_POINT('',#14795);
#4493=VERTEX_POINT('',#14796);
#4494=VERTEX_POINT('',#14798);
#4495=VERTEX_POINT('',#14800);
#4496=VERTEX_POINT('',#14812);
#4497=VERTEX_POINT('',#14813);
#4498=VERTEX_POINT('',#14815);
#4499=VERTEX_POINT('',#14817);
#4500=VERTEX_POINT('',#14821);
#4501=VERTEX_POINT('',#14822);
#4502=VERTEX_POINT('',#14824);
#4503=VERTEX_POINT('',#14826);
#4504=VERTEX_POINT('',#14838);
#4505=VERTEX_POINT('',#14839);
#4506=VERTEX_POINT('',#14841);
#4507=VERTEX_POINT('',#14843);
#4508=VERTEX_POINT('',#14847);
#4509=VERTEX_POINT('',#14848);
#4510=VERTEX_POINT('',#14850);
#4511=VERTEX_POINT('',#14852);
#4512=VERTEX_POINT('',#14864);
#4513=VERTEX_POINT('',#14866);
#4514=VERTEX_POINT('',#14872);
#4515=VERTEX_POINT('',#14873);
#4516=VERTEX_POINT('',#14875);
#4517=VERTEX_POINT('',#14877);
#4518=VERTEX_POINT('',#14881);
#4519=VERTEX_POINT('',#14882);
#4520=VERTEX_POINT('',#14884);
#4521=VERTEX_POINT('',#14886);
#4522=VERTEX_POINT('',#14898);
#4523=VERTEX_POINT('',#14900);
#4524=VERTEX_POINT('',#14906);
#4525=VERTEX_POINT('',#14908);
#4526=VERTEX_POINT('',#14914);
#4527=VERTEX_POINT('',#14916);
#4528=VERTEX_POINT('',#14922);
#4529=VERTEX_POINT('',#14924);
#4530=VERTEX_POINT('',#14930);
#4531=VERTEX_POINT('',#14931);
#4532=VERTEX_POINT('',#14933);
#4533=VERTEX_POINT('',#14935);
#4534=VERTEX_POINT('',#14939);
#4535=VERTEX_POINT('',#14940);
#4536=VERTEX_POINT('',#14942);
#4537=VERTEX_POINT('',#14944);
#4538=VERTEX_POINT('',#14956);
#4539=VERTEX_POINT('',#14957);
#4540=VERTEX_POINT('',#14959);
#4541=VERTEX_POINT('',#14961);
#4542=VERTEX_POINT('',#14965);
#4543=VERTEX_POINT('',#14966);
#4544=VERTEX_POINT('',#14968);
#4545=VERTEX_POINT('',#14970);
#4546=VERTEX_POINT('',#14982);
#4547=VERTEX_POINT('',#14983);
#4548=VERTEX_POINT('',#14985);
#4549=VERTEX_POINT('',#14987);
#4550=VERTEX_POINT('',#14991);
#4551=VERTEX_POINT('',#14992);
#4552=VERTEX_POINT('',#14994);
#4553=VERTEX_POINT('',#14996);
#4554=VERTEX_POINT('',#15008);
#4555=VERTEX_POINT('',#15010);
#4556=VERTEX_POINT('',#15016);
#4557=VERTEX_POINT('',#15017);
#4558=VERTEX_POINT('',#15019);
#4559=VERTEX_POINT('',#15021);
#4560=VERTEX_POINT('',#15025);
#4561=VERTEX_POINT('',#15026);
#4562=VERTEX_POINT('',#15028);
#4563=VERTEX_POINT('',#15030);
#4564=VERTEX_POINT('',#15043);
#4565=VERTEX_POINT('',#15045);
#4566=VERTEX_POINT('',#15051);
#4567=VERTEX_POINT('',#15053);
#4568=VERTEX_POINT('',#15059);
#4569=VERTEX_POINT('',#15061);
#4570=VERTEX_POINT('',#15067);
#4571=VERTEX_POINT('',#15069);
#4572=VERTEX_POINT('',#15075);
#4573=VERTEX_POINT('',#15076);
#4574=VERTEX_POINT('',#15078);
#4575=VERTEX_POINT('',#15080);
#4576=VERTEX_POINT('',#15084);
#4577=VERTEX_POINT('',#15085);
#4578=VERTEX_POINT('',#15087);
#4579=VERTEX_POINT('',#15089);
#4580=VERTEX_POINT('',#15101);
#4581=VERTEX_POINT('',#15102);
#4582=VERTEX_POINT('',#15104);
#4583=VERTEX_POINT('',#15106);
#4584=VERTEX_POINT('',#15110);
#4585=VERTEX_POINT('',#15111);
#4586=VERTEX_POINT('',#15113);
#4587=VERTEX_POINT('',#15115);
#4588=VERTEX_POINT('',#15127);
#4589=VERTEX_POINT('',#15128);
#4590=VERTEX_POINT('',#15130);
#4591=VERTEX_POINT('',#15132);
#4592=VERTEX_POINT('',#15136);
#4593=VERTEX_POINT('',#15137);
#4594=VERTEX_POINT('',#15139);
#4595=VERTEX_POINT('',#15141);
#4596=VERTEX_POINT('',#15153);
#4597=VERTEX_POINT('',#15154);
#4598=VERTEX_POINT('',#15156);
#4599=VERTEX_POINT('',#15158);
#4600=VERTEX_POINT('',#15162);
#4601=VERTEX_POINT('',#15163);
#4602=VERTEX_POINT('',#15165);
#4603=VERTEX_POINT('',#15167);
#4604=VERTEX_POINT('',#15179);
#4605=VERTEX_POINT('',#15180);
#4606=VERTEX_POINT('',#15182);
#4607=VERTEX_POINT('',#15184);
#4608=VERTEX_POINT('',#15188);
#4609=VERTEX_POINT('',#15189);
#4610=VERTEX_POINT('',#15191);
#4611=VERTEX_POINT('',#15193);
#4612=VERTEX_POINT('',#15206);
#4613=VERTEX_POINT('',#15207);
#4614=VERTEX_POINT('',#15209);
#4615=VERTEX_POINT('',#15211);
#4616=VERTEX_POINT('',#15215);
#4617=VERTEX_POINT('',#15216);
#4618=VERTEX_POINT('',#15218);
#4619=VERTEX_POINT('',#15220);
#4620=VERTEX_POINT('',#15232);
#4621=VERTEX_POINT('',#15233);
#4622=VERTEX_POINT('',#15235);
#4623=VERTEX_POINT('',#15237);
#4624=VERTEX_POINT('',#15241);
#4625=VERTEX_POINT('',#15242);
#4626=VERTEX_POINT('',#15244);
#4627=VERTEX_POINT('',#15246);
#4628=VERTEX_POINT('',#15258);
#4629=VERTEX_POINT('',#15259);
#4630=VERTEX_POINT('',#15261);
#4631=VERTEX_POINT('',#15263);
#4632=VERTEX_POINT('',#15267);
#4633=VERTEX_POINT('',#15268);
#4634=VERTEX_POINT('',#15270);
#4635=VERTEX_POINT('',#15272);
#4636=VERTEX_POINT('',#15284);
#4637=VERTEX_POINT('',#15285);
#4638=VERTEX_POINT('',#15287);
#4639=VERTEX_POINT('',#15289);
#4640=VERTEX_POINT('',#15293);
#4641=VERTEX_POINT('',#15294);
#4642=VERTEX_POINT('',#15296);
#4643=VERTEX_POINT('',#15298);
#4644=VERTEX_POINT('',#15310);
#4645=VERTEX_POINT('',#15311);
#4646=VERTEX_POINT('',#15313);
#4647=VERTEX_POINT('',#15315);
#4648=VERTEX_POINT('',#15319);
#4649=VERTEX_POINT('',#15320);
#4650=VERTEX_POINT('',#15322);
#4651=VERTEX_POINT('',#15324);
#4652=VERTEX_POINT('',#15336);
#4653=VERTEX_POINT('',#15337);
#4654=VERTEX_POINT('',#15339);
#4655=VERTEX_POINT('',#15341);
#4656=VERTEX_POINT('',#15345);
#4657=VERTEX_POINT('',#15346);
#4658=VERTEX_POINT('',#15348);
#4659=VERTEX_POINT('',#15350);
#4660=VERTEX_POINT('',#15362);
#4661=VERTEX_POINT('',#15364);
#4662=VERTEX_POINT('',#15368);
#4663=VERTEX_POINT('',#15369);
#4664=VERTEX_POINT('',#15371);
#4665=VERTEX_POINT('',#15373);
#4666=VERTEX_POINT('',#15377);
#4667=VERTEX_POINT('',#15378);
#4668=VERTEX_POINT('',#15380);
#4669=VERTEX_POINT('',#15382);
#4670=VERTEX_POINT('',#15394);
#4671=VERTEX_POINT('',#15396);
#4672=VERTEX_POINT('',#15400);
#4673=VERTEX_POINT('',#15401);
#4674=VERTEX_POINT('',#15403);
#4675=VERTEX_POINT('',#15405);
#4676=VERTEX_POINT('',#15409);
#4677=VERTEX_POINT('',#15410);
#4678=VERTEX_POINT('',#15412);
#4679=VERTEX_POINT('',#15414);
#4680=VERTEX_POINT('',#15426);
#4681=VERTEX_POINT('',#15428);
#4682=VERTEX_POINT('',#15432);
#4683=VERTEX_POINT('',#15433);
#4684=VERTEX_POINT('',#15435);
#4685=VERTEX_POINT('',#15437);
#4686=VERTEX_POINT('',#15441);
#4687=VERTEX_POINT('',#15442);
#4688=VERTEX_POINT('',#15444);
#4689=VERTEX_POINT('',#15446);
#4690=VERTEX_POINT('',#15458);
#4691=VERTEX_POINT('',#15460);
#4692=VERTEX_POINT('',#15464);
#4693=VERTEX_POINT('',#15465);
#4694=VERTEX_POINT('',#15467);
#4695=VERTEX_POINT('',#15469);
#4696=VERTEX_POINT('',#15473);
#4697=VERTEX_POINT('',#15474);
#4698=VERTEX_POINT('',#15476);
#4699=VERTEX_POINT('',#15478);
#4700=VERTEX_POINT('',#15490);
#4701=VERTEX_POINT('',#15491);
#4702=VERTEX_POINT('',#15493);
#4703=VERTEX_POINT('',#15495);
#4704=VERTEX_POINT('',#15499);
#4705=VERTEX_POINT('',#15500);
#4706=VERTEX_POINT('',#15502);
#4707=VERTEX_POINT('',#15504);
#4708=VERTEX_POINT('',#15517);
#4709=VERTEX_POINT('',#15519);
#4710=VERTEX_POINT('',#15523);
#4711=VERTEX_POINT('',#15524);
#4712=VERTEX_POINT('',#15526);
#4713=VERTEX_POINT('',#15528);
#4714=VERTEX_POINT('',#15532);
#4715=VERTEX_POINT('',#15533);
#4716=VERTEX_POINT('',#15535);
#4717=VERTEX_POINT('',#15537);
#4718=VERTEX_POINT('',#15549);
#4719=VERTEX_POINT('',#15551);
#4720=VERTEX_POINT('',#15555);
#4721=VERTEX_POINT('',#15557);
#4722=VERTEX_POINT('',#15563);
#4723=VERTEX_POINT('',#15565);
#4724=VERTEX_POINT('',#15569);
#4725=VERTEX_POINT('',#15571);
#4726=VERTEX_POINT('',#15577);
#4727=VERTEX_POINT('',#15579);
#4728=VERTEX_POINT('',#15583);
#4729=VERTEX_POINT('',#15584);
#4730=VERTEX_POINT('',#15586);
#4731=VERTEX_POINT('',#15588);
#4732=VERTEX_POINT('',#15592);
#4733=VERTEX_POINT('',#15593);
#4734=VERTEX_POINT('',#15595);
#4735=VERTEX_POINT('',#15597);
#4736=VERTEX_POINT('',#15609);
#4737=VERTEX_POINT('',#15611);
#4738=VERTEX_POINT('',#15615);
#4739=VERTEX_POINT('',#15617);
#4740=VERTEX_POINT('',#15623);
#4741=VERTEX_POINT('',#15625);
#4742=VERTEX_POINT('',#15629);
#4743=VERTEX_POINT('',#15631);
#4744=VERTEX_POINT('',#15637);
#4745=VERTEX_POINT('',#15639);
#4746=VERTEX_POINT('',#15643);
#4747=VERTEX_POINT('',#15644);
#4748=VERTEX_POINT('',#15646);
#4749=VERTEX_POINT('',#15648);
#4750=VERTEX_POINT('',#15652);
#4751=VERTEX_POINT('',#15653);
#4752=VERTEX_POINT('',#15655);
#4753=VERTEX_POINT('',#15657);
#4754=VERTEX_POINT('',#15669);
#4755=VERTEX_POINT('',#15671);
#4756=VERTEX_POINT('',#15675);
#4757=VERTEX_POINT('',#15677);
#4758=VERTEX_POINT('',#15683);
#4759=VERTEX_POINT('',#15685);
#4760=VERTEX_POINT('',#15689);
#4761=VERTEX_POINT('',#15691);
#4762=VERTEX_POINT('',#15697);
#4763=VERTEX_POINT('',#15699);
#4764=VERTEX_POINT('',#15703);
#4765=VERTEX_POINT('',#15704);
#4766=VERTEX_POINT('',#15706);
#4767=VERTEX_POINT('',#15708);
#4768=VERTEX_POINT('',#15712);
#4769=VERTEX_POINT('',#15713);
#4770=VERTEX_POINT('',#15715);
#4771=VERTEX_POINT('',#15717);
#4772=VERTEX_POINT('',#15729);
#4773=VERTEX_POINT('',#15731);
#4774=VERTEX_POINT('',#15735);
#4775=VERTEX_POINT('',#15737);
#4776=VERTEX_POINT('',#15743);
#4777=VERTEX_POINT('',#15745);
#4778=VERTEX_POINT('',#15749);
#4779=VERTEX_POINT('',#15751);
#4780=EDGE_CURVE('',#4002,#4003,#2040,.T.);
#4781=EDGE_CURVE('',#4003,#4004,#2041,.T.);
#4782=EDGE_CURVE('',#4004,#4005,#2042,.T.);
#4783=EDGE_CURVE('',#4005,#4002,#2043,.T.);
#4784=EDGE_CURVE('',#4006,#4007,#2044,.T.);
#4785=EDGE_CURVE('',#4007,#4008,#2045,.T.);
#4786=EDGE_CURVE('',#4008,#4009,#2046,.T.);
#4787=EDGE_CURVE('',#4009,#4006,#2047,.T.);
#4788=EDGE_CURVE('',#4005,#4008,#2048,.T.);
#4789=EDGE_CURVE('',#4002,#4007,#2049,.T.);
#4790=EDGE_CURVE('',#4004,#4009,#2050,.T.);
#4791=EDGE_CURVE('',#4003,#4006,#2051,.T.);
#4792=EDGE_CURVE('',#4010,#4011,#2052,.T.);
#4793=EDGE_CURVE('',#4011,#4012,#2053,.T.);
#4794=EDGE_CURVE('',#4012,#4013,#2054,.T.);
#4795=EDGE_CURVE('',#4013,#4010,#2055,.T.);
#4796=EDGE_CURVE('',#4014,#4015,#2056,.T.);
#4797=EDGE_CURVE('',#4015,#4016,#2057,.T.);
#4798=EDGE_CURVE('',#4016,#4017,#2058,.T.);
#4799=EDGE_CURVE('',#4017,#4014,#2059,.T.);
#4800=EDGE_CURVE('',#4013,#4016,#2060,.T.);
#4801=EDGE_CURVE('',#4010,#4015,#2061,.T.);
#4802=EDGE_CURVE('',#4012,#4017,#2062,.T.);
#4803=EDGE_CURVE('',#4011,#4014,#2063,.T.);
#4804=EDGE_CURVE('',#4018,#4019,#2064,.T.);
#4805=EDGE_CURVE('',#4019,#4020,#2065,.T.);
#4806=EDGE_CURVE('',#4020,#4021,#2066,.T.);
#4807=EDGE_CURVE('',#4021,#4018,#2067,.T.);
#4808=EDGE_CURVE('',#4022,#4023,#2068,.T.);
#4809=EDGE_CURVE('',#4023,#4024,#2069,.T.);
#4810=EDGE_CURVE('',#4024,#4025,#2070,.T.);
#4811=EDGE_CURVE('',#4025,#4022,#2071,.T.);
#4812=EDGE_CURVE('',#4021,#4024,#2072,.T.);
#4813=EDGE_CURVE('',#4018,#4023,#2073,.T.);
#4814=EDGE_CURVE('',#4020,#4025,#2074,.T.);
#4815=EDGE_CURVE('',#4019,#4022,#2075,.T.);
#4816=EDGE_CURVE('',#4026,#4026,#151,.T.);
#4817=EDGE_CURVE('',#4026,#4027,#2076,.T.);
#4818=EDGE_CURVE('',#4027,#4027,#152,.T.);
#4819=EDGE_CURVE('',#4028,#4029,#2077,.T.);
#4820=EDGE_CURVE('',#4029,#4030,#2078,.T.);
#4821=EDGE_CURVE('',#4030,#4031,#2079,.T.);
#4822=EDGE_CURVE('',#4031,#4028,#2080,.T.);
#4823=EDGE_CURVE('',#4032,#4033,#2081,.T.);
#4824=EDGE_CURVE('',#4033,#4034,#2082,.T.);
#4825=EDGE_CURVE('',#4034,#4035,#2083,.T.);
#4826=EDGE_CURVE('',#4035,#4032,#2084,.T.);
#4827=EDGE_CURVE('',#4031,#4034,#2085,.T.);
#4828=EDGE_CURVE('',#4028,#4033,#2086,.T.);
#4829=EDGE_CURVE('',#4030,#4035,#2087,.T.);
#4830=EDGE_CURVE('',#4029,#4032,#2088,.T.);
#4831=EDGE_CURVE('',#4036,#4037,#2089,.T.);
#4832=EDGE_CURVE('',#4037,#4038,#2090,.T.);
#4833=EDGE_CURVE('',#4038,#4039,#2091,.T.);
#4834=EDGE_CURVE('',#4039,#4036,#2092,.T.);
#4835=EDGE_CURVE('',#4040,#4041,#2093,.T.);
#4836=EDGE_CURVE('',#4041,#4042,#2094,.T.);
#4837=EDGE_CURVE('',#4042,#4043,#2095,.T.);
#4838=EDGE_CURVE('',#4043,#4040,#2096,.T.);
#4839=EDGE_CURVE('',#4039,#4042,#2097,.T.);
#4840=EDGE_CURVE('',#4036,#4041,#2098,.T.);
#4841=EDGE_CURVE('',#4038,#4043,#2099,.T.);
#4842=EDGE_CURVE('',#4037,#4040,#2100,.T.);
#4843=EDGE_CURVE('',#4044,#4045,#2101,.T.);
#4844=EDGE_CURVE('',#4045,#4046,#2102,.T.);
#4845=EDGE_CURVE('',#4046,#4047,#2103,.T.);
#4846=EDGE_CURVE('',#4047,#4044,#2104,.T.);
#4847=EDGE_CURVE('',#4048,#4049,#2105,.T.);
#4848=EDGE_CURVE('',#4049,#4050,#2106,.T.);
#4849=EDGE_CURVE('',#4050,#4051,#2107,.T.);
#4850=EDGE_CURVE('',#4051,#4048,#2108,.T.);
#4851=EDGE_CURVE('',#4047,#4050,#2109,.T.);
#4852=EDGE_CURVE('',#4044,#4049,#2110,.T.);
#4853=EDGE_CURVE('',#4046,#4051,#2111,.T.);
#4854=EDGE_CURVE('',#4045,#4048,#2112,.T.);
#4855=EDGE_CURVE('',#4052,#4052,#153,.T.);
#4856=EDGE_CURVE('',#4052,#4053,#2113,.T.);
#4857=EDGE_CURVE('',#4053,#4053,#154,.T.);
#4858=EDGE_CURVE('',#4054,#4054,#155,.T.);
#4859=EDGE_CURVE('',#4054,#4055,#2114,.T.);
#4860=EDGE_CURVE('',#4055,#4055,#156,.T.);
#4861=EDGE_CURVE('',#4056,#4057,#2115,.T.);
#4862=EDGE_CURVE('',#4057,#4058,#2116,.T.);
#4863=EDGE_CURVE('',#4058,#4059,#2117,.T.);
#4864=EDGE_CURVE('',#4059,#4056,#2118,.T.);
#4865=EDGE_CURVE('',#4060,#4061,#2119,.T.);
#4866=EDGE_CURVE('',#4061,#4062,#2120,.T.);
#4867=EDGE_CURVE('',#4062,#4063,#2121,.T.);
#4868=EDGE_CURVE('',#4063,#4060,#2122,.T.);
#4869=EDGE_CURVE('',#4059,#4062,#2123,.T.);
#4870=EDGE_CURVE('',#4056,#4061,#2124,.T.);
#4871=EDGE_CURVE('',#4058,#4063,#2125,.T.);
#4872=EDGE_CURVE('',#4057,#4060,#2126,.T.);
#4873=EDGE_CURVE('',#4064,#4064,#157,.T.);
#4874=EDGE_CURVE('',#4064,#4065,#2127,.T.);
#4875=EDGE_CURVE('',#4065,#4065,#158,.T.);
#4876=EDGE_CURVE('',#4066,#4066,#159,.T.);
#4877=EDGE_CURVE('',#4066,#4067,#2128,.T.);
#4878=EDGE_CURVE('',#4067,#4067,#160,.T.);
#4879=EDGE_CURVE('',#4068,#4069,#2129,.T.);
#4880=EDGE_CURVE('',#4069,#4070,#2130,.T.);
#4881=EDGE_CURVE('',#4070,#4071,#2131,.T.);
#4882=EDGE_CURVE('',#4071,#4068,#2132,.T.);
#4883=EDGE_CURVE('',#4072,#4073,#2133,.T.);
#4884=EDGE_CURVE('',#4073,#4074,#2134,.T.);
#4885=EDGE_CURVE('',#4074,#4075,#2135,.T.);
#4886=EDGE_CURVE('',#4075,#4072,#2136,.T.);
#4887=EDGE_CURVE('',#4071,#4074,#2137,.T.);
#4888=EDGE_CURVE('',#4068,#4073,#2138,.T.);
#4889=EDGE_CURVE('',#4070,#4075,#2139,.T.);
#4890=EDGE_CURVE('',#4069,#4072,#2140,.T.);
#4891=EDGE_CURVE('',#4076,#4076,#161,.T.);
#4892=EDGE_CURVE('',#4076,#4077,#2141,.T.);
#4893=EDGE_CURVE('',#4077,#4077,#162,.T.);
#4894=EDGE_CURVE('',#4078,#4078,#163,.T.);
#4895=EDGE_CURVE('',#4078,#4079,#2142,.T.);
#4896=EDGE_CURVE('',#4079,#4079,#164,.T.);
#4897=EDGE_CURVE('',#4080,#4081,#2143,.T.);
#4898=EDGE_CURVE('',#4081,#4082,#2144,.T.);
#4899=EDGE_CURVE('',#4082,#4083,#2145,.T.);
#4900=EDGE_CURVE('',#4083,#4080,#2146,.T.);
#4901=EDGE_CURVE('',#4084,#4085,#2147,.T.);
#4902=EDGE_CURVE('',#4085,#4086,#2148,.T.);
#4903=EDGE_CURVE('',#4086,#4087,#2149,.T.);
#4904=EDGE_CURVE('',#4087,#4084,#2150,.T.);
#4905=EDGE_CURVE('',#4083,#4086,#2151,.T.);
#4906=EDGE_CURVE('',#4080,#4085,#2152,.T.);
#4907=EDGE_CURVE('',#4082,#4087,#2153,.T.);
#4908=EDGE_CURVE('',#4081,#4084,#2154,.T.);
#4909=EDGE_CURVE('',#4088,#4089,#2155,.T.);
#4910=EDGE_CURVE('',#4089,#4090,#2156,.T.);
#4911=EDGE_CURVE('',#4090,#4091,#2157,.T.);
#4912=EDGE_CURVE('',#4091,#4088,#2158,.T.);
#4913=EDGE_CURVE('',#4092,#4093,#2159,.T.);
#4914=EDGE_CURVE('',#4093,#4094,#2160,.T.);
#4915=EDGE_CURVE('',#4094,#4095,#2161,.T.);
#4916=EDGE_CURVE('',#4095,#4092,#2162,.T.);
#4917=EDGE_CURVE('',#4091,#4094,#2163,.T.);
#4918=EDGE_CURVE('',#4088,#4093,#2164,.T.);
#4919=EDGE_CURVE('',#4090,#4095,#2165,.T.);
#4920=EDGE_CURVE('',#4089,#4092,#2166,.T.);
#4921=EDGE_CURVE('',#4096,#4097,#2167,.T.);
#4922=EDGE_CURVE('',#4097,#4098,#2168,.T.);
#4923=EDGE_CURVE('',#4098,#4099,#2169,.T.);
#4924=EDGE_CURVE('',#4099,#4096,#2170,.T.);
#4925=EDGE_CURVE('',#4100,#4101,#2171,.T.);
#4926=EDGE_CURVE('',#4101,#4102,#2172,.T.);
#4927=EDGE_CURVE('',#4102,#4103,#2173,.T.);
#4928=EDGE_CURVE('',#4103,#4100,#2174,.T.);
#4929=EDGE_CURVE('',#4099,#4102,#2175,.T.);
#4930=EDGE_CURVE('',#4096,#4101,#2176,.T.);
#4931=EDGE_CURVE('',#4098,#4103,#2177,.T.);
#4932=EDGE_CURVE('',#4097,#4100,#2178,.T.);
#4933=EDGE_CURVE('',#4104,#4105,#2179,.T.);
#4934=EDGE_CURVE('',#4105,#4106,#2180,.T.);
#4935=EDGE_CURVE('',#4106,#4107,#2181,.T.);
#4936=EDGE_CURVE('',#4107,#4104,#2182,.T.);
#4937=EDGE_CURVE('',#4108,#4109,#2183,.T.);
#4938=EDGE_CURVE('',#4109,#4110,#2184,.T.);
#4939=EDGE_CURVE('',#4110,#4111,#2185,.T.);
#4940=EDGE_CURVE('',#4111,#4108,#2186,.T.);
#4941=EDGE_CURVE('',#4107,#4110,#2187,.T.);
#4942=EDGE_CURVE('',#4104,#4109,#2188,.T.);
#4943=EDGE_CURVE('',#4106,#4111,#2189,.T.);
#4944=EDGE_CURVE('',#4105,#4108,#2190,.T.);
#4945=EDGE_CURVE('',#4112,#4113,#2191,.T.);
#4946=EDGE_CURVE('',#4113,#4114,#2192,.T.);
#4947=EDGE_CURVE('',#4114,#4115,#2193,.T.);
#4948=EDGE_CURVE('',#4115,#4112,#2194,.T.);
#4949=EDGE_CURVE('',#4116,#4117,#2195,.T.);
#4950=EDGE_CURVE('',#4117,#4118,#2196,.T.);
#4951=EDGE_CURVE('',#4118,#4119,#2197,.T.);
#4952=EDGE_CURVE('',#4119,#4116,#2198,.T.);
#4953=EDGE_CURVE('',#4115,#4118,#2199,.T.);
#4954=EDGE_CURVE('',#4112,#4117,#2200,.T.);
#4955=EDGE_CURVE('',#4114,#4119,#2201,.T.);
#4956=EDGE_CURVE('',#4113,#4116,#2202,.T.);
#4957=EDGE_CURVE('',#4120,#4121,#2203,.T.);
#4958=EDGE_CURVE('',#4121,#4122,#2204,.T.);
#4959=EDGE_CURVE('',#4122,#4123,#2205,.T.);
#4960=EDGE_CURVE('',#4123,#4120,#2206,.T.);
#4961=EDGE_CURVE('',#4124,#4125,#2207,.T.);
#4962=EDGE_CURVE('',#4125,#4126,#2208,.T.);
#4963=EDGE_CURVE('',#4126,#4127,#2209,.T.);
#4964=EDGE_CURVE('',#4127,#4124,#2210,.T.);
#4965=EDGE_CURVE('',#4123,#4126,#2211,.T.);
#4966=EDGE_CURVE('',#4120,#4125,#2212,.T.);
#4967=EDGE_CURVE('',#4122,#4127,#2213,.T.);
#4968=EDGE_CURVE('',#4121,#4124,#2214,.T.);
#4969=EDGE_CURVE('',#4128,#4129,#2215,.T.);
#4970=EDGE_CURVE('',#4129,#4130,#2216,.T.);
#4971=EDGE_CURVE('',#4130,#4131,#2217,.T.);
#4972=EDGE_CURVE('',#4131,#4128,#2218,.T.);
#4973=EDGE_CURVE('',#4132,#4133,#2219,.T.);
#4974=EDGE_CURVE('',#4133,#4134,#2220,.T.);
#4975=EDGE_CURVE('',#4134,#4135,#2221,.T.);
#4976=EDGE_CURVE('',#4135,#4132,#2222,.T.);
#4977=EDGE_CURVE('',#4131,#4134,#2223,.T.);
#4978=EDGE_CURVE('',#4128,#4133,#2224,.T.);
#4979=EDGE_CURVE('',#4130,#4135,#2225,.T.);
#4980=EDGE_CURVE('',#4129,#4132,#2226,.T.);
#4981=EDGE_CURVE('',#4136,#4137,#2227,.T.);
#4982=EDGE_CURVE('',#4137,#4138,#2228,.T.);
#4983=EDGE_CURVE('',#4138,#4139,#2229,.T.);
#4984=EDGE_CURVE('',#4139,#4136,#2230,.T.);
#4985=EDGE_CURVE('',#4140,#4141,#2231,.T.);
#4986=EDGE_CURVE('',#4141,#4142,#2232,.T.);
#4987=EDGE_CURVE('',#4142,#4143,#2233,.T.);
#4988=EDGE_CURVE('',#4143,#4140,#2234,.T.);
#4989=EDGE_CURVE('',#4139,#4142,#2235,.T.);
#4990=EDGE_CURVE('',#4136,#4141,#2236,.T.);
#4991=EDGE_CURVE('',#4138,#4143,#2237,.T.);
#4992=EDGE_CURVE('',#4137,#4140,#2238,.T.);
#4993=EDGE_CURVE('',#4144,#4145,#2239,.T.);
#4994=EDGE_CURVE('',#4145,#4146,#2240,.T.);
#4995=EDGE_CURVE('',#4146,#4147,#2241,.T.);
#4996=EDGE_CURVE('',#4147,#4144,#2242,.T.);
#4997=EDGE_CURVE('',#4148,#4149,#2243,.T.);
#4998=EDGE_CURVE('',#4149,#4150,#2244,.T.);
#4999=EDGE_CURVE('',#4150,#4151,#2245,.T.);
#5000=EDGE_CURVE('',#4151,#4148,#2246,.T.);
#5001=EDGE_CURVE('',#4147,#4150,#2247,.T.);
#5002=EDGE_CURVE('',#4144,#4149,#2248,.T.);
#5003=EDGE_CURVE('',#4146,#4151,#2249,.T.);
#5004=EDGE_CURVE('',#4145,#4148,#2250,.T.);
#5005=EDGE_CURVE('',#4152,#4153,#2251,.T.);
#5006=EDGE_CURVE('',#4153,#4154,#2252,.T.);
#5007=EDGE_CURVE('',#4154,#4155,#2253,.T.);
#5008=EDGE_CURVE('',#4155,#4152,#2254,.T.);
#5009=EDGE_CURVE('',#4156,#4157,#2255,.T.);
#5010=EDGE_CURVE('',#4157,#4158,#2256,.T.);
#5011=EDGE_CURVE('',#4158,#4159,#2257,.T.);
#5012=EDGE_CURVE('',#4159,#4156,#2258,.T.);
#5013=EDGE_CURVE('',#4155,#4158,#2259,.T.);
#5014=EDGE_CURVE('',#4152,#4157,#2260,.T.);
#5015=EDGE_CURVE('',#4154,#4159,#2261,.T.);
#5016=EDGE_CURVE('',#4153,#4156,#2262,.T.);
#5017=EDGE_CURVE('',#4160,#4161,#2263,.T.);
#5018=EDGE_CURVE('',#4161,#4162,#2264,.T.);
#5019=EDGE_CURVE('',#4162,#4163,#2265,.T.);
#5020=EDGE_CURVE('',#4163,#4160,#2266,.T.);
#5021=EDGE_CURVE('',#4164,#4165,#2267,.T.);
#5022=EDGE_CURVE('',#4165,#4166,#2268,.T.);
#5023=EDGE_CURVE('',#4166,#4167,#2269,.T.);
#5024=EDGE_CURVE('',#4167,#4164,#2270,.T.);
#5025=EDGE_CURVE('',#4163,#4166,#2271,.T.);
#5026=EDGE_CURVE('',#4160,#4165,#2272,.T.);
#5027=EDGE_CURVE('',#4162,#4167,#2273,.T.);
#5028=EDGE_CURVE('',#4161,#4164,#2274,.T.);
#5029=EDGE_CURVE('',#4168,#4169,#2275,.T.);
#5030=EDGE_CURVE('',#4169,#4170,#2276,.T.);
#5031=EDGE_CURVE('',#4170,#4171,#2277,.T.);
#5032=EDGE_CURVE('',#4171,#4168,#2278,.T.);
#5033=EDGE_CURVE('',#4172,#4173,#2279,.T.);
#5034=EDGE_CURVE('',#4173,#4174,#2280,.T.);
#5035=EDGE_CURVE('',#4174,#4175,#2281,.T.);
#5036=EDGE_CURVE('',#4175,#4172,#2282,.T.);
#5037=EDGE_CURVE('',#4171,#4174,#2283,.T.);
#5038=EDGE_CURVE('',#4168,#4173,#2284,.T.);
#5039=EDGE_CURVE('',#4170,#4175,#2285,.T.);
#5040=EDGE_CURVE('',#4169,#4172,#2286,.T.);
#5041=EDGE_CURVE('',#4176,#4177,#2287,.T.);
#5042=EDGE_CURVE('',#4177,#4178,#2288,.T.);
#5043=EDGE_CURVE('',#4178,#4179,#2289,.T.);
#5044=EDGE_CURVE('',#4179,#4176,#2290,.T.);
#5045=EDGE_CURVE('',#4180,#4181,#2291,.T.);
#5046=EDGE_CURVE('',#4181,#4182,#2292,.T.);
#5047=EDGE_CURVE('',#4182,#4183,#2293,.T.);
#5048=EDGE_CURVE('',#4183,#4180,#2294,.T.);
#5049=EDGE_CURVE('',#4179,#4182,#2295,.T.);
#5050=EDGE_CURVE('',#4176,#4181,#2296,.T.);
#5051=EDGE_CURVE('',#4178,#4183,#2297,.T.);
#5052=EDGE_CURVE('',#4177,#4180,#2298,.T.);
#5053=EDGE_CURVE('',#4184,#4185,#2299,.T.);
#5054=EDGE_CURVE('',#4185,#4186,#2300,.T.);
#5055=EDGE_CURVE('',#4186,#4187,#2301,.T.);
#5056=EDGE_CURVE('',#4187,#4184,#2302,.T.);
#5057=EDGE_CURVE('',#4188,#4189,#2303,.T.);
#5058=EDGE_CURVE('',#4189,#4190,#2304,.T.);
#5059=EDGE_CURVE('',#4190,#4191,#2305,.T.);
#5060=EDGE_CURVE('',#4191,#4188,#2306,.T.);
#5061=EDGE_CURVE('',#4187,#4190,#2307,.T.);
#5062=EDGE_CURVE('',#4184,#4189,#2308,.T.);
#5063=EDGE_CURVE('',#4186,#4191,#2309,.T.);
#5064=EDGE_CURVE('',#4185,#4188,#2310,.T.);
#5065=EDGE_CURVE('',#4192,#4193,#2311,.T.);
#5066=EDGE_CURVE('',#4193,#4194,#2312,.T.);
#5067=EDGE_CURVE('',#4194,#4195,#2313,.T.);
#5068=EDGE_CURVE('',#4195,#4192,#2314,.T.);
#5069=EDGE_CURVE('',#4196,#4197,#2315,.T.);
#5070=EDGE_CURVE('',#4197,#4198,#2316,.T.);
#5071=EDGE_CURVE('',#4198,#4199,#2317,.T.);
#5072=EDGE_CURVE('',#4199,#4196,#2318,.T.);
#5073=EDGE_CURVE('',#4195,#4198,#2319,.T.);
#5074=EDGE_CURVE('',#4192,#4197,#2320,.T.);
#5075=EDGE_CURVE('',#4194,#4199,#2321,.T.);
#5076=EDGE_CURVE('',#4193,#4196,#2322,.T.);
#5077=EDGE_CURVE('',#4200,#4201,#2323,.T.);
#5078=EDGE_CURVE('',#4201,#4202,#2324,.T.);
#5079=EDGE_CURVE('',#4202,#4203,#2325,.T.);
#5080=EDGE_CURVE('',#4203,#4200,#2326,.T.);
#5081=EDGE_CURVE('',#4204,#4205,#2327,.T.);
#5082=EDGE_CURVE('',#4205,#4206,#2328,.T.);
#5083=EDGE_CURVE('',#4206,#4207,#2329,.T.);
#5084=EDGE_CURVE('',#4207,#4204,#2330,.T.);
#5085=EDGE_CURVE('',#4203,#4206,#2331,.T.);
#5086=EDGE_CURVE('',#4200,#4205,#2332,.T.);
#5087=EDGE_CURVE('',#4202,#4207,#2333,.T.);
#5088=EDGE_CURVE('',#4201,#4204,#2334,.T.);
#5089=EDGE_CURVE('',#4208,#4209,#2335,.T.);
#5090=EDGE_CURVE('',#4209,#4210,#2336,.T.);
#5091=EDGE_CURVE('',#4210,#4211,#2337,.T.);
#5092=EDGE_CURVE('',#4211,#4208,#2338,.T.);
#5093=EDGE_CURVE('',#4212,#4213,#2339,.T.);
#5094=EDGE_CURVE('',#4213,#4214,#2340,.T.);
#5095=EDGE_CURVE('',#4214,#4215,#2341,.T.);
#5096=EDGE_CURVE('',#4215,#4212,#2342,.T.);
#5097=EDGE_CURVE('',#4211,#4214,#2343,.T.);
#5098=EDGE_CURVE('',#4208,#4213,#2344,.T.);
#5099=EDGE_CURVE('',#4210,#4215,#2345,.T.);
#5100=EDGE_CURVE('',#4209,#4212,#2346,.T.);
#5101=EDGE_CURVE('',#4216,#4217,#2347,.T.);
#5102=EDGE_CURVE('',#4217,#4218,#2348,.T.);
#5103=EDGE_CURVE('',#4218,#4219,#2349,.T.);
#5104=EDGE_CURVE('',#4219,#4216,#2350,.T.);
#5105=EDGE_CURVE('',#4220,#4221,#2351,.T.);
#5106=EDGE_CURVE('',#4221,#4222,#2352,.T.);
#5107=EDGE_CURVE('',#4222,#4223,#2353,.T.);
#5108=EDGE_CURVE('',#4223,#4220,#2354,.T.);
#5109=EDGE_CURVE('',#4219,#4222,#2355,.T.);
#5110=EDGE_CURVE('',#4216,#4221,#2356,.T.);
#5111=EDGE_CURVE('',#4218,#4223,#2357,.T.);
#5112=EDGE_CURVE('',#4217,#4220,#2358,.T.);
#5113=EDGE_CURVE('',#4224,#4225,#2359,.T.);
#5114=EDGE_CURVE('',#4225,#4226,#2360,.T.);
#5115=EDGE_CURVE('',#4226,#4227,#2361,.T.);
#5116=EDGE_CURVE('',#4227,#4224,#2362,.T.);
#5117=EDGE_CURVE('',#4228,#4229,#2363,.T.);
#5118=EDGE_CURVE('',#4229,#4230,#2364,.T.);
#5119=EDGE_CURVE('',#4230,#4231,#2365,.T.);
#5120=EDGE_CURVE('',#4231,#4228,#2366,.T.);
#5121=EDGE_CURVE('',#4227,#4230,#2367,.T.);
#5122=EDGE_CURVE('',#4224,#4229,#2368,.T.);
#5123=EDGE_CURVE('',#4226,#4231,#2369,.T.);
#5124=EDGE_CURVE('',#4225,#4228,#2370,.T.);
#5125=EDGE_CURVE('',#4232,#4233,#2371,.T.);
#5126=EDGE_CURVE('',#4233,#4234,#2372,.T.);
#5127=EDGE_CURVE('',#4234,#4235,#2373,.T.);
#5128=EDGE_CURVE('',#4235,#4232,#2374,.T.);
#5129=EDGE_CURVE('',#4236,#4237,#2375,.T.);
#5130=EDGE_CURVE('',#4237,#4238,#2376,.T.);
#5131=EDGE_CURVE('',#4238,#4239,#2377,.T.);
#5132=EDGE_CURVE('',#4239,#4236,#2378,.T.);
#5133=EDGE_CURVE('',#4235,#4238,#2379,.T.);
#5134=EDGE_CURVE('',#4232,#4237,#2380,.T.);
#5135=EDGE_CURVE('',#4234,#4239,#2381,.T.);
#5136=EDGE_CURVE('',#4233,#4236,#2382,.T.);
#5137=EDGE_CURVE('',#4240,#4241,#2383,.T.);
#5138=EDGE_CURVE('',#4241,#4242,#2384,.T.);
#5139=EDGE_CURVE('',#4242,#4243,#2385,.T.);
#5140=EDGE_CURVE('',#4243,#4240,#2386,.T.);
#5141=EDGE_CURVE('',#4244,#4245,#2387,.T.);
#5142=EDGE_CURVE('',#4245,#4246,#2388,.T.);
#5143=EDGE_CURVE('',#4246,#4247,#2389,.T.);
#5144=EDGE_CURVE('',#4247,#4244,#2390,.T.);
#5145=EDGE_CURVE('',#4243,#4246,#2391,.T.);
#5146=EDGE_CURVE('',#4240,#4245,#2392,.T.);
#5147=EDGE_CURVE('',#4242,#4247,#2393,.T.);
#5148=EDGE_CURVE('',#4241,#4244,#2394,.T.);
#5149=EDGE_CURVE('',#4248,#4249,#2395,.T.);
#5150=EDGE_CURVE('',#4249,#4250,#2396,.T.);
#5151=EDGE_CURVE('',#4250,#4251,#2397,.T.);
#5152=EDGE_CURVE('',#4251,#4248,#2398,.T.);
#5153=EDGE_CURVE('',#4252,#4253,#2399,.T.);
#5154=EDGE_CURVE('',#4253,#4254,#2400,.T.);
#5155=EDGE_CURVE('',#4254,#4255,#2401,.T.);
#5156=EDGE_CURVE('',#4255,#4252,#2402,.T.);
#5157=EDGE_CURVE('',#4251,#4254,#2403,.T.);
#5158=EDGE_CURVE('',#4248,#4253,#2404,.T.);
#5159=EDGE_CURVE('',#4250,#4255,#2405,.T.);
#5160=EDGE_CURVE('',#4249,#4252,#2406,.T.);
#5161=EDGE_CURVE('',#4256,#4257,#2407,.T.);
#5162=EDGE_CURVE('',#4257,#4258,#2408,.T.);
#5163=EDGE_CURVE('',#4258,#4259,#2409,.T.);
#5164=EDGE_CURVE('',#4259,#4256,#2410,.T.);
#5165=EDGE_CURVE('',#4260,#4261,#2411,.T.);
#5166=EDGE_CURVE('',#4261,#4262,#2412,.T.);
#5167=EDGE_CURVE('',#4262,#4263,#2413,.T.);
#5168=EDGE_CURVE('',#4263,#4260,#2414,.T.);
#5169=EDGE_CURVE('',#4259,#4262,#2415,.T.);
#5170=EDGE_CURVE('',#4256,#4261,#2416,.T.);
#5171=EDGE_CURVE('',#4258,#4263,#2417,.T.);
#5172=EDGE_CURVE('',#4257,#4260,#2418,.T.);
#5173=EDGE_CURVE('',#4264,#4265,#2419,.T.);
#5174=EDGE_CURVE('',#4265,#4266,#2420,.T.);
#5175=EDGE_CURVE('',#4266,#4267,#2421,.T.);
#5176=EDGE_CURVE('',#4267,#4264,#2422,.T.);
#5177=EDGE_CURVE('',#4268,#4269,#2423,.T.);
#5178=EDGE_CURVE('',#4269,#4270,#2424,.T.);
#5179=EDGE_CURVE('',#4270,#4271,#2425,.T.);
#5180=EDGE_CURVE('',#4271,#4268,#2426,.T.);
#5181=EDGE_CURVE('',#4267,#4270,#2427,.T.);
#5182=EDGE_CURVE('',#4264,#4269,#2428,.T.);
#5183=EDGE_CURVE('',#4266,#4271,#2429,.T.);
#5184=EDGE_CURVE('',#4265,#4268,#2430,.T.);
#5185=EDGE_CURVE('',#4272,#4273,#2431,.T.);
#5186=EDGE_CURVE('',#4273,#4274,#2432,.T.);
#5187=EDGE_CURVE('',#4274,#4275,#2433,.T.);
#5188=EDGE_CURVE('',#4275,#4272,#2434,.T.);
#5189=EDGE_CURVE('',#4276,#4277,#2435,.T.);
#5190=EDGE_CURVE('',#4277,#4278,#2436,.T.);
#5191=EDGE_CURVE('',#4278,#4279,#2437,.T.);
#5192=EDGE_CURVE('',#4279,#4276,#2438,.T.);
#5193=EDGE_CURVE('',#4275,#4278,#2439,.T.);
#5194=EDGE_CURVE('',#4272,#4277,#2440,.T.);
#5195=EDGE_CURVE('',#4274,#4279,#2441,.T.);
#5196=EDGE_CURVE('',#4273,#4276,#2442,.T.);
#5197=EDGE_CURVE('',#4280,#4281,#2443,.T.);
#5198=EDGE_CURVE('',#4281,#4282,#2444,.T.);
#5199=EDGE_CURVE('',#4282,#4283,#2445,.T.);
#5200=EDGE_CURVE('',#4283,#4280,#2446,.T.);
#5201=EDGE_CURVE('',#4284,#4285,#2447,.T.);
#5202=EDGE_CURVE('',#4285,#4286,#2448,.T.);
#5203=EDGE_CURVE('',#4286,#4287,#2449,.T.);
#5204=EDGE_CURVE('',#4287,#4284,#2450,.T.);
#5205=EDGE_CURVE('',#4283,#4286,#2451,.T.);
#5206=EDGE_CURVE('',#4280,#4285,#2452,.T.);
#5207=EDGE_CURVE('',#4282,#4287,#2453,.T.);
#5208=EDGE_CURVE('',#4281,#4284,#2454,.T.);
#5209=EDGE_CURVE('',#4288,#4289,#2455,.T.);
#5210=EDGE_CURVE('',#4289,#4290,#2456,.T.);
#5211=EDGE_CURVE('',#4290,#4291,#2457,.T.);
#5212=EDGE_CURVE('',#4291,#4288,#2458,.T.);
#5213=EDGE_CURVE('',#4292,#4293,#2459,.T.);
#5214=EDGE_CURVE('',#4293,#4294,#2460,.T.);
#5215=EDGE_CURVE('',#4294,#4295,#2461,.T.);
#5216=EDGE_CURVE('',#4295,#4292,#2462,.T.);
#5217=EDGE_CURVE('',#4291,#4294,#2463,.T.);
#5218=EDGE_CURVE('',#4288,#4293,#2464,.T.);
#5219=EDGE_CURVE('',#4290,#4295,#2465,.T.);
#5220=EDGE_CURVE('',#4289,#4292,#2466,.T.);
#5221=EDGE_CURVE('',#4296,#4297,#2467,.T.);
#5222=EDGE_CURVE('',#4297,#4298,#2468,.T.);
#5223=EDGE_CURVE('',#4298,#4299,#2469,.T.);
#5224=EDGE_CURVE('',#4299,#4296,#2470,.T.);
#5225=EDGE_CURVE('',#4300,#4301,#2471,.T.);
#5226=EDGE_CURVE('',#4301,#4302,#2472,.T.);
#5227=EDGE_CURVE('',#4302,#4303,#2473,.T.);
#5228=EDGE_CURVE('',#4303,#4300,#2474,.T.);
#5229=EDGE_CURVE('',#4299,#4302,#2475,.T.);
#5230=EDGE_CURVE('',#4296,#4301,#2476,.T.);
#5231=EDGE_CURVE('',#4298,#4303,#2477,.T.);
#5232=EDGE_CURVE('',#4297,#4300,#2478,.T.);
#5233=EDGE_CURVE('',#4304,#4305,#2479,.T.);
#5234=EDGE_CURVE('',#4305,#4306,#2480,.T.);
#5235=EDGE_CURVE('',#4306,#4307,#2481,.T.);
#5236=EDGE_CURVE('',#4307,#4304,#2482,.T.);
#5237=EDGE_CURVE('',#4308,#4309,#2483,.T.);
#5238=EDGE_CURVE('',#4309,#4310,#2484,.T.);
#5239=EDGE_CURVE('',#4310,#4311,#2485,.T.);
#5240=EDGE_CURVE('',#4311,#4308,#2486,.T.);
#5241=EDGE_CURVE('',#4307,#4310,#2487,.T.);
#5242=EDGE_CURVE('',#4304,#4309,#2488,.T.);
#5243=EDGE_CURVE('',#4306,#4311,#2489,.T.);
#5244=EDGE_CURVE('',#4305,#4308,#2490,.T.);
#5245=EDGE_CURVE('',#4312,#4312,#165,.T.);
#5246=EDGE_CURVE('',#4312,#4313,#2491,.T.);
#5247=EDGE_CURVE('',#4313,#4313,#166,.T.);
#5248=EDGE_CURVE('',#4314,#4314,#167,.T.);
#5249=EDGE_CURVE('',#4314,#4315,#2492,.T.);
#5250=EDGE_CURVE('',#4315,#4315,#168,.T.);
#5251=EDGE_CURVE('',#4316,#4316,#169,.T.);
#5252=EDGE_CURVE('',#4316,#4317,#2493,.T.);
#5253=EDGE_CURVE('',#4317,#4317,#170,.T.);
#5254=EDGE_CURVE('',#4318,#4318,#171,.T.);
#5255=EDGE_CURVE('',#4318,#4319,#2494,.T.);
#5256=EDGE_CURVE('',#4319,#4319,#172,.T.);
#5257=EDGE_CURVE('',#4320,#4320,#173,.T.);
#5258=EDGE_CURVE('',#4320,#4321,#2495,.T.);
#5259=EDGE_CURVE('',#4321,#4321,#174,.T.);
#5260=EDGE_CURVE('',#4322,#4322,#175,.T.);
#5261=EDGE_CURVE('',#4322,#4323,#2496,.T.);
#5262=EDGE_CURVE('',#4323,#4323,#176,.T.);
#5263=EDGE_CURVE('',#4324,#4324,#177,.T.);
#5264=EDGE_CURVE('',#4324,#4325,#2497,.T.);
#5265=EDGE_CURVE('',#4325,#4325,#178,.T.);
#5266=EDGE_CURVE('',#4326,#4326,#179,.T.);
#5267=EDGE_CURVE('',#4326,#4327,#2498,.T.);
#5268=EDGE_CURVE('',#4327,#4327,#180,.T.);
#5269=EDGE_CURVE('',#4328,#4329,#2499,.T.);
#5270=EDGE_CURVE('',#4329,#4330,#2500,.T.);
#5271=EDGE_CURVE('',#4330,#4331,#2501,.T.);
#5272=EDGE_CURVE('',#4331,#4328,#2502,.T.);
#5273=EDGE_CURVE('',#4332,#4333,#2503,.T.);
#5274=EDGE_CURVE('',#4333,#4334,#2504,.T.);
#5275=EDGE_CURVE('',#4334,#4335,#2505,.T.);
#5276=EDGE_CURVE('',#4335,#4332,#2506,.T.);
#5277=EDGE_CURVE('',#4331,#4334,#2507,.T.);
#5278=EDGE_CURVE('',#4328,#4333,#2508,.T.);
#5279=EDGE_CURVE('',#4330,#4335,#2509,.T.);
#5280=EDGE_CURVE('',#4329,#4332,#2510,.T.);
#5281=EDGE_CURVE('',#4336,#4337,#2511,.T.);
#5282=EDGE_CURVE('',#4337,#4338,#2512,.T.);
#5283=EDGE_CURVE('',#4338,#4339,#2513,.T.);
#5284=EDGE_CURVE('',#4339,#4336,#2514,.T.);
#5285=EDGE_CURVE('',#4340,#4341,#2515,.T.);
#5286=EDGE_CURVE('',#4341,#4342,#2516,.T.);
#5287=EDGE_CURVE('',#4342,#4343,#2517,.T.);
#5288=EDGE_CURVE('',#4343,#4340,#2518,.T.);
#5289=EDGE_CURVE('',#4339,#4342,#2519,.T.);
#5290=EDGE_CURVE('',#4336,#4341,#2520,.T.);
#5291=EDGE_CURVE('',#4338,#4343,#2521,.T.);
#5292=EDGE_CURVE('',#4337,#4340,#2522,.T.);
#5293=EDGE_CURVE('',#4344,#4345,#2523,.T.);
#5294=EDGE_CURVE('',#4345,#4346,#2524,.T.);
#5295=EDGE_CURVE('',#4346,#4347,#2525,.T.);
#5296=EDGE_CURVE('',#4347,#4344,#2526,.T.);
#5297=EDGE_CURVE('',#4348,#4349,#2527,.T.);
#5298=EDGE_CURVE('',#4349,#4350,#2528,.T.);
#5299=EDGE_CURVE('',#4350,#4351,#2529,.T.);
#5300=EDGE_CURVE('',#4351,#4348,#2530,.T.);
#5301=EDGE_CURVE('',#4347,#4350,#2531,.T.);
#5302=EDGE_CURVE('',#4344,#4349,#2532,.T.);
#5303=EDGE_CURVE('',#4346,#4351,#2533,.T.);
#5304=EDGE_CURVE('',#4345,#4348,#2534,.T.);
#5305=EDGE_CURVE('',#4352,#4353,#2535,.T.);
#5306=EDGE_CURVE('',#4353,#4354,#2536,.T.);
#5307=EDGE_CURVE('',#4354,#4355,#2537,.T.);
#5308=EDGE_CURVE('',#4355,#4352,#2538,.T.);
#5309=EDGE_CURVE('',#4356,#4357,#2539,.T.);
#5310=EDGE_CURVE('',#4357,#4358,#2540,.T.);
#5311=EDGE_CURVE('',#4358,#4359,#2541,.T.);
#5312=EDGE_CURVE('',#4359,#4356,#2542,.T.);
#5313=EDGE_CURVE('',#4355,#4358,#2543,.T.);
#5314=EDGE_CURVE('',#4352,#4357,#2544,.T.);
#5315=EDGE_CURVE('',#4354,#4359,#2545,.T.);
#5316=EDGE_CURVE('',#4353,#4356,#2546,.T.);
#5317=EDGE_CURVE('',#4360,#4360,#181,.T.);
#5318=EDGE_CURVE('',#4360,#4361,#2547,.T.);
#5319=EDGE_CURVE('',#4361,#4361,#182,.T.);
#5320=EDGE_CURVE('',#4362,#4362,#183,.T.);
#5321=EDGE_CURVE('',#4362,#4363,#2548,.T.);
#5322=EDGE_CURVE('',#4363,#4363,#184,.T.);
#5323=EDGE_CURVE('',#4364,#4364,#185,.T.);
#5324=EDGE_CURVE('',#4364,#4365,#2549,.T.);
#5325=EDGE_CURVE('',#4365,#4365,#186,.T.);
#5326=EDGE_CURVE('',#4366,#4366,#187,.T.);
#5327=EDGE_CURVE('',#4366,#4367,#2550,.T.);
#5328=EDGE_CURVE('',#4367,#4367,#188,.T.);
#5329=EDGE_CURVE('',#4368,#4368,#189,.T.);
#5330=EDGE_CURVE('',#4368,#4369,#2551,.T.);
#5331=EDGE_CURVE('',#4369,#4369,#190,.T.);
#5332=EDGE_CURVE('',#4370,#4370,#191,.T.);
#5333=EDGE_CURVE('',#4370,#4371,#2552,.T.);
#5334=EDGE_CURVE('',#4371,#4371,#192,.T.);
#5335=EDGE_CURVE('',#4372,#4372,#193,.T.);
#5336=EDGE_CURVE('',#4372,#4373,#2553,.T.);
#5337=EDGE_CURVE('',#4373,#4373,#194,.T.);
#5338=EDGE_CURVE('',#4374,#4374,#195,.T.);
#5339=EDGE_CURVE('',#4374,#4375,#2554,.T.);
#5340=EDGE_CURVE('',#4375,#4375,#196,.T.);
#5341=EDGE_CURVE('',#4376,#4376,#197,.T.);
#5342=EDGE_CURVE('',#4376,#4377,#2555,.T.);
#5343=EDGE_CURVE('',#4377,#4377,#198,.T.);
#5344=EDGE_CURVE('',#4378,#4378,#199,.T.);
#5345=EDGE_CURVE('',#4378,#4379,#2556,.T.);
#5346=EDGE_CURVE('',#4379,#4379,#200,.T.);
#5347=EDGE_CURVE('',#4380,#4380,#201,.T.);
#5348=EDGE_CURVE('',#4380,#4381,#2557,.T.);
#5349=EDGE_CURVE('',#4381,#4381,#202,.T.);
#5350=EDGE_CURVE('',#4382,#4382,#203,.T.);
#5351=EDGE_CURVE('',#4382,#4383,#2558,.T.);
#5352=EDGE_CURVE('',#4383,#4383,#204,.T.);
#5353=EDGE_CURVE('',#4384,#4384,#205,.T.);
#5354=EDGE_CURVE('',#4384,#4385,#2559,.T.);
#5355=EDGE_CURVE('',#4385,#4385,#206,.T.);
#5356=EDGE_CURVE('',#4386,#4386,#207,.T.);
#5357=EDGE_CURVE('',#4386,#4387,#2560,.T.);
#5358=EDGE_CURVE('',#4387,#4387,#208,.T.);
#5359=EDGE_CURVE('',#4388,#4388,#209,.T.);
#5360=EDGE_CURVE('',#4388,#4389,#2561,.T.);
#5361=EDGE_CURVE('',#4389,#4389,#210,.T.);
#5362=EDGE_CURVE('',#4390,#4390,#211,.T.);
#5363=EDGE_CURVE('',#4390,#4391,#2562,.T.);
#5364=EDGE_CURVE('',#4391,#4391,#212,.T.);
#5365=EDGE_CURVE('',#4392,#4392,#213,.T.);
#5366=EDGE_CURVE('',#4392,#4393,#2563,.T.);
#5367=EDGE_CURVE('',#4393,#4393,#214,.T.);
#5368=EDGE_CURVE('',#4394,#4394,#215,.T.);
#5369=EDGE_CURVE('',#4394,#4395,#2564,.T.);
#5370=EDGE_CURVE('',#4395,#4395,#216,.T.);
#5371=EDGE_CURVE('',#4396,#4396,#217,.T.);
#5372=EDGE_CURVE('',#4396,#4397,#2565,.T.);
#5373=EDGE_CURVE('',#4397,#4397,#218,.T.);
#5374=EDGE_CURVE('',#4398,#4398,#219,.T.);
#5375=EDGE_CURVE('',#4398,#4399,#2566,.T.);
#5376=EDGE_CURVE('',#4399,#4399,#220,.T.);
#5377=EDGE_CURVE('',#4400,#4401,#2567,.T.);
#5378=EDGE_CURVE('',#4401,#4402,#2568,.T.);
#5379=EDGE_CURVE('',#4402,#4403,#2569,.T.);
#5380=EDGE_CURVE('',#4403,#4400,#2570,.T.);
#5381=EDGE_CURVE('',#4404,#4405,#2571,.T.);
#5382=EDGE_CURVE('',#4405,#4406,#2572,.T.);
#5383=EDGE_CURVE('',#4406,#4407,#2573,.T.);
#5384=EDGE_CURVE('',#4407,#4404,#2574,.T.);
#5385=EDGE_CURVE('',#4403,#4406,#2575,.T.);
#5386=EDGE_CURVE('',#4400,#4405,#2576,.T.);
#5387=EDGE_CURVE('',#4402,#4407,#2577,.T.);
#5388=EDGE_CURVE('',#4401,#4404,#2578,.T.);
#5389=EDGE_CURVE('',#4408,#4408,#221,.T.);
#5390=EDGE_CURVE('',#4408,#4409,#2579,.T.);
#5391=EDGE_CURVE('',#4409,#4409,#222,.T.);
#5392=EDGE_CURVE('',#4410,#4410,#223,.T.);
#5393=EDGE_CURVE('',#4410,#4411,#2580,.T.);
#5394=EDGE_CURVE('',#4411,#4411,#224,.T.);
#5395=EDGE_CURVE('',#4412,#4412,#225,.T.);
#5396=EDGE_CURVE('',#4412,#4413,#2581,.T.);
#5397=EDGE_CURVE('',#4413,#4413,#226,.T.);
#5398=EDGE_CURVE('',#4414,#4414,#227,.T.);
#5399=EDGE_CURVE('',#4414,#4415,#2582,.T.);
#5400=EDGE_CURVE('',#4415,#4415,#228,.T.);
#5401=EDGE_CURVE('',#4416,#4417,#2583,.T.);
#5402=EDGE_CURVE('',#4417,#4418,#2584,.T.);
#5403=EDGE_CURVE('',#4418,#4419,#2585,.T.);
#5404=EDGE_CURVE('',#4419,#4416,#2586,.T.);
#5405=EDGE_CURVE('',#4420,#4421,#2587,.T.);
#5406=EDGE_CURVE('',#4421,#4422,#2588,.T.);
#5407=EDGE_CURVE('',#4422,#4423,#2589,.T.);
#5408=EDGE_CURVE('',#4423,#4420,#2590,.T.);
#5409=EDGE_CURVE('',#4419,#4422,#2591,.T.);
#5410=EDGE_CURVE('',#4416,#4421,#2592,.T.);
#5411=EDGE_CURVE('',#4418,#4423,#2593,.T.);
#5412=EDGE_CURVE('',#4417,#4420,#2594,.T.);
#5413=EDGE_CURVE('',#4424,#4424,#229,.T.);
#5414=EDGE_CURVE('',#4424,#4425,#2595,.T.);
#5415=EDGE_CURVE('',#4425,#4425,#230,.T.);
#5416=EDGE_CURVE('',#4426,#4426,#231,.T.);
#5417=EDGE_CURVE('',#4426,#4427,#2596,.T.);
#5418=EDGE_CURVE('',#4427,#4427,#232,.T.);
#5419=EDGE_CURVE('',#4428,#4428,#233,.T.);
#5420=EDGE_CURVE('',#4428,#4429,#2597,.T.);
#5421=EDGE_CURVE('',#4429,#4429,#234,.T.);
#5422=EDGE_CURVE('',#4430,#4430,#235,.T.);
#5423=EDGE_CURVE('',#4430,#4431,#2598,.T.);
#5424=EDGE_CURVE('',#4431,#4431,#236,.T.);
#5425=EDGE_CURVE('',#4432,#4432,#237,.T.);
#5426=EDGE_CURVE('',#4432,#4433,#2599,.T.);
#5427=EDGE_CURVE('',#4433,#4433,#238,.T.);
#5428=EDGE_CURVE('',#4434,#4434,#239,.T.);
#5429=EDGE_CURVE('',#4434,#4435,#2600,.T.);
#5430=EDGE_CURVE('',#4435,#4435,#240,.T.);
#5431=EDGE_CURVE('',#4436,#4436,#241,.T.);
#5432=EDGE_CURVE('',#4436,#4437,#2601,.T.);
#5433=EDGE_CURVE('',#4437,#4437,#242,.T.);
#5434=EDGE_CURVE('',#4438,#4438,#243,.T.);
#5435=EDGE_CURVE('',#4438,#4439,#2602,.T.);
#5436=EDGE_CURVE('',#4439,#4439,#244,.T.);
#5437=EDGE_CURVE('',#4440,#4440,#245,.T.);
#5438=EDGE_CURVE('',#4440,#4441,#2603,.T.);
#5439=EDGE_CURVE('',#4441,#4441,#246,.T.);
#5440=EDGE_CURVE('',#4442,#4442,#247,.T.);
#5441=EDGE_CURVE('',#4442,#4443,#2604,.T.);
#5442=EDGE_CURVE('',#4443,#4443,#248,.T.);
#5443=EDGE_CURVE('',#4444,#4444,#249,.T.);
#5444=EDGE_CURVE('',#4444,#4445,#2605,.T.);
#5445=EDGE_CURVE('',#4445,#4445,#250,.T.);
#5446=EDGE_CURVE('',#4446,#4446,#251,.T.);
#5447=EDGE_CURVE('',#4446,#4447,#2606,.T.);
#5448=EDGE_CURVE('',#4447,#4447,#252,.T.);
#5449=EDGE_CURVE('',#4448,#4448,#253,.T.);
#5450=EDGE_CURVE('',#4448,#4449,#2607,.T.);
#5451=EDGE_CURVE('',#4449,#4449,#254,.T.);
#5452=EDGE_CURVE('',#4450,#4450,#255,.T.);
#5453=EDGE_CURVE('',#4450,#4451,#2608,.T.);
#5454=EDGE_CURVE('',#4451,#4451,#256,.T.);
#5455=EDGE_CURVE('',#4452,#4452,#257,.T.);
#5456=EDGE_CURVE('',#4452,#4453,#2609,.T.);
#5457=EDGE_CURVE('',#4453,#4453,#258,.T.);
#5458=EDGE_CURVE('',#4454,#4454,#259,.T.);
#5459=EDGE_CURVE('',#4454,#4455,#2610,.T.);
#5460=EDGE_CURVE('',#4455,#4455,#260,.T.);
#5461=EDGE_CURVE('',#4456,#4457,#2611,.T.);
#5462=EDGE_CURVE('',#4457,#4458,#2612,.T.);
#5463=EDGE_CURVE('',#4458,#4459,#2613,.T.);
#5464=EDGE_CURVE('',#4459,#4456,#2614,.T.);
#5465=EDGE_CURVE('',#4460,#4461,#2615,.T.);
#5466=EDGE_CURVE('',#4461,#4462,#2616,.T.);
#5467=EDGE_CURVE('',#4462,#4463,#2617,.T.);
#5468=EDGE_CURVE('',#4463,#4460,#2618,.T.);
#5469=EDGE_CURVE('',#4459,#4462,#2619,.T.);
#5470=EDGE_CURVE('',#4456,#4461,#2620,.T.);
#5471=EDGE_CURVE('',#4458,#4463,#2621,.T.);
#5472=EDGE_CURVE('',#4457,#4460,#2622,.T.);
#5473=EDGE_CURVE('',#4464,#4465,#2623,.T.);
#5474=EDGE_CURVE('',#4465,#4466,#2624,.T.);
#5475=EDGE_CURVE('',#4466,#4467,#2625,.T.);
#5476=EDGE_CURVE('',#4467,#4464,#2626,.T.);
#5477=EDGE_CURVE('',#4468,#4469,#2627,.T.);
#5478=EDGE_CURVE('',#4469,#4470,#2628,.T.);
#5479=EDGE_CURVE('',#4470,#4471,#2629,.T.);
#5480=EDGE_CURVE('',#4471,#4468,#2630,.T.);
#5481=EDGE_CURVE('',#4467,#4470,#2631,.T.);
#5482=EDGE_CURVE('',#4464,#4469,#2632,.T.);
#5483=EDGE_CURVE('',#4466,#4471,#2633,.T.);
#5484=EDGE_CURVE('',#4465,#4468,#2634,.T.);
#5485=EDGE_CURVE('',#4472,#4473,#2635,.T.);
#5486=EDGE_CURVE('',#4473,#4474,#2636,.T.);
#5487=EDGE_CURVE('',#4474,#4475,#2637,.T.);
#5488=EDGE_CURVE('',#4475,#4472,#2638,.T.);
#5489=EDGE_CURVE('',#4476,#4477,#2639,.T.);
#5490=EDGE_CURVE('',#4477,#4478,#2640,.T.);
#5491=EDGE_CURVE('',#4478,#4479,#2641,.T.);
#5492=EDGE_CURVE('',#4479,#4476,#2642,.T.);
#5493=EDGE_CURVE('',#4475,#4478,#2643,.T.);
#5494=EDGE_CURVE('',#4472,#4477,#2644,.T.);
#5495=EDGE_CURVE('',#4474,#4479,#2645,.T.);
#5496=EDGE_CURVE('',#4473,#4476,#2646,.T.);
#5497=EDGE_CURVE('',#4480,#4480,#261,.T.);
#5498=EDGE_CURVE('',#4480,#4481,#2647,.T.);
#5499=EDGE_CURVE('',#4481,#4481,#262,.T.);
#5500=EDGE_CURVE('',#4482,#4482,#263,.T.);
#5501=EDGE_CURVE('',#4482,#4483,#2648,.T.);
#5502=EDGE_CURVE('',#4483,#4483,#264,.T.);
#5503=EDGE_CURVE('',#4484,#4484,#265,.T.);
#5504=EDGE_CURVE('',#4484,#4485,#2649,.T.);
#5505=EDGE_CURVE('',#4485,#4485,#266,.T.);
#5506=EDGE_CURVE('',#4486,#4486,#267,.T.);
#5507=EDGE_CURVE('',#4486,#4487,#2650,.T.);
#5508=EDGE_CURVE('',#4487,#4487,#268,.T.);
#5509=EDGE_CURVE('',#4488,#4489,#2651,.T.);
#5510=EDGE_CURVE('',#4489,#4490,#2652,.T.);
#5511=EDGE_CURVE('',#4490,#4491,#2653,.T.);
#5512=EDGE_CURVE('',#4491,#4488,#2654,.T.);
#5513=EDGE_CURVE('',#4492,#4493,#2655,.T.);
#5514=EDGE_CURVE('',#4493,#4494,#2656,.T.);
#5515=EDGE_CURVE('',#4494,#4495,#2657,.T.);
#5516=EDGE_CURVE('',#4495,#4492,#2658,.T.);
#5517=EDGE_CURVE('',#4491,#4494,#2659,.T.);
#5518=EDGE_CURVE('',#4488,#4493,#2660,.T.);
#5519=EDGE_CURVE('',#4490,#4495,#2661,.T.);
#5520=EDGE_CURVE('',#4489,#4492,#2662,.T.);
#5521=EDGE_CURVE('',#4496,#4497,#2663,.T.);
#5522=EDGE_CURVE('',#4497,#4498,#2664,.T.);
#5523=EDGE_CURVE('',#4498,#4499,#2665,.T.);
#5524=EDGE_CURVE('',#4499,#4496,#2666,.T.);
#5525=EDGE_CURVE('',#4500,#4501,#2667,.T.);
#5526=EDGE_CURVE('',#4501,#4502,#2668,.T.);
#5527=EDGE_CURVE('',#4502,#4503,#2669,.T.);
#5528=EDGE_CURVE('',#4503,#4500,#2670,.T.);
#5529=EDGE_CURVE('',#4499,#4502,#2671,.T.);
#5530=EDGE_CURVE('',#4496,#4501,#2672,.T.);
#5531=EDGE_CURVE('',#4498,#4503,#2673,.T.);
#5532=EDGE_CURVE('',#4497,#4500,#2674,.T.);
#5533=EDGE_CURVE('',#4504,#4505,#2675,.T.);
#5534=EDGE_CURVE('',#4505,#4506,#2676,.T.);
#5535=EDGE_CURVE('',#4506,#4507,#2677,.T.);
#5536=EDGE_CURVE('',#4507,#4504,#2678,.T.);
#5537=EDGE_CURVE('',#4508,#4509,#2679,.T.);
#5538=EDGE_CURVE('',#4509,#4510,#2680,.T.);
#5539=EDGE_CURVE('',#4510,#4511,#2681,.T.);
#5540=EDGE_CURVE('',#4511,#4508,#2682,.T.);
#5541=EDGE_CURVE('',#4507,#4510,#2683,.T.);
#5542=EDGE_CURVE('',#4504,#4509,#2684,.T.);
#5543=EDGE_CURVE('',#4506,#4511,#2685,.T.);
#5544=EDGE_CURVE('',#4505,#4508,#2686,.T.);
#5545=EDGE_CURVE('',#4512,#4512,#269,.T.);
#5546=EDGE_CURVE('',#4512,#4513,#2687,.T.);
#5547=EDGE_CURVE('',#4513,#4513,#270,.T.);
#5548=EDGE_CURVE('',#4514,#4515,#2688,.T.);
#5549=EDGE_CURVE('',#4515,#4516,#2689,.T.);
#5550=EDGE_CURVE('',#4516,#4517,#2690,.T.);
#5551=EDGE_CURVE('',#4517,#4514,#2691,.T.);
#5552=EDGE_CURVE('',#4518,#4519,#2692,.T.);
#5553=EDGE_CURVE('',#4519,#4520,#2693,.T.);
#5554=EDGE_CURVE('',#4520,#4521,#2694,.T.);
#5555=EDGE_CURVE('',#4521,#4518,#2695,.T.);
#5556=EDGE_CURVE('',#4517,#4520,#2696,.T.);
#5557=EDGE_CURVE('',#4514,#4519,#2697,.T.);
#5558=EDGE_CURVE('',#4516,#4521,#2698,.T.);
#5559=EDGE_CURVE('',#4515,#4518,#2699,.T.);
#5560=EDGE_CURVE('',#4522,#4522,#271,.T.);
#5561=EDGE_CURVE('',#4522,#4523,#2700,.T.);
#5562=EDGE_CURVE('',#4523,#4523,#272,.T.);
#5563=EDGE_CURVE('',#4524,#4524,#273,.T.);
#5564=EDGE_CURVE('',#4524,#4525,#2701,.T.);
#5565=EDGE_CURVE('',#4525,#4525,#274,.T.);
#5566=EDGE_CURVE('',#4526,#4526,#275,.T.);
#5567=EDGE_CURVE('',#4526,#4527,#2702,.T.);
#5568=EDGE_CURVE('',#4527,#4527,#276,.T.);
#5569=EDGE_CURVE('',#4528,#4528,#277,.T.);
#5570=EDGE_CURVE('',#4528,#4529,#2703,.T.);
#5571=EDGE_CURVE('',#4529,#4529,#278,.T.);
#5572=EDGE_CURVE('',#4530,#4531,#2704,.T.);
#5573=EDGE_CURVE('',#4531,#4532,#2705,.T.);
#5574=EDGE_CURVE('',#4532,#4533,#2706,.T.);
#5575=EDGE_CURVE('',#4533,#4530,#2707,.T.);
#5576=EDGE_CURVE('',#4534,#4535,#2708,.T.);
#5577=EDGE_CURVE('',#4535,#4536,#2709,.T.);
#5578=EDGE_CURVE('',#4536,#4537,#2710,.T.);
#5579=EDGE_CURVE('',#4537,#4534,#2711,.T.);
#5580=EDGE_CURVE('',#4533,#4536,#2712,.T.);
#5581=EDGE_CURVE('',#4530,#4535,#2713,.T.);
#5582=EDGE_CURVE('',#4532,#4537,#2714,.T.);
#5583=EDGE_CURVE('',#4531,#4534,#2715,.T.);
#5584=EDGE_CURVE('',#4538,#4539,#2716,.T.);
#5585=EDGE_CURVE('',#4539,#4540,#2717,.T.);
#5586=EDGE_CURVE('',#4540,#4541,#2718,.T.);
#5587=EDGE_CURVE('',#4541,#4538,#2719,.T.);
#5588=EDGE_CURVE('',#4542,#4543,#2720,.T.);
#5589=EDGE_CURVE('',#4543,#4544,#2721,.T.);
#5590=EDGE_CURVE('',#4544,#4545,#2722,.T.);
#5591=EDGE_CURVE('',#4545,#4542,#2723,.T.);
#5592=EDGE_CURVE('',#4541,#4544,#2724,.T.);
#5593=EDGE_CURVE('',#4538,#4543,#2725,.T.);
#5594=EDGE_CURVE('',#4540,#4545,#2726,.T.);
#5595=EDGE_CURVE('',#4539,#4542,#2727,.T.);
#5596=EDGE_CURVE('',#4546,#4547,#2728,.T.);
#5597=EDGE_CURVE('',#4547,#4548,#2729,.T.);
#5598=EDGE_CURVE('',#4548,#4549,#2730,.T.);
#5599=EDGE_CURVE('',#4549,#4546,#2731,.T.);
#5600=EDGE_CURVE('',#4550,#4551,#2732,.T.);
#5601=EDGE_CURVE('',#4551,#4552,#2733,.T.);
#5602=EDGE_CURVE('',#4552,#4553,#2734,.T.);
#5603=EDGE_CURVE('',#4553,#4550,#2735,.T.);
#5604=EDGE_CURVE('',#4549,#4552,#2736,.T.);
#5605=EDGE_CURVE('',#4546,#4551,#2737,.T.);
#5606=EDGE_CURVE('',#4548,#4553,#2738,.T.);
#5607=EDGE_CURVE('',#4547,#4550,#2739,.T.);
#5608=EDGE_CURVE('',#4554,#4554,#279,.T.);
#5609=EDGE_CURVE('',#4554,#4555,#2740,.T.);
#5610=EDGE_CURVE('',#4555,#4555,#280,.T.);
#5611=EDGE_CURVE('',#4556,#4557,#2741,.T.);
#5612=EDGE_CURVE('',#4557,#4558,#2742,.T.);
#5613=EDGE_CURVE('',#4558,#4559,#2743,.T.);
#5614=EDGE_CURVE('',#4559,#4556,#2744,.T.);
#5615=EDGE_CURVE('',#4560,#4561,#2745,.T.);
#5616=EDGE_CURVE('',#4561,#4562,#2746,.T.);
#5617=EDGE_CURVE('',#4562,#4563,#2747,.T.);
#5618=EDGE_CURVE('',#4563,#4560,#2748,.T.);
#5619=EDGE_CURVE('',#4559,#4562,#2749,.T.);
#5620=EDGE_CURVE('',#4556,#4561,#2750,.T.);
#5621=EDGE_CURVE('',#4558,#4563,#2751,.T.);
#5622=EDGE_CURVE('',#4557,#4560,#2752,.T.);
#5623=EDGE_CURVE('',#4564,#4564,#281,.T.);
#5624=EDGE_CURVE('',#4564,#4565,#2753,.T.);
#5625=EDGE_CURVE('',#4565,#4565,#282,.T.);
#5626=EDGE_CURVE('',#4566,#4566,#283,.T.);
#5627=EDGE_CURVE('',#4566,#4567,#2754,.T.);
#5628=EDGE_CURVE('',#4567,#4567,#284,.T.);
#5629=EDGE_CURVE('',#4568,#4568,#285,.T.);
#5630=EDGE_CURVE('',#4568,#4569,#2755,.T.);
#5631=EDGE_CURVE('',#4569,#4569,#286,.T.);
#5632=EDGE_CURVE('',#4570,#4570,#287,.T.);
#5633=EDGE_CURVE('',#4570,#4571,#2756,.T.);
#5634=EDGE_CURVE('',#4571,#4571,#288,.T.);
#5635=EDGE_CURVE('',#4572,#4573,#2757,.T.);
#5636=EDGE_CURVE('',#4573,#4574,#2758,.T.);
#5637=EDGE_CURVE('',#4574,#4575,#2759,.T.);
#5638=EDGE_CURVE('',#4575,#4572,#2760,.T.);
#5639=EDGE_CURVE('',#4576,#4577,#2761,.T.);
#5640=EDGE_CURVE('',#4577,#4578,#2762,.T.);
#5641=EDGE_CURVE('',#4578,#4579,#2763,.T.);
#5642=EDGE_CURVE('',#4579,#4576,#2764,.T.);
#5643=EDGE_CURVE('',#4575,#4578,#2765,.T.);
#5644=EDGE_CURVE('',#4572,#4577,#2766,.T.);
#5645=EDGE_CURVE('',#4574,#4579,#2767,.T.);
#5646=EDGE_CURVE('',#4573,#4576,#2768,.T.);
#5647=EDGE_CURVE('',#4580,#4581,#2769,.T.);
#5648=EDGE_CURVE('',#4581,#4582,#2770,.T.);
#5649=EDGE_CURVE('',#4582,#4583,#2771,.T.);
#5650=EDGE_CURVE('',#4583,#4580,#2772,.T.);
#5651=EDGE_CURVE('',#4584,#4585,#2773,.T.);
#5652=EDGE_CURVE('',#4585,#4586,#2774,.T.);
#5653=EDGE_CURVE('',#4586,#4587,#2775,.T.);
#5654=EDGE_CURVE('',#4587,#4584,#2776,.T.);
#5655=EDGE_CURVE('',#4583,#4586,#2777,.T.);
#5656=EDGE_CURVE('',#4580,#4585,#2778,.T.);
#5657=EDGE_CURVE('',#4582,#4587,#2779,.T.);
#5658=EDGE_CURVE('',#4581,#4584,#2780,.T.);
#5659=EDGE_CURVE('',#4588,#4589,#2781,.T.);
#5660=EDGE_CURVE('',#4589,#4590,#2782,.T.);
#5661=EDGE_CURVE('',#4590,#4591,#2783,.T.);
#5662=EDGE_CURVE('',#4591,#4588,#2784,.T.);
#5663=EDGE_CURVE('',#4592,#4593,#2785,.T.);
#5664=EDGE_CURVE('',#4593,#4594,#2786,.T.);
#5665=EDGE_CURVE('',#4594,#4595,#2787,.T.);
#5666=EDGE_CURVE('',#4595,#4592,#2788,.T.);
#5667=EDGE_CURVE('',#4591,#4594,#2789,.T.);
#5668=EDGE_CURVE('',#4588,#4593,#2790,.T.);
#5669=EDGE_CURVE('',#4590,#4595,#2791,.T.);
#5670=EDGE_CURVE('',#4589,#4592,#2792,.T.);
#5671=EDGE_CURVE('',#4596,#4597,#2793,.T.);
#5672=EDGE_CURVE('',#4597,#4598,#2794,.T.);
#5673=EDGE_CURVE('',#4598,#4599,#2795,.T.);
#5674=EDGE_CURVE('',#4599,#4596,#2796,.T.);
#5675=EDGE_CURVE('',#4600,#4601,#2797,.T.);
#5676=EDGE_CURVE('',#4601,#4602,#2798,.T.);
#5677=EDGE_CURVE('',#4602,#4603,#2799,.T.);
#5678=EDGE_CURVE('',#4603,#4600,#2800,.T.);
#5679=EDGE_CURVE('',#4599,#4602,#2801,.T.);
#5680=EDGE_CURVE('',#4596,#4601,#2802,.T.);
#5681=EDGE_CURVE('',#4598,#4603,#2803,.T.);
#5682=EDGE_CURVE('',#4597,#4600,#2804,.T.);
#5683=EDGE_CURVE('',#4604,#4605,#2805,.T.);
#5684=EDGE_CURVE('',#4605,#4606,#2806,.T.);
#5685=EDGE_CURVE('',#4606,#4607,#2807,.T.);
#5686=EDGE_CURVE('',#4607,#4604,#2808,.T.);
#5687=EDGE_CURVE('',#4608,#4609,#2809,.T.);
#5688=EDGE_CURVE('',#4609,#4610,#2810,.T.);
#5689=EDGE_CURVE('',#4610,#4611,#2811,.T.);
#5690=EDGE_CURVE('',#4611,#4608,#2812,.T.);
#5691=EDGE_CURVE('',#4607,#4610,#2813,.T.);
#5692=EDGE_CURVE('',#4604,#4609,#2814,.T.);
#5693=EDGE_CURVE('',#4606,#4611,#2815,.T.);
#5694=EDGE_CURVE('',#4605,#4608,#2816,.T.);
#5695=EDGE_CURVE('',#4612,#4613,#2817,.T.);
#5696=EDGE_CURVE('',#4613,#4614,#2818,.T.);
#5697=EDGE_CURVE('',#4614,#4615,#2819,.T.);
#5698=EDGE_CURVE('',#4615,#4612,#2820,.T.);
#5699=EDGE_CURVE('',#4616,#4617,#2821,.T.);
#5700=EDGE_CURVE('',#4617,#4618,#2822,.T.);
#5701=EDGE_CURVE('',#4618,#4619,#2823,.T.);
#5702=EDGE_CURVE('',#4619,#4616,#2824,.T.);
#5703=EDGE_CURVE('',#4615,#4618,#2825,.T.);
#5704=EDGE_CURVE('',#4612,#4617,#2826,.T.);
#5705=EDGE_CURVE('',#4614,#4619,#2827,.T.);
#5706=EDGE_CURVE('',#4613,#4616,#2828,.T.);
#5707=EDGE_CURVE('',#4620,#4621,#2829,.T.);
#5708=EDGE_CURVE('',#4621,#4622,#2830,.T.);
#5709=EDGE_CURVE('',#4622,#4623,#2831,.T.);
#5710=EDGE_CURVE('',#4623,#4620,#2832,.T.);
#5711=EDGE_CURVE('',#4624,#4625,#2833,.T.);
#5712=EDGE_CURVE('',#4625,#4626,#2834,.T.);
#5713=EDGE_CURVE('',#4626,#4627,#2835,.T.);
#5714=EDGE_CURVE('',#4627,#4624,#2836,.T.);
#5715=EDGE_CURVE('',#4623,#4626,#2837,.T.);
#5716=EDGE_CURVE('',#4620,#4625,#2838,.T.);
#5717=EDGE_CURVE('',#4622,#4627,#2839,.T.);
#5718=EDGE_CURVE('',#4621,#4624,#2840,.T.);
#5719=EDGE_CURVE('',#4628,#4629,#2841,.T.);
#5720=EDGE_CURVE('',#4629,#4630,#2842,.T.);
#5721=EDGE_CURVE('',#4630,#4631,#2843,.T.);
#5722=EDGE_CURVE('',#4631,#4628,#2844,.T.);
#5723=EDGE_CURVE('',#4632,#4633,#2845,.T.);
#5724=EDGE_CURVE('',#4633,#4634,#2846,.T.);
#5725=EDGE_CURVE('',#4634,#4635,#2847,.T.);
#5726=EDGE_CURVE('',#4635,#4632,#2848,.T.);
#5727=EDGE_CURVE('',#4631,#4634,#2849,.T.);
#5728=EDGE_CURVE('',#4628,#4633,#2850,.T.);
#5729=EDGE_CURVE('',#4630,#4635,#2851,.T.);
#5730=EDGE_CURVE('',#4629,#4632,#2852,.T.);
#5731=EDGE_CURVE('',#4636,#4637,#2853,.T.);
#5732=EDGE_CURVE('',#4637,#4638,#2854,.T.);
#5733=EDGE_CURVE('',#4638,#4639,#2855,.T.);
#5734=EDGE_CURVE('',#4639,#4636,#2856,.T.);
#5735=EDGE_CURVE('',#4640,#4641,#2857,.T.);
#5736=EDGE_CURVE('',#4641,#4642,#2858,.T.);
#5737=EDGE_CURVE('',#4642,#4643,#2859,.T.);
#5738=EDGE_CURVE('',#4643,#4640,#2860,.T.);
#5739=EDGE_CURVE('',#4639,#4642,#2861,.T.);
#5740=EDGE_CURVE('',#4636,#4641,#2862,.T.);
#5741=EDGE_CURVE('',#4638,#4643,#2863,.T.);
#5742=EDGE_CURVE('',#4637,#4640,#2864,.T.);
#5743=EDGE_CURVE('',#4644,#4645,#2865,.T.);
#5744=EDGE_CURVE('',#4645,#4646,#2866,.T.);
#5745=EDGE_CURVE('',#4646,#4647,#2867,.T.);
#5746=EDGE_CURVE('',#4647,#4644,#2868,.T.);
#5747=EDGE_CURVE('',#4648,#4649,#2869,.T.);
#5748=EDGE_CURVE('',#4649,#4650,#2870,.T.);
#5749=EDGE_CURVE('',#4650,#4651,#2871,.T.);
#5750=EDGE_CURVE('',#4651,#4648,#2872,.T.);
#5751=EDGE_CURVE('',#4647,#4650,#2873,.T.);
#5752=EDGE_CURVE('',#4644,#4649,#2874,.T.);
#5753=EDGE_CURVE('',#4646,#4651,#2875,.T.);
#5754=EDGE_CURVE('',#4645,#4648,#2876,.T.);
#5755=EDGE_CURVE('',#4652,#4653,#2877,.T.);
#5756=EDGE_CURVE('',#4653,#4654,#2878,.T.);
#5757=EDGE_CURVE('',#4654,#4655,#2879,.T.);
#5758=EDGE_CURVE('',#4655,#4652,#2880,.T.);
#5759=EDGE_CURVE('',#4656,#4657,#2881,.T.);
#5760=EDGE_CURVE('',#4657,#4658,#2882,.T.);
#5761=EDGE_CURVE('',#4658,#4659,#2883,.T.);
#5762=EDGE_CURVE('',#4659,#4656,#2884,.T.);
#5763=EDGE_CURVE('',#4655,#4658,#2885,.T.);
#5764=EDGE_CURVE('',#4652,#4657,#2886,.T.);
#5765=EDGE_CURVE('',#4654,#4659,#2887,.T.);
#5766=EDGE_CURVE('',#4653,#4656,#2888,.T.);
#5767=EDGE_CURVE('',#4660,#4660,#289,.T.);
#5768=EDGE_CURVE('',#4660,#4661,#2889,.T.);
#5769=EDGE_CURVE('',#4661,#4661,#290,.T.);
#5770=EDGE_CURVE('',#4662,#4663,#2890,.T.);
#5771=EDGE_CURVE('',#4663,#4664,#2891,.T.);
#5772=EDGE_CURVE('',#4664,#4665,#2892,.T.);
#5773=EDGE_CURVE('',#4665,#4662,#2893,.T.);
#5774=EDGE_CURVE('',#4666,#4667,#2894,.T.);
#5775=EDGE_CURVE('',#4667,#4668,#2895,.T.);
#5776=EDGE_CURVE('',#4668,#4669,#2896,.T.);
#5777=EDGE_CURVE('',#4669,#4666,#2897,.T.);
#5778=EDGE_CURVE('',#4665,#4668,#2898,.T.);
#5779=EDGE_CURVE('',#4662,#4667,#2899,.T.);
#5780=EDGE_CURVE('',#4664,#4669,#2900,.T.);
#5781=EDGE_CURVE('',#4663,#4666,#2901,.T.);
#5782=EDGE_CURVE('',#4670,#4670,#291,.T.);
#5783=EDGE_CURVE('',#4670,#4671,#2902,.T.);
#5784=EDGE_CURVE('',#4671,#4671,#292,.T.);
#5785=EDGE_CURVE('',#4672,#4673,#2903,.T.);
#5786=EDGE_CURVE('',#4673,#4674,#2904,.T.);
#5787=EDGE_CURVE('',#4674,#4675,#2905,.T.);
#5788=EDGE_CURVE('',#4675,#4672,#2906,.T.);
#5789=EDGE_CURVE('',#4676,#4677,#2907,.T.);
#5790=EDGE_CURVE('',#4677,#4678,#2908,.T.);
#5791=EDGE_CURVE('',#4678,#4679,#2909,.T.);
#5792=EDGE_CURVE('',#4679,#4676,#2910,.T.);
#5793=EDGE_CURVE('',#4675,#4678,#2911,.T.);
#5794=EDGE_CURVE('',#4672,#4677,#2912,.T.);
#5795=EDGE_CURVE('',#4674,#4679,#2913,.T.);
#5796=EDGE_CURVE('',#4673,#4676,#2914,.T.);
#5797=EDGE_CURVE('',#4680,#4680,#293,.T.);
#5798=EDGE_CURVE('',#4680,#4681,#2915,.T.);
#5799=EDGE_CURVE('',#4681,#4681,#294,.T.);
#5800=EDGE_CURVE('',#4682,#4683,#2916,.T.);
#5801=EDGE_CURVE('',#4683,#4684,#2917,.T.);
#5802=EDGE_CURVE('',#4684,#4685,#2918,.T.);
#5803=EDGE_CURVE('',#4685,#4682,#2919,.T.);
#5804=EDGE_CURVE('',#4686,#4687,#2920,.T.);
#5805=EDGE_CURVE('',#4687,#4688,#2921,.T.);
#5806=EDGE_CURVE('',#4688,#4689,#2922,.T.);
#5807=EDGE_CURVE('',#4689,#4686,#2923,.T.);
#5808=EDGE_CURVE('',#4685,#4688,#2924,.T.);
#5809=EDGE_CURVE('',#4682,#4687,#2925,.T.);
#5810=EDGE_CURVE('',#4684,#4689,#2926,.T.);
#5811=EDGE_CURVE('',#4683,#4686,#2927,.T.);
#5812=EDGE_CURVE('',#4690,#4690,#295,.T.);
#5813=EDGE_CURVE('',#4690,#4691,#2928,.T.);
#5814=EDGE_CURVE('',#4691,#4691,#296,.T.);
#5815=EDGE_CURVE('',#4692,#4693,#2929,.T.);
#5816=EDGE_CURVE('',#4693,#4694,#2930,.T.);
#5817=EDGE_CURVE('',#4694,#4695,#2931,.T.);
#5818=EDGE_CURVE('',#4695,#4692,#2932,.T.);
#5819=EDGE_CURVE('',#4696,#4697,#2933,.T.);
#5820=EDGE_CURVE('',#4697,#4698,#2934,.T.);
#5821=EDGE_CURVE('',#4698,#4699,#2935,.T.);
#5822=EDGE_CURVE('',#4699,#4696,#2936,.T.);
#5823=EDGE_CURVE('',#4695,#4698,#2937,.T.);
#5824=EDGE_CURVE('',#4692,#4697,#2938,.T.);
#5825=EDGE_CURVE('',#4694,#4699,#2939,.T.);
#5826=EDGE_CURVE('',#4693,#4696,#2940,.T.);
#5827=EDGE_CURVE('',#4700,#4701,#2941,.T.);
#5828=EDGE_CURVE('',#4701,#4702,#2942,.T.);
#5829=EDGE_CURVE('',#4702,#4703,#2943,.T.);
#5830=EDGE_CURVE('',#4703,#4700,#2944,.T.);
#5831=EDGE_CURVE('',#4704,#4705,#2945,.T.);
#5832=EDGE_CURVE('',#4705,#4706,#2946,.T.);
#5833=EDGE_CURVE('',#4706,#4707,#2947,.T.);
#5834=EDGE_CURVE('',#4707,#4704,#2948,.T.);
#5835=EDGE_CURVE('',#4703,#4706,#2949,.T.);
#5836=EDGE_CURVE('',#4700,#4705,#2950,.T.);
#5837=EDGE_CURVE('',#4702,#4707,#2951,.T.);
#5838=EDGE_CURVE('',#4701,#4704,#2952,.T.);
#5839=EDGE_CURVE('',#4708,#4708,#297,.T.);
#5840=EDGE_CURVE('',#4708,#4709,#2953,.T.);
#5841=EDGE_CURVE('',#4709,#4709,#298,.T.);
#5842=EDGE_CURVE('',#4710,#4711,#2954,.T.);
#5843=EDGE_CURVE('',#4711,#4712,#2955,.T.);
#5844=EDGE_CURVE('',#4712,#4713,#2956,.T.);
#5845=EDGE_CURVE('',#4713,#4710,#2957,.T.);
#5846=EDGE_CURVE('',#4714,#4715,#2958,.T.);
#5847=EDGE_CURVE('',#4715,#4716,#2959,.T.);
#5848=EDGE_CURVE('',#4716,#4717,#2960,.T.);
#5849=EDGE_CURVE('',#4717,#4714,#2961,.T.);
#5850=EDGE_CURVE('',#4713,#4716,#2962,.T.);
#5851=EDGE_CURVE('',#4710,#4715,#2963,.T.);
#5852=EDGE_CURVE('',#4712,#4717,#2964,.T.);
#5853=EDGE_CURVE('',#4711,#4714,#2965,.T.);
#5854=EDGE_CURVE('',#4718,#4718,#299,.T.);
#5855=EDGE_CURVE('',#4718,#4719,#2966,.T.);
#5856=EDGE_CURVE('',#4719,#4719,#300,.T.);
#5857=EDGE_CURVE('',#4720,#4720,#301,.T.);
#5858=EDGE_CURVE('',#4720,#4721,#2967,.T.);
#5859=EDGE_CURVE('',#4721,#4721,#302,.T.);
#5860=EDGE_CURVE('',#4722,#4722,#303,.T.);
#5861=EDGE_CURVE('',#4722,#4723,#2968,.T.);
#5862=EDGE_CURVE('',#4723,#4723,#304,.T.);
#5863=EDGE_CURVE('',#4724,#4724,#305,.T.);
#5864=EDGE_CURVE('',#4724,#4725,#2969,.T.);
#5865=EDGE_CURVE('',#4725,#4725,#306,.T.);
#5866=EDGE_CURVE('',#4726,#4726,#307,.T.);
#5867=EDGE_CURVE('',#4726,#4727,#2970,.T.);
#5868=EDGE_CURVE('',#4727,#4727,#308,.T.);
#5869=EDGE_CURVE('',#4728,#4729,#2971,.T.);
#5870=EDGE_CURVE('',#4729,#4730,#2972,.T.);
#5871=EDGE_CURVE('',#4730,#4731,#2973,.T.);
#5872=EDGE_CURVE('',#4731,#4728,#2974,.T.);
#5873=EDGE_CURVE('',#4732,#4733,#2975,.T.);
#5874=EDGE_CURVE('',#4733,#4734,#2976,.T.);
#5875=EDGE_CURVE('',#4734,#4735,#2977,.T.);
#5876=EDGE_CURVE('',#4735,#4732,#2978,.T.);
#5877=EDGE_CURVE('',#4731,#4734,#2979,.T.);
#5878=EDGE_CURVE('',#4728,#4733,#2980,.T.);
#5879=EDGE_CURVE('',#4730,#4735,#2981,.T.);
#5880=EDGE_CURVE('',#4729,#4732,#2982,.T.);
#5881=EDGE_CURVE('',#4736,#4736,#309,.T.);
#5882=EDGE_CURVE('',#4736,#4737,#2983,.T.);
#5883=EDGE_CURVE('',#4737,#4737,#310,.T.);
#5884=EDGE_CURVE('',#4738,#4738,#311,.T.);
#5885=EDGE_CURVE('',#4738,#4739,#2984,.T.);
#5886=EDGE_CURVE('',#4739,#4739,#312,.T.);
#5887=EDGE_CURVE('',#4740,#4740,#313,.T.);
#5888=EDGE_CURVE('',#4740,#4741,#2985,.T.);
#5889=EDGE_CURVE('',#4741,#4741,#314,.T.);
#5890=EDGE_CURVE('',#4742,#4742,#315,.T.);
#5891=EDGE_CURVE('',#4742,#4743,#2986,.T.);
#5892=EDGE_CURVE('',#4743,#4743,#316,.T.);
#5893=EDGE_CURVE('',#4744,#4744,#317,.T.);
#5894=EDGE_CURVE('',#4744,#4745,#2987,.T.);
#5895=EDGE_CURVE('',#4745,#4745,#318,.T.);
#5896=EDGE_CURVE('',#4746,#4747,#2988,.T.);
#5897=EDGE_CURVE('',#4747,#4748,#2989,.T.);
#5898=EDGE_CURVE('',#4748,#4749,#2990,.T.);
#5899=EDGE_CURVE('',#4749,#4746,#2991,.T.);
#5900=EDGE_CURVE('',#4750,#4751,#2992,.T.);
#5901=EDGE_CURVE('',#4751,#4752,#2993,.T.);
#5902=EDGE_CURVE('',#4752,#4753,#2994,.T.);
#5903=EDGE_CURVE('',#4753,#4750,#2995,.T.);
#5904=EDGE_CURVE('',#4749,#4752,#2996,.T.);
#5905=EDGE_CURVE('',#4746,#4751,#2997,.T.);
#5906=EDGE_CURVE('',#4748,#4753,#2998,.T.);
#5907=EDGE_CURVE('',#4747,#4750,#2999,.T.);
#5908=EDGE_CURVE('',#4754,#4754,#319,.T.);
#5909=EDGE_CURVE('',#4754,#4755,#3000,.T.);
#5910=EDGE_CURVE('',#4755,#4755,#320,.T.);
#5911=EDGE_CURVE('',#4756,#4756,#321,.T.);
#5912=EDGE_CURVE('',#4756,#4757,#3001,.T.);
#5913=EDGE_CURVE('',#4757,#4757,#322,.T.);
#5914=EDGE_CURVE('',#4758,#4758,#323,.T.);
#5915=EDGE_CURVE('',#4758,#4759,#3002,.T.);
#5916=EDGE_CURVE('',#4759,#4759,#324,.T.);
#5917=EDGE_CURVE('',#4760,#4760,#325,.T.);
#5918=EDGE_CURVE('',#4760,#4761,#3003,.T.);
#5919=EDGE_CURVE('',#4761,#4761,#326,.T.);
#5920=EDGE_CURVE('',#4762,#4762,#327,.T.);
#5921=EDGE_CURVE('',#4762,#4763,#3004,.T.);
#5922=EDGE_CURVE('',#4763,#4763,#328,.T.);
#5923=EDGE_CURVE('',#4764,#4765,#3005,.T.);
#5924=EDGE_CURVE('',#4765,#4766,#3006,.T.);
#5925=EDGE_CURVE('',#4766,#4767,#3007,.T.);
#5926=EDGE_CURVE('',#4767,#4764,#3008,.T.);
#5927=EDGE_CURVE('',#4768,#4769,#3009,.T.);
#5928=EDGE_CURVE('',#4769,#4770,#3010,.T.);
#5929=EDGE_CURVE('',#4770,#4771,#3011,.T.);
#5930=EDGE_CURVE('',#4771,#4768,#3012,.T.);
#5931=EDGE_CURVE('',#4767,#4770,#3013,.T.);
#5932=EDGE_CURVE('',#4764,#4769,#3014,.T.);
#5933=EDGE_CURVE('',#4766,#4771,#3015,.T.);
#5934=EDGE_CURVE('',#4765,#4768,#3016,.T.);
#5935=EDGE_CURVE('',#4772,#4772,#329,.T.);
#5936=EDGE_CURVE('',#4772,#4773,#3017,.T.);
#5937=EDGE_CURVE('',#4773,#4773,#330,.T.);
#5938=EDGE_CURVE('',#4774,#4774,#331,.T.);
#5939=EDGE_CURVE('',#4774,#4775,#3018,.T.);
#5940=EDGE_CURVE('',#4775,#4775,#332,.T.);
#5941=EDGE_CURVE('',#4776,#4776,#333,.T.);
#5942=EDGE_CURVE('',#4776,#4777,#3019,.T.);
#5943=EDGE_CURVE('',#4777,#4777,#334,.T.);
#5944=EDGE_CURVE('',#4778,#4778,#335,.T.);
#5945=EDGE_CURVE('',#4778,#4779,#3020,.T.);
#5946=EDGE_CURVE('',#4779,#4779,#336,.T.);
#5947=ORIENTED_EDGE('',*,*,#4780,.T.);
#5948=ORIENTED_EDGE('',*,*,#4781,.T.);
#5949=ORIENTED_EDGE('',*,*,#4782,.T.);
#5950=ORIENTED_EDGE('',*,*,#4783,.T.);
#5951=ORIENTED_EDGE('',*,*,#4784,.T.);
#5952=ORIENTED_EDGE('',*,*,#4785,.T.);
#5953=ORIENTED_EDGE('',*,*,#4786,.T.);
#5954=ORIENTED_EDGE('',*,*,#4787,.T.);
#5955=ORIENTED_EDGE('',*,*,#4788,.T.);
#5956=ORIENTED_EDGE('',*,*,#4785,.F.);
#5957=ORIENTED_EDGE('',*,*,#4789,.F.);
#5958=ORIENTED_EDGE('',*,*,#4783,.F.);
#5959=ORIENTED_EDGE('',*,*,#4790,.T.);
#5960=ORIENTED_EDGE('',*,*,#4786,.F.);
#5961=ORIENTED_EDGE('',*,*,#4788,.F.);
#5962=ORIENTED_EDGE('',*,*,#4782,.F.);
#5963=ORIENTED_EDGE('',*,*,#4791,.T.);
#5964=ORIENTED_EDGE('',*,*,#4787,.F.);
#5965=ORIENTED_EDGE('',*,*,#4790,.F.);
#5966=ORIENTED_EDGE('',*,*,#4781,.F.);
#5967=ORIENTED_EDGE('',*,*,#4789,.T.);
#5968=ORIENTED_EDGE('',*,*,#4784,.F.);
#5969=ORIENTED_EDGE('',*,*,#4791,.F.);
#5970=ORIENTED_EDGE('',*,*,#4780,.F.);
#5971=ORIENTED_EDGE('',*,*,#4792,.T.);
#5972=ORIENTED_EDGE('',*,*,#4793,.T.);
#5973=ORIENTED_EDGE('',*,*,#4794,.T.);
#5974=ORIENTED_EDGE('',*,*,#4795,.T.);
#5975=ORIENTED_EDGE('',*,*,#4796,.T.);
#5976=ORIENTED_EDGE('',*,*,#4797,.T.);
#5977=ORIENTED_EDGE('',*,*,#4798,.T.);
#5978=ORIENTED_EDGE('',*,*,#4799,.T.);
#5979=ORIENTED_EDGE('',*,*,#4800,.T.);
#5980=ORIENTED_EDGE('',*,*,#4797,.F.);
#5981=ORIENTED_EDGE('',*,*,#4801,.F.);
#5982=ORIENTED_EDGE('',*,*,#4795,.F.);
#5983=ORIENTED_EDGE('',*,*,#4802,.T.);
#5984=ORIENTED_EDGE('',*,*,#4798,.F.);
#5985=ORIENTED_EDGE('',*,*,#4800,.F.);
#5986=ORIENTED_EDGE('',*,*,#4794,.F.);
#5987=ORIENTED_EDGE('',*,*,#4803,.T.);
#5988=ORIENTED_EDGE('',*,*,#4799,.F.);
#5989=ORIENTED_EDGE('',*,*,#4802,.F.);
#5990=ORIENTED_EDGE('',*,*,#4793,.F.);
#5991=ORIENTED_EDGE('',*,*,#4801,.T.);
#5992=ORIENTED_EDGE('',*,*,#4796,.F.);
#5993=ORIENTED_EDGE('',*,*,#4803,.F.);
#5994=ORIENTED_EDGE('',*,*,#4792,.F.);
#5995=ORIENTED_EDGE('',*,*,#4804,.T.);
#5996=ORIENTED_EDGE('',*,*,#4805,.T.);
#5997=ORIENTED_EDGE('',*,*,#4806,.T.);
#5998=ORIENTED_EDGE('',*,*,#4807,.T.);
#5999=ORIENTED_EDGE('',*,*,#4808,.T.);
#6000=ORIENTED_EDGE('',*,*,#4809,.T.);
#6001=ORIENTED_EDGE('',*,*,#4810,.T.);
#6002=ORIENTED_EDGE('',*,*,#4811,.T.);
#6003=ORIENTED_EDGE('',*,*,#4812,.T.);
#6004=ORIENTED_EDGE('',*,*,#4809,.F.);
#6005=ORIENTED_EDGE('',*,*,#4813,.F.);
#6006=ORIENTED_EDGE('',*,*,#4807,.F.);
#6007=ORIENTED_EDGE('',*,*,#4814,.T.);
#6008=ORIENTED_EDGE('',*,*,#4810,.F.);
#6009=ORIENTED_EDGE('',*,*,#4812,.F.);
#6010=ORIENTED_EDGE('',*,*,#4806,.F.);
#6011=ORIENTED_EDGE('',*,*,#4815,.T.);
#6012=ORIENTED_EDGE('',*,*,#4811,.F.);
#6013=ORIENTED_EDGE('',*,*,#4814,.F.);
#6014=ORIENTED_EDGE('',*,*,#4805,.F.);
#6015=ORIENTED_EDGE('',*,*,#4813,.T.);
#6016=ORIENTED_EDGE('',*,*,#4808,.F.);
#6017=ORIENTED_EDGE('',*,*,#4815,.F.);
#6018=ORIENTED_EDGE('',*,*,#4804,.F.);
#6019=ORIENTED_EDGE('',*,*,#4816,.F.);
#6020=ORIENTED_EDGE('',*,*,#4817,.T.);
#6021=ORIENTED_EDGE('',*,*,#4818,.F.);
#6022=ORIENTED_EDGE('',*,*,#4817,.F.);
#6023=ORIENTED_EDGE('',*,*,#4818,.T.);
#6024=ORIENTED_EDGE('',*,*,#4816,.T.);
#6025=ORIENTED_EDGE('',*,*,#4819,.T.);
#6026=ORIENTED_EDGE('',*,*,#4820,.T.);
#6027=ORIENTED_EDGE('',*,*,#4821,.T.);
#6028=ORIENTED_EDGE('',*,*,#4822,.T.);
#6029=ORIENTED_EDGE('',*,*,#4823,.T.);
#6030=ORIENTED_EDGE('',*,*,#4824,.T.);
#6031=ORIENTED_EDGE('',*,*,#4825,.T.);
#6032=ORIENTED_EDGE('',*,*,#4826,.T.);
#6033=ORIENTED_EDGE('',*,*,#4827,.T.);
#6034=ORIENTED_EDGE('',*,*,#4824,.F.);
#6035=ORIENTED_EDGE('',*,*,#4828,.F.);
#6036=ORIENTED_EDGE('',*,*,#4822,.F.);
#6037=ORIENTED_EDGE('',*,*,#4829,.T.);
#6038=ORIENTED_EDGE('',*,*,#4825,.F.);
#6039=ORIENTED_EDGE('',*,*,#4827,.F.);
#6040=ORIENTED_EDGE('',*,*,#4821,.F.);
#6041=ORIENTED_EDGE('',*,*,#4830,.T.);
#6042=ORIENTED_EDGE('',*,*,#4826,.F.);
#6043=ORIENTED_EDGE('',*,*,#4829,.F.);
#6044=ORIENTED_EDGE('',*,*,#4820,.F.);
#6045=ORIENTED_EDGE('',*,*,#4828,.T.);
#6046=ORIENTED_EDGE('',*,*,#4823,.F.);
#6047=ORIENTED_EDGE('',*,*,#4830,.F.);
#6048=ORIENTED_EDGE('',*,*,#4819,.F.);
#6049=ORIENTED_EDGE('',*,*,#4831,.T.);
#6050=ORIENTED_EDGE('',*,*,#4832,.T.);
#6051=ORIENTED_EDGE('',*,*,#4833,.T.);
#6052=ORIENTED_EDGE('',*,*,#4834,.T.);
#6053=ORIENTED_EDGE('',*,*,#4835,.T.);
#6054=ORIENTED_EDGE('',*,*,#4836,.T.);
#6055=ORIENTED_EDGE('',*,*,#4837,.T.);
#6056=ORIENTED_EDGE('',*,*,#4838,.T.);
#6057=ORIENTED_EDGE('',*,*,#4839,.T.);
#6058=ORIENTED_EDGE('',*,*,#4836,.F.);
#6059=ORIENTED_EDGE('',*,*,#4840,.F.);
#6060=ORIENTED_EDGE('',*,*,#4834,.F.);
#6061=ORIENTED_EDGE('',*,*,#4841,.T.);
#6062=ORIENTED_EDGE('',*,*,#4837,.F.);
#6063=ORIENTED_EDGE('',*,*,#4839,.F.);
#6064=ORIENTED_EDGE('',*,*,#4833,.F.);
#6065=ORIENTED_EDGE('',*,*,#4842,.T.);
#6066=ORIENTED_EDGE('',*,*,#4838,.F.);
#6067=ORIENTED_EDGE('',*,*,#4841,.F.);
#6068=ORIENTED_EDGE('',*,*,#4832,.F.);
#6069=ORIENTED_EDGE('',*,*,#4840,.T.);
#6070=ORIENTED_EDGE('',*,*,#4835,.F.);
#6071=ORIENTED_EDGE('',*,*,#4842,.F.);
#6072=ORIENTED_EDGE('',*,*,#4831,.F.);
#6073=ORIENTED_EDGE('',*,*,#4843,.T.);
#6074=ORIENTED_EDGE('',*,*,#4844,.T.);
#6075=ORIENTED_EDGE('',*,*,#4845,.T.);
#6076=ORIENTED_EDGE('',*,*,#4846,.T.);
#6077=ORIENTED_EDGE('',*,*,#4847,.T.);
#6078=ORIENTED_EDGE('',*,*,#4848,.T.);
#6079=ORIENTED_EDGE('',*,*,#4849,.T.);
#6080=ORIENTED_EDGE('',*,*,#4850,.T.);
#6081=ORIENTED_EDGE('',*,*,#4851,.T.);
#6082=ORIENTED_EDGE('',*,*,#4848,.F.);
#6083=ORIENTED_EDGE('',*,*,#4852,.F.);
#6084=ORIENTED_EDGE('',*,*,#4846,.F.);
#6085=ORIENTED_EDGE('',*,*,#4853,.T.);
#6086=ORIENTED_EDGE('',*,*,#4849,.F.);
#6087=ORIENTED_EDGE('',*,*,#4851,.F.);
#6088=ORIENTED_EDGE('',*,*,#4845,.F.);
#6089=ORIENTED_EDGE('',*,*,#4854,.T.);
#6090=ORIENTED_EDGE('',*,*,#4850,.F.);
#6091=ORIENTED_EDGE('',*,*,#4853,.F.);
#6092=ORIENTED_EDGE('',*,*,#4844,.F.);
#6093=ORIENTED_EDGE('',*,*,#4852,.T.);
#6094=ORIENTED_EDGE('',*,*,#4847,.F.);
#6095=ORIENTED_EDGE('',*,*,#4854,.F.);
#6096=ORIENTED_EDGE('',*,*,#4843,.F.);
#6097=ORIENTED_EDGE('',*,*,#4855,.F.);
#6098=ORIENTED_EDGE('',*,*,#4856,.T.);
#6099=ORIENTED_EDGE('',*,*,#4857,.F.);
#6100=ORIENTED_EDGE('',*,*,#4856,.F.);
#6101=ORIENTED_EDGE('',*,*,#4857,.T.);
#6102=ORIENTED_EDGE('',*,*,#4855,.T.);
#6103=ORIENTED_EDGE('',*,*,#4858,.F.);
#6104=ORIENTED_EDGE('',*,*,#4859,.T.);
#6105=ORIENTED_EDGE('',*,*,#4860,.F.);
#6106=ORIENTED_EDGE('',*,*,#4859,.F.);
#6107=ORIENTED_EDGE('',*,*,#4860,.T.);
#6108=ORIENTED_EDGE('',*,*,#4858,.T.);
#6109=ORIENTED_EDGE('',*,*,#4861,.T.);
#6110=ORIENTED_EDGE('',*,*,#4862,.T.);
#6111=ORIENTED_EDGE('',*,*,#4863,.T.);
#6112=ORIENTED_EDGE('',*,*,#4864,.T.);
#6113=ORIENTED_EDGE('',*,*,#4865,.T.);
#6114=ORIENTED_EDGE('',*,*,#4866,.T.);
#6115=ORIENTED_EDGE('',*,*,#4867,.T.);
#6116=ORIENTED_EDGE('',*,*,#4868,.T.);
#6117=ORIENTED_EDGE('',*,*,#4869,.T.);
#6118=ORIENTED_EDGE('',*,*,#4866,.F.);
#6119=ORIENTED_EDGE('',*,*,#4870,.F.);
#6120=ORIENTED_EDGE('',*,*,#4864,.F.);
#6121=ORIENTED_EDGE('',*,*,#4871,.T.);
#6122=ORIENTED_EDGE('',*,*,#4867,.F.);
#6123=ORIENTED_EDGE('',*,*,#4869,.F.);
#6124=ORIENTED_EDGE('',*,*,#4863,.F.);
#6125=ORIENTED_EDGE('',*,*,#4872,.T.);
#6126=ORIENTED_EDGE('',*,*,#4868,.F.);
#6127=ORIENTED_EDGE('',*,*,#4871,.F.);
#6128=ORIENTED_EDGE('',*,*,#4862,.F.);
#6129=ORIENTED_EDGE('',*,*,#4870,.T.);
#6130=ORIENTED_EDGE('',*,*,#4865,.F.);
#6131=ORIENTED_EDGE('',*,*,#4872,.F.);
#6132=ORIENTED_EDGE('',*,*,#4861,.F.);
#6133=ORIENTED_EDGE('',*,*,#4873,.F.);
#6134=ORIENTED_EDGE('',*,*,#4874,.T.);
#6135=ORIENTED_EDGE('',*,*,#4875,.F.);
#6136=ORIENTED_EDGE('',*,*,#4874,.F.);
#6137=ORIENTED_EDGE('',*,*,#4875,.T.);
#6138=ORIENTED_EDGE('',*,*,#4873,.T.);
#6139=ORIENTED_EDGE('',*,*,#4876,.F.);
#6140=ORIENTED_EDGE('',*,*,#4877,.T.);
#6141=ORIENTED_EDGE('',*,*,#4878,.F.);
#6142=ORIENTED_EDGE('',*,*,#4877,.F.);
#6143=ORIENTED_EDGE('',*,*,#4878,.T.);
#6144=ORIENTED_EDGE('',*,*,#4876,.T.);
#6145=ORIENTED_EDGE('',*,*,#4879,.T.);
#6146=ORIENTED_EDGE('',*,*,#4880,.T.);
#6147=ORIENTED_EDGE('',*,*,#4881,.T.);
#6148=ORIENTED_EDGE('',*,*,#4882,.T.);
#6149=ORIENTED_EDGE('',*,*,#4883,.T.);
#6150=ORIENTED_EDGE('',*,*,#4884,.T.);
#6151=ORIENTED_EDGE('',*,*,#4885,.T.);
#6152=ORIENTED_EDGE('',*,*,#4886,.T.);
#6153=ORIENTED_EDGE('',*,*,#4887,.T.);
#6154=ORIENTED_EDGE('',*,*,#4884,.F.);
#6155=ORIENTED_EDGE('',*,*,#4888,.F.);
#6156=ORIENTED_EDGE('',*,*,#4882,.F.);
#6157=ORIENTED_EDGE('',*,*,#4889,.T.);
#6158=ORIENTED_EDGE('',*,*,#4885,.F.);
#6159=ORIENTED_EDGE('',*,*,#4887,.F.);
#6160=ORIENTED_EDGE('',*,*,#4881,.F.);
#6161=ORIENTED_EDGE('',*,*,#4890,.T.);
#6162=ORIENTED_EDGE('',*,*,#4886,.F.);
#6163=ORIENTED_EDGE('',*,*,#4889,.F.);
#6164=ORIENTED_EDGE('',*,*,#4880,.F.);
#6165=ORIENTED_EDGE('',*,*,#4888,.T.);
#6166=ORIENTED_EDGE('',*,*,#4883,.F.);
#6167=ORIENTED_EDGE('',*,*,#4890,.F.);
#6168=ORIENTED_EDGE('',*,*,#4879,.F.);
#6169=ORIENTED_EDGE('',*,*,#4891,.F.);
#6170=ORIENTED_EDGE('',*,*,#4892,.T.);
#6171=ORIENTED_EDGE('',*,*,#4893,.F.);
#6172=ORIENTED_EDGE('',*,*,#4892,.F.);
#6173=ORIENTED_EDGE('',*,*,#4893,.T.);
#6174=ORIENTED_EDGE('',*,*,#4891,.T.);
#6175=ORIENTED_EDGE('',*,*,#4894,.F.);
#6176=ORIENTED_EDGE('',*,*,#4895,.T.);
#6177=ORIENTED_EDGE('',*,*,#4896,.F.);
#6178=ORIENTED_EDGE('',*,*,#4895,.F.);
#6179=ORIENTED_EDGE('',*,*,#4896,.T.);
#6180=ORIENTED_EDGE('',*,*,#4894,.T.);
#6181=ORIENTED_EDGE('',*,*,#4897,.T.);
#6182=ORIENTED_EDGE('',*,*,#4898,.T.);
#6183=ORIENTED_EDGE('',*,*,#4899,.T.);
#6184=ORIENTED_EDGE('',*,*,#4900,.T.);
#6185=ORIENTED_EDGE('',*,*,#4901,.T.);
#6186=ORIENTED_EDGE('',*,*,#4902,.T.);
#6187=ORIENTED_EDGE('',*,*,#4903,.T.);
#6188=ORIENTED_EDGE('',*,*,#4904,.T.);
#6189=ORIENTED_EDGE('',*,*,#4905,.T.);
#6190=ORIENTED_EDGE('',*,*,#4902,.F.);
#6191=ORIENTED_EDGE('',*,*,#4906,.F.);
#6192=ORIENTED_EDGE('',*,*,#4900,.F.);
#6193=ORIENTED_EDGE('',*,*,#4907,.T.);
#6194=ORIENTED_EDGE('',*,*,#4903,.F.);
#6195=ORIENTED_EDGE('',*,*,#4905,.F.);
#6196=ORIENTED_EDGE('',*,*,#4899,.F.);
#6197=ORIENTED_EDGE('',*,*,#4908,.T.);
#6198=ORIENTED_EDGE('',*,*,#4904,.F.);
#6199=ORIENTED_EDGE('',*,*,#4907,.F.);
#6200=ORIENTED_EDGE('',*,*,#4898,.F.);
#6201=ORIENTED_EDGE('',*,*,#4906,.T.);
#6202=ORIENTED_EDGE('',*,*,#4901,.F.);
#6203=ORIENTED_EDGE('',*,*,#4908,.F.);
#6204=ORIENTED_EDGE('',*,*,#4897,.F.);
#6205=ORIENTED_EDGE('',*,*,#4909,.T.);
#6206=ORIENTED_EDGE('',*,*,#4910,.T.);
#6207=ORIENTED_EDGE('',*,*,#4911,.T.);
#6208=ORIENTED_EDGE('',*,*,#4912,.T.);
#6209=ORIENTED_EDGE('',*,*,#4913,.T.);
#6210=ORIENTED_EDGE('',*,*,#4914,.T.);
#6211=ORIENTED_EDGE('',*,*,#4915,.T.);
#6212=ORIENTED_EDGE('',*,*,#4916,.T.);
#6213=ORIENTED_EDGE('',*,*,#4917,.T.);
#6214=ORIENTED_EDGE('',*,*,#4914,.F.);
#6215=ORIENTED_EDGE('',*,*,#4918,.F.);
#6216=ORIENTED_EDGE('',*,*,#4912,.F.);
#6217=ORIENTED_EDGE('',*,*,#4919,.T.);
#6218=ORIENTED_EDGE('',*,*,#4915,.F.);
#6219=ORIENTED_EDGE('',*,*,#4917,.F.);
#6220=ORIENTED_EDGE('',*,*,#4911,.F.);
#6221=ORIENTED_EDGE('',*,*,#4920,.T.);
#6222=ORIENTED_EDGE('',*,*,#4916,.F.);
#6223=ORIENTED_EDGE('',*,*,#4919,.F.);
#6224=ORIENTED_EDGE('',*,*,#4910,.F.);
#6225=ORIENTED_EDGE('',*,*,#4918,.T.);
#6226=ORIENTED_EDGE('',*,*,#4913,.F.);
#6227=ORIENTED_EDGE('',*,*,#4920,.F.);
#6228=ORIENTED_EDGE('',*,*,#4909,.F.);
#6229=ORIENTED_EDGE('',*,*,#4921,.T.);
#6230=ORIENTED_EDGE('',*,*,#4922,.T.);
#6231=ORIENTED_EDGE('',*,*,#4923,.T.);
#6232=ORIENTED_EDGE('',*,*,#4924,.T.);
#6233=ORIENTED_EDGE('',*,*,#4925,.T.);
#6234=ORIENTED_EDGE('',*,*,#4926,.T.);
#6235=ORIENTED_EDGE('',*,*,#4927,.T.);
#6236=ORIENTED_EDGE('',*,*,#4928,.T.);
#6237=ORIENTED_EDGE('',*,*,#4929,.T.);
#6238=ORIENTED_EDGE('',*,*,#4926,.F.);
#6239=ORIENTED_EDGE('',*,*,#4930,.F.);
#6240=ORIENTED_EDGE('',*,*,#4924,.F.);
#6241=ORIENTED_EDGE('',*,*,#4931,.T.);
#6242=ORIENTED_EDGE('',*,*,#4927,.F.);
#6243=ORIENTED_EDGE('',*,*,#4929,.F.);
#6244=ORIENTED_EDGE('',*,*,#4923,.F.);
#6245=ORIENTED_EDGE('',*,*,#4932,.T.);
#6246=ORIENTED_EDGE('',*,*,#4928,.F.);
#6247=ORIENTED_EDGE('',*,*,#4931,.F.);
#6248=ORIENTED_EDGE('',*,*,#4922,.F.);
#6249=ORIENTED_EDGE('',*,*,#4930,.T.);
#6250=ORIENTED_EDGE('',*,*,#4925,.F.);
#6251=ORIENTED_EDGE('',*,*,#4932,.F.);
#6252=ORIENTED_EDGE('',*,*,#4921,.F.);
#6253=ORIENTED_EDGE('',*,*,#4933,.T.);
#6254=ORIENTED_EDGE('',*,*,#4934,.T.);
#6255=ORIENTED_EDGE('',*,*,#4935,.T.);
#6256=ORIENTED_EDGE('',*,*,#4936,.T.);
#6257=ORIENTED_EDGE('',*,*,#4937,.T.);
#6258=ORIENTED_EDGE('',*,*,#4938,.T.);
#6259=ORIENTED_EDGE('',*,*,#4939,.T.);
#6260=ORIENTED_EDGE('',*,*,#4940,.T.);
#6261=ORIENTED_EDGE('',*,*,#4941,.T.);
#6262=ORIENTED_EDGE('',*,*,#4938,.F.);
#6263=ORIENTED_EDGE('',*,*,#4942,.F.);
#6264=ORIENTED_EDGE('',*,*,#4936,.F.);
#6265=ORIENTED_EDGE('',*,*,#4943,.T.);
#6266=ORIENTED_EDGE('',*,*,#4939,.F.);
#6267=ORIENTED_EDGE('',*,*,#4941,.F.);
#6268=ORIENTED_EDGE('',*,*,#4935,.F.);
#6269=ORIENTED_EDGE('',*,*,#4944,.T.);
#6270=ORIENTED_EDGE('',*,*,#4940,.F.);
#6271=ORIENTED_EDGE('',*,*,#4943,.F.);
#6272=ORIENTED_EDGE('',*,*,#4934,.F.);
#6273=ORIENTED_EDGE('',*,*,#4942,.T.);
#6274=ORIENTED_EDGE('',*,*,#4937,.F.);
#6275=ORIENTED_EDGE('',*,*,#4944,.F.);
#6276=ORIENTED_EDGE('',*,*,#4933,.F.);
#6277=ORIENTED_EDGE('',*,*,#4945,.T.);
#6278=ORIENTED_EDGE('',*,*,#4946,.T.);
#6279=ORIENTED_EDGE('',*,*,#4947,.T.);
#6280=ORIENTED_EDGE('',*,*,#4948,.T.);
#6281=ORIENTED_EDGE('',*,*,#4949,.T.);
#6282=ORIENTED_EDGE('',*,*,#4950,.T.);
#6283=ORIENTED_EDGE('',*,*,#4951,.T.);
#6284=ORIENTED_EDGE('',*,*,#4952,.T.);
#6285=ORIENTED_EDGE('',*,*,#4953,.T.);
#6286=ORIENTED_EDGE('',*,*,#4950,.F.);
#6287=ORIENTED_EDGE('',*,*,#4954,.F.);
#6288=ORIENTED_EDGE('',*,*,#4948,.F.);
#6289=ORIENTED_EDGE('',*,*,#4955,.T.);
#6290=ORIENTED_EDGE('',*,*,#4951,.F.);
#6291=ORIENTED_EDGE('',*,*,#4953,.F.);
#6292=ORIENTED_EDGE('',*,*,#4947,.F.);
#6293=ORIENTED_EDGE('',*,*,#4956,.T.);
#6294=ORIENTED_EDGE('',*,*,#4952,.F.);
#6295=ORIENTED_EDGE('',*,*,#4955,.F.);
#6296=ORIENTED_EDGE('',*,*,#4946,.F.);
#6297=ORIENTED_EDGE('',*,*,#4954,.T.);
#6298=ORIENTED_EDGE('',*,*,#4949,.F.);
#6299=ORIENTED_EDGE('',*,*,#4956,.F.);
#6300=ORIENTED_EDGE('',*,*,#4945,.F.);
#6301=ORIENTED_EDGE('',*,*,#4957,.T.);
#6302=ORIENTED_EDGE('',*,*,#4958,.T.);
#6303=ORIENTED_EDGE('',*,*,#4959,.T.);
#6304=ORIENTED_EDGE('',*,*,#4960,.T.);
#6305=ORIENTED_EDGE('',*,*,#4961,.T.);
#6306=ORIENTED_EDGE('',*,*,#4962,.T.);
#6307=ORIENTED_EDGE('',*,*,#4963,.T.);
#6308=ORIENTED_EDGE('',*,*,#4964,.T.);
#6309=ORIENTED_EDGE('',*,*,#4965,.T.);
#6310=ORIENTED_EDGE('',*,*,#4962,.F.);
#6311=ORIENTED_EDGE('',*,*,#4966,.F.);
#6312=ORIENTED_EDGE('',*,*,#4960,.F.);
#6313=ORIENTED_EDGE('',*,*,#4967,.T.);
#6314=ORIENTED_EDGE('',*,*,#4963,.F.);
#6315=ORIENTED_EDGE('',*,*,#4965,.F.);
#6316=ORIENTED_EDGE('',*,*,#4959,.F.);
#6317=ORIENTED_EDGE('',*,*,#4968,.T.);
#6318=ORIENTED_EDGE('',*,*,#4964,.F.);
#6319=ORIENTED_EDGE('',*,*,#4967,.F.);
#6320=ORIENTED_EDGE('',*,*,#4958,.F.);
#6321=ORIENTED_EDGE('',*,*,#4966,.T.);
#6322=ORIENTED_EDGE('',*,*,#4961,.F.);
#6323=ORIENTED_EDGE('',*,*,#4968,.F.);
#6324=ORIENTED_EDGE('',*,*,#4957,.F.);
#6325=ORIENTED_EDGE('',*,*,#4969,.T.);
#6326=ORIENTED_EDGE('',*,*,#4970,.T.);
#6327=ORIENTED_EDGE('',*,*,#4971,.T.);
#6328=ORIENTED_EDGE('',*,*,#4972,.T.);
#6329=ORIENTED_EDGE('',*,*,#4973,.T.);
#6330=ORIENTED_EDGE('',*,*,#4974,.T.);
#6331=ORIENTED_EDGE('',*,*,#4975,.T.);
#6332=ORIENTED_EDGE('',*,*,#4976,.T.);
#6333=ORIENTED_EDGE('',*,*,#4977,.T.);
#6334=ORIENTED_EDGE('',*,*,#4974,.F.);
#6335=ORIENTED_EDGE('',*,*,#4978,.F.);
#6336=ORIENTED_EDGE('',*,*,#4972,.F.);
#6337=ORIENTED_EDGE('',*,*,#4979,.T.);
#6338=ORIENTED_EDGE('',*,*,#4975,.F.);
#6339=ORIENTED_EDGE('',*,*,#4977,.F.);
#6340=ORIENTED_EDGE('',*,*,#4971,.F.);
#6341=ORIENTED_EDGE('',*,*,#4980,.T.);
#6342=ORIENTED_EDGE('',*,*,#4976,.F.);
#6343=ORIENTED_EDGE('',*,*,#4979,.F.);
#6344=ORIENTED_EDGE('',*,*,#4970,.F.);
#6345=ORIENTED_EDGE('',*,*,#4978,.T.);
#6346=ORIENTED_EDGE('',*,*,#4973,.F.);
#6347=ORIENTED_EDGE('',*,*,#4980,.F.);
#6348=ORIENTED_EDGE('',*,*,#4969,.F.);
#6349=ORIENTED_EDGE('',*,*,#4981,.T.);
#6350=ORIENTED_EDGE('',*,*,#4982,.T.);
#6351=ORIENTED_EDGE('',*,*,#4983,.T.);
#6352=ORIENTED_EDGE('',*,*,#4984,.T.);
#6353=ORIENTED_EDGE('',*,*,#4985,.T.);
#6354=ORIENTED_EDGE('',*,*,#4986,.T.);
#6355=ORIENTED_EDGE('',*,*,#4987,.T.);
#6356=ORIENTED_EDGE('',*,*,#4988,.T.);
#6357=ORIENTED_EDGE('',*,*,#4989,.T.);
#6358=ORIENTED_EDGE('',*,*,#4986,.F.);
#6359=ORIENTED_EDGE('',*,*,#4990,.F.);
#6360=ORIENTED_EDGE('',*,*,#4984,.F.);
#6361=ORIENTED_EDGE('',*,*,#4991,.T.);
#6362=ORIENTED_EDGE('',*,*,#4987,.F.);
#6363=ORIENTED_EDGE('',*,*,#4989,.F.);
#6364=ORIENTED_EDGE('',*,*,#4983,.F.);
#6365=ORIENTED_EDGE('',*,*,#4992,.T.);
#6366=ORIENTED_EDGE('',*,*,#4988,.F.);
#6367=ORIENTED_EDGE('',*,*,#4991,.F.);
#6368=ORIENTED_EDGE('',*,*,#4982,.F.);
#6369=ORIENTED_EDGE('',*,*,#4990,.T.);
#6370=ORIENTED_EDGE('',*,*,#4985,.F.);
#6371=ORIENTED_EDGE('',*,*,#4992,.F.);
#6372=ORIENTED_EDGE('',*,*,#4981,.F.);
#6373=ORIENTED_EDGE('',*,*,#4993,.T.);
#6374=ORIENTED_EDGE('',*,*,#4994,.T.);
#6375=ORIENTED_EDGE('',*,*,#4995,.T.);
#6376=ORIENTED_EDGE('',*,*,#4996,.T.);
#6377=ORIENTED_EDGE('',*,*,#4997,.T.);
#6378=ORIENTED_EDGE('',*,*,#4998,.T.);
#6379=ORIENTED_EDGE('',*,*,#4999,.T.);
#6380=ORIENTED_EDGE('',*,*,#5000,.T.);
#6381=ORIENTED_EDGE('',*,*,#5001,.T.);
#6382=ORIENTED_EDGE('',*,*,#4998,.F.);
#6383=ORIENTED_EDGE('',*,*,#5002,.F.);
#6384=ORIENTED_EDGE('',*,*,#4996,.F.);
#6385=ORIENTED_EDGE('',*,*,#5003,.T.);
#6386=ORIENTED_EDGE('',*,*,#4999,.F.);
#6387=ORIENTED_EDGE('',*,*,#5001,.F.);
#6388=ORIENTED_EDGE('',*,*,#4995,.F.);
#6389=ORIENTED_EDGE('',*,*,#5004,.T.);
#6390=ORIENTED_EDGE('',*,*,#5000,.F.);
#6391=ORIENTED_EDGE('',*,*,#5003,.F.);
#6392=ORIENTED_EDGE('',*,*,#4994,.F.);
#6393=ORIENTED_EDGE('',*,*,#5002,.T.);
#6394=ORIENTED_EDGE('',*,*,#4997,.F.);
#6395=ORIENTED_EDGE('',*,*,#5004,.F.);
#6396=ORIENTED_EDGE('',*,*,#4993,.F.);
#6397=ORIENTED_EDGE('',*,*,#5005,.T.);
#6398=ORIENTED_EDGE('',*,*,#5006,.T.);
#6399=ORIENTED_EDGE('',*,*,#5007,.T.);
#6400=ORIENTED_EDGE('',*,*,#5008,.T.);
#6401=ORIENTED_EDGE('',*,*,#5009,.T.);
#6402=ORIENTED_EDGE('',*,*,#5010,.T.);
#6403=ORIENTED_EDGE('',*,*,#5011,.T.);
#6404=ORIENTED_EDGE('',*,*,#5012,.T.);
#6405=ORIENTED_EDGE('',*,*,#5013,.T.);
#6406=ORIENTED_EDGE('',*,*,#5010,.F.);
#6407=ORIENTED_EDGE('',*,*,#5014,.F.);
#6408=ORIENTED_EDGE('',*,*,#5008,.F.);
#6409=ORIENTED_EDGE('',*,*,#5015,.T.);
#6410=ORIENTED_EDGE('',*,*,#5011,.F.);
#6411=ORIENTED_EDGE('',*,*,#5013,.F.);
#6412=ORIENTED_EDGE('',*,*,#5007,.F.);
#6413=ORIENTED_EDGE('',*,*,#5016,.T.);
#6414=ORIENTED_EDGE('',*,*,#5012,.F.);
#6415=ORIENTED_EDGE('',*,*,#5015,.F.);
#6416=ORIENTED_EDGE('',*,*,#5006,.F.);
#6417=ORIENTED_EDGE('',*,*,#5014,.T.);
#6418=ORIENTED_EDGE('',*,*,#5009,.F.);
#6419=ORIENTED_EDGE('',*,*,#5016,.F.);
#6420=ORIENTED_EDGE('',*,*,#5005,.F.);
#6421=ORIENTED_EDGE('',*,*,#5017,.T.);
#6422=ORIENTED_EDGE('',*,*,#5018,.T.);
#6423=ORIENTED_EDGE('',*,*,#5019,.T.);
#6424=ORIENTED_EDGE('',*,*,#5020,.T.);
#6425=ORIENTED_EDGE('',*,*,#5021,.T.);
#6426=ORIENTED_EDGE('',*,*,#5022,.T.);
#6427=ORIENTED_EDGE('',*,*,#5023,.T.);
#6428=ORIENTED_EDGE('',*,*,#5024,.T.);
#6429=ORIENTED_EDGE('',*,*,#5025,.T.);
#6430=ORIENTED_EDGE('',*,*,#5022,.F.);
#6431=ORIENTED_EDGE('',*,*,#5026,.F.);
#6432=ORIENTED_EDGE('',*,*,#5020,.F.);
#6433=ORIENTED_EDGE('',*,*,#5027,.T.);
#6434=ORIENTED_EDGE('',*,*,#5023,.F.);
#6435=ORIENTED_EDGE('',*,*,#5025,.F.);
#6436=ORIENTED_EDGE('',*,*,#5019,.F.);
#6437=ORIENTED_EDGE('',*,*,#5028,.T.);
#6438=ORIENTED_EDGE('',*,*,#5024,.F.);
#6439=ORIENTED_EDGE('',*,*,#5027,.F.);
#6440=ORIENTED_EDGE('',*,*,#5018,.F.);
#6441=ORIENTED_EDGE('',*,*,#5026,.T.);
#6442=ORIENTED_EDGE('',*,*,#5021,.F.);
#6443=ORIENTED_EDGE('',*,*,#5028,.F.);
#6444=ORIENTED_EDGE('',*,*,#5017,.F.);
#6445=ORIENTED_EDGE('',*,*,#5029,.T.);
#6446=ORIENTED_EDGE('',*,*,#5030,.T.);
#6447=ORIENTED_EDGE('',*,*,#5031,.T.);
#6448=ORIENTED_EDGE('',*,*,#5032,.T.);
#6449=ORIENTED_EDGE('',*,*,#5033,.T.);
#6450=ORIENTED_EDGE('',*,*,#5034,.T.);
#6451=ORIENTED_EDGE('',*,*,#5035,.T.);
#6452=ORIENTED_EDGE('',*,*,#5036,.T.);
#6453=ORIENTED_EDGE('',*,*,#5037,.T.);
#6454=ORIENTED_EDGE('',*,*,#5034,.F.);
#6455=ORIENTED_EDGE('',*,*,#5038,.F.);
#6456=ORIENTED_EDGE('',*,*,#5032,.F.);
#6457=ORIENTED_EDGE('',*,*,#5039,.T.);
#6458=ORIENTED_EDGE('',*,*,#5035,.F.);
#6459=ORIENTED_EDGE('',*,*,#5037,.F.);
#6460=ORIENTED_EDGE('',*,*,#5031,.F.);
#6461=ORIENTED_EDGE('',*,*,#5040,.T.);
#6462=ORIENTED_EDGE('',*,*,#5036,.F.);
#6463=ORIENTED_EDGE('',*,*,#5039,.F.);
#6464=ORIENTED_EDGE('',*,*,#5030,.F.);
#6465=ORIENTED_EDGE('',*,*,#5038,.T.);
#6466=ORIENTED_EDGE('',*,*,#5033,.F.);
#6467=ORIENTED_EDGE('',*,*,#5040,.F.);
#6468=ORIENTED_EDGE('',*,*,#5029,.F.);
#6469=ORIENTED_EDGE('',*,*,#5041,.T.);
#6470=ORIENTED_EDGE('',*,*,#5042,.T.);
#6471=ORIENTED_EDGE('',*,*,#5043,.T.);
#6472=ORIENTED_EDGE('',*,*,#5044,.T.);
#6473=ORIENTED_EDGE('',*,*,#5045,.T.);
#6474=ORIENTED_EDGE('',*,*,#5046,.T.);
#6475=ORIENTED_EDGE('',*,*,#5047,.T.);
#6476=ORIENTED_EDGE('',*,*,#5048,.T.);
#6477=ORIENTED_EDGE('',*,*,#5049,.T.);
#6478=ORIENTED_EDGE('',*,*,#5046,.F.);
#6479=ORIENTED_EDGE('',*,*,#5050,.F.);
#6480=ORIENTED_EDGE('',*,*,#5044,.F.);
#6481=ORIENTED_EDGE('',*,*,#5051,.T.);
#6482=ORIENTED_EDGE('',*,*,#5047,.F.);
#6483=ORIENTED_EDGE('',*,*,#5049,.F.);
#6484=ORIENTED_EDGE('',*,*,#5043,.F.);
#6485=ORIENTED_EDGE('',*,*,#5052,.T.);
#6486=ORIENTED_EDGE('',*,*,#5048,.F.);
#6487=ORIENTED_EDGE('',*,*,#5051,.F.);
#6488=ORIENTED_EDGE('',*,*,#5042,.F.);
#6489=ORIENTED_EDGE('',*,*,#5050,.T.);
#6490=ORIENTED_EDGE('',*,*,#5045,.F.);
#6491=ORIENTED_EDGE('',*,*,#5052,.F.);
#6492=ORIENTED_EDGE('',*,*,#5041,.F.);
#6493=ORIENTED_EDGE('',*,*,#5053,.T.);
#6494=ORIENTED_EDGE('',*,*,#5054,.T.);
#6495=ORIENTED_EDGE('',*,*,#5055,.T.);
#6496=ORIENTED_EDGE('',*,*,#5056,.T.);
#6497=ORIENTED_EDGE('',*,*,#5057,.T.);
#6498=ORIENTED_EDGE('',*,*,#5058,.T.);
#6499=ORIENTED_EDGE('',*,*,#5059,.T.);
#6500=ORIENTED_EDGE('',*,*,#5060,.T.);
#6501=ORIENTED_EDGE('',*,*,#5061,.T.);
#6502=ORIENTED_EDGE('',*,*,#5058,.F.);
#6503=ORIENTED_EDGE('',*,*,#5062,.F.);
#6504=ORIENTED_EDGE('',*,*,#5056,.F.);
#6505=ORIENTED_EDGE('',*,*,#5063,.T.);
#6506=ORIENTED_EDGE('',*,*,#5059,.F.);
#6507=ORIENTED_EDGE('',*,*,#5061,.F.);
#6508=ORIENTED_EDGE('',*,*,#5055,.F.);
#6509=ORIENTED_EDGE('',*,*,#5064,.T.);
#6510=ORIENTED_EDGE('',*,*,#5060,.F.);
#6511=ORIENTED_EDGE('',*,*,#5063,.F.);
#6512=ORIENTED_EDGE('',*,*,#5054,.F.);
#6513=ORIENTED_EDGE('',*,*,#5062,.T.);
#6514=ORIENTED_EDGE('',*,*,#5057,.F.);
#6515=ORIENTED_EDGE('',*,*,#5064,.F.);
#6516=ORIENTED_EDGE('',*,*,#5053,.F.);
#6517=ORIENTED_EDGE('',*,*,#5065,.T.);
#6518=ORIENTED_EDGE('',*,*,#5066,.T.);
#6519=ORIENTED_EDGE('',*,*,#5067,.T.);
#6520=ORIENTED_EDGE('',*,*,#5068,.T.);
#6521=ORIENTED_EDGE('',*,*,#5069,.T.);
#6522=ORIENTED_EDGE('',*,*,#5070,.T.);
#6523=ORIENTED_EDGE('',*,*,#5071,.T.);
#6524=ORIENTED_EDGE('',*,*,#5072,.T.);
#6525=ORIENTED_EDGE('',*,*,#5073,.T.);
#6526=ORIENTED_EDGE('',*,*,#5070,.F.);
#6527=ORIENTED_EDGE('',*,*,#5074,.F.);
#6528=ORIENTED_EDGE('',*,*,#5068,.F.);
#6529=ORIENTED_EDGE('',*,*,#5075,.T.);
#6530=ORIENTED_EDGE('',*,*,#5071,.F.);
#6531=ORIENTED_EDGE('',*,*,#5073,.F.);
#6532=ORIENTED_EDGE('',*,*,#5067,.F.);
#6533=ORIENTED_EDGE('',*,*,#5076,.T.);
#6534=ORIENTED_EDGE('',*,*,#5072,.F.);
#6535=ORIENTED_EDGE('',*,*,#5075,.F.);
#6536=ORIENTED_EDGE('',*,*,#5066,.F.);
#6537=ORIENTED_EDGE('',*,*,#5074,.T.);
#6538=ORIENTED_EDGE('',*,*,#5069,.F.);
#6539=ORIENTED_EDGE('',*,*,#5076,.F.);
#6540=ORIENTED_EDGE('',*,*,#5065,.F.);
#6541=ORIENTED_EDGE('',*,*,#5077,.T.);
#6542=ORIENTED_EDGE('',*,*,#5078,.T.);
#6543=ORIENTED_EDGE('',*,*,#5079,.T.);
#6544=ORIENTED_EDGE('',*,*,#5080,.T.);
#6545=ORIENTED_EDGE('',*,*,#5081,.T.);
#6546=ORIENTED_EDGE('',*,*,#5082,.T.);
#6547=ORIENTED_EDGE('',*,*,#5083,.T.);
#6548=ORIENTED_EDGE('',*,*,#5084,.T.);
#6549=ORIENTED_EDGE('',*,*,#5085,.T.);
#6550=ORIENTED_EDGE('',*,*,#5082,.F.);
#6551=ORIENTED_EDGE('',*,*,#5086,.F.);
#6552=ORIENTED_EDGE('',*,*,#5080,.F.);
#6553=ORIENTED_EDGE('',*,*,#5087,.T.);
#6554=ORIENTED_EDGE('',*,*,#5083,.F.);
#6555=ORIENTED_EDGE('',*,*,#5085,.F.);
#6556=ORIENTED_EDGE('',*,*,#5079,.F.);
#6557=ORIENTED_EDGE('',*,*,#5088,.T.);
#6558=ORIENTED_EDGE('',*,*,#5084,.F.);
#6559=ORIENTED_EDGE('',*,*,#5087,.F.);
#6560=ORIENTED_EDGE('',*,*,#5078,.F.);
#6561=ORIENTED_EDGE('',*,*,#5086,.T.);
#6562=ORIENTED_EDGE('',*,*,#5081,.F.);
#6563=ORIENTED_EDGE('',*,*,#5088,.F.);
#6564=ORIENTED_EDGE('',*,*,#5077,.F.);
#6565=ORIENTED_EDGE('',*,*,#5089,.T.);
#6566=ORIENTED_EDGE('',*,*,#5090,.T.);
#6567=ORIENTED_EDGE('',*,*,#5091,.T.);
#6568=ORIENTED_EDGE('',*,*,#5092,.T.);
#6569=ORIENTED_EDGE('',*,*,#5093,.T.);
#6570=ORIENTED_EDGE('',*,*,#5094,.T.);
#6571=ORIENTED_EDGE('',*,*,#5095,.T.);
#6572=ORIENTED_EDGE('',*,*,#5096,.T.);
#6573=ORIENTED_EDGE('',*,*,#5097,.T.);
#6574=ORIENTED_EDGE('',*,*,#5094,.F.);
#6575=ORIENTED_EDGE('',*,*,#5098,.F.);
#6576=ORIENTED_EDGE('',*,*,#5092,.F.);
#6577=ORIENTED_EDGE('',*,*,#5099,.T.);
#6578=ORIENTED_EDGE('',*,*,#5095,.F.);
#6579=ORIENTED_EDGE('',*,*,#5097,.F.);
#6580=ORIENTED_EDGE('',*,*,#5091,.F.);
#6581=ORIENTED_EDGE('',*,*,#5100,.T.);
#6582=ORIENTED_EDGE('',*,*,#5096,.F.);
#6583=ORIENTED_EDGE('',*,*,#5099,.F.);
#6584=ORIENTED_EDGE('',*,*,#5090,.F.);
#6585=ORIENTED_EDGE('',*,*,#5098,.T.);
#6586=ORIENTED_EDGE('',*,*,#5093,.F.);
#6587=ORIENTED_EDGE('',*,*,#5100,.F.);
#6588=ORIENTED_EDGE('',*,*,#5089,.F.);
#6589=ORIENTED_EDGE('',*,*,#5101,.T.);
#6590=ORIENTED_EDGE('',*,*,#5102,.T.);
#6591=ORIENTED_EDGE('',*,*,#5103,.T.);
#6592=ORIENTED_EDGE('',*,*,#5104,.T.);
#6593=ORIENTED_EDGE('',*,*,#5105,.T.);
#6594=ORIENTED_EDGE('',*,*,#5106,.T.);
#6595=ORIENTED_EDGE('',*,*,#5107,.T.);
#6596=ORIENTED_EDGE('',*,*,#5108,.T.);
#6597=ORIENTED_EDGE('',*,*,#5109,.T.);
#6598=ORIENTED_EDGE('',*,*,#5106,.F.);
#6599=ORIENTED_EDGE('',*,*,#5110,.F.);
#6600=ORIENTED_EDGE('',*,*,#5104,.F.);
#6601=ORIENTED_EDGE('',*,*,#5111,.T.);
#6602=ORIENTED_EDGE('',*,*,#5107,.F.);
#6603=ORIENTED_EDGE('',*,*,#5109,.F.);
#6604=ORIENTED_EDGE('',*,*,#5103,.F.);
#6605=ORIENTED_EDGE('',*,*,#5112,.T.);
#6606=ORIENTED_EDGE('',*,*,#5108,.F.);
#6607=ORIENTED_EDGE('',*,*,#5111,.F.);
#6608=ORIENTED_EDGE('',*,*,#5102,.F.);
#6609=ORIENTED_EDGE('',*,*,#5110,.T.);
#6610=ORIENTED_EDGE('',*,*,#5105,.F.);
#6611=ORIENTED_EDGE('',*,*,#5112,.F.);
#6612=ORIENTED_EDGE('',*,*,#5101,.F.);
#6613=ORIENTED_EDGE('',*,*,#5113,.T.);
#6614=ORIENTED_EDGE('',*,*,#5114,.T.);
#6615=ORIENTED_EDGE('',*,*,#5115,.T.);
#6616=ORIENTED_EDGE('',*,*,#5116,.T.);
#6617=ORIENTED_EDGE('',*,*,#5117,.T.);
#6618=ORIENTED_EDGE('',*,*,#5118,.T.);
#6619=ORIENTED_EDGE('',*,*,#5119,.T.);
#6620=ORIENTED_EDGE('',*,*,#5120,.T.);
#6621=ORIENTED_EDGE('',*,*,#5121,.T.);
#6622=ORIENTED_EDGE('',*,*,#5118,.F.);
#6623=ORIENTED_EDGE('',*,*,#5122,.F.);
#6624=ORIENTED_EDGE('',*,*,#5116,.F.);
#6625=ORIENTED_EDGE('',*,*,#5123,.T.);
#6626=ORIENTED_EDGE('',*,*,#5119,.F.);
#6627=ORIENTED_EDGE('',*,*,#5121,.F.);
#6628=ORIENTED_EDGE('',*,*,#5115,.F.);
#6629=ORIENTED_EDGE('',*,*,#5124,.T.);
#6630=ORIENTED_EDGE('',*,*,#5120,.F.);
#6631=ORIENTED_EDGE('',*,*,#5123,.F.);
#6632=ORIENTED_EDGE('',*,*,#5114,.F.);
#6633=ORIENTED_EDGE('',*,*,#5122,.T.);
#6634=ORIENTED_EDGE('',*,*,#5117,.F.);
#6635=ORIENTED_EDGE('',*,*,#5124,.F.);
#6636=ORIENTED_EDGE('',*,*,#5113,.F.);
#6637=ORIENTED_EDGE('',*,*,#5125,.T.);
#6638=ORIENTED_EDGE('',*,*,#5126,.T.);
#6639=ORIENTED_EDGE('',*,*,#5127,.T.);
#6640=ORIENTED_EDGE('',*,*,#5128,.T.);
#6641=ORIENTED_EDGE('',*,*,#5129,.T.);
#6642=ORIENTED_EDGE('',*,*,#5130,.T.);
#6643=ORIENTED_EDGE('',*,*,#5131,.T.);
#6644=ORIENTED_EDGE('',*,*,#5132,.T.);
#6645=ORIENTED_EDGE('',*,*,#5133,.T.);
#6646=ORIENTED_EDGE('',*,*,#5130,.F.);
#6647=ORIENTED_EDGE('',*,*,#5134,.F.);
#6648=ORIENTED_EDGE('',*,*,#5128,.F.);
#6649=ORIENTED_EDGE('',*,*,#5135,.T.);
#6650=ORIENTED_EDGE('',*,*,#5131,.F.);
#6651=ORIENTED_EDGE('',*,*,#5133,.F.);
#6652=ORIENTED_EDGE('',*,*,#5127,.F.);
#6653=ORIENTED_EDGE('',*,*,#5136,.T.);
#6654=ORIENTED_EDGE('',*,*,#5132,.F.);
#6655=ORIENTED_EDGE('',*,*,#5135,.F.);
#6656=ORIENTED_EDGE('',*,*,#5126,.F.);
#6657=ORIENTED_EDGE('',*,*,#5134,.T.);
#6658=ORIENTED_EDGE('',*,*,#5129,.F.);
#6659=ORIENTED_EDGE('',*,*,#5136,.F.);
#6660=ORIENTED_EDGE('',*,*,#5125,.F.);
#6661=ORIENTED_EDGE('',*,*,#5137,.T.);
#6662=ORIENTED_EDGE('',*,*,#5138,.T.);
#6663=ORIENTED_EDGE('',*,*,#5139,.T.);
#6664=ORIENTED_EDGE('',*,*,#5140,.T.);
#6665=ORIENTED_EDGE('',*,*,#5141,.T.);
#6666=ORIENTED_EDGE('',*,*,#5142,.T.);
#6667=ORIENTED_EDGE('',*,*,#5143,.T.);
#6668=ORIENTED_EDGE('',*,*,#5144,.T.);
#6669=ORIENTED_EDGE('',*,*,#5145,.T.);
#6670=ORIENTED_EDGE('',*,*,#5142,.F.);
#6671=ORIENTED_EDGE('',*,*,#5146,.F.);
#6672=ORIENTED_EDGE('',*,*,#5140,.F.);
#6673=ORIENTED_EDGE('',*,*,#5147,.T.);
#6674=ORIENTED_EDGE('',*,*,#5143,.F.);
#6675=ORIENTED_EDGE('',*,*,#5145,.F.);
#6676=ORIENTED_EDGE('',*,*,#5139,.F.);
#6677=ORIENTED_EDGE('',*,*,#5148,.T.);
#6678=ORIENTED_EDGE('',*,*,#5144,.F.);
#6679=ORIENTED_EDGE('',*,*,#5147,.F.);
#6680=ORIENTED_EDGE('',*,*,#5138,.F.);
#6681=ORIENTED_EDGE('',*,*,#5146,.T.);
#6682=ORIENTED_EDGE('',*,*,#5141,.F.);
#6683=ORIENTED_EDGE('',*,*,#5148,.F.);
#6684=ORIENTED_EDGE('',*,*,#5137,.F.);
#6685=ORIENTED_EDGE('',*,*,#5149,.T.);
#6686=ORIENTED_EDGE('',*,*,#5150,.T.);
#6687=ORIENTED_EDGE('',*,*,#5151,.T.);
#6688=ORIENTED_EDGE('',*,*,#5152,.T.);
#6689=ORIENTED_EDGE('',*,*,#5153,.T.);
#6690=ORIENTED_EDGE('',*,*,#5154,.T.);
#6691=ORIENTED_EDGE('',*,*,#5155,.T.);
#6692=ORIENTED_EDGE('',*,*,#5156,.T.);
#6693=ORIENTED_EDGE('',*,*,#5157,.T.);
#6694=ORIENTED_EDGE('',*,*,#5154,.F.);
#6695=ORIENTED_EDGE('',*,*,#5158,.F.);
#6696=ORIENTED_EDGE('',*,*,#5152,.F.);
#6697=ORIENTED_EDGE('',*,*,#5159,.T.);
#6698=ORIENTED_EDGE('',*,*,#5155,.F.);
#6699=ORIENTED_EDGE('',*,*,#5157,.F.);
#6700=ORIENTED_EDGE('',*,*,#5151,.F.);
#6701=ORIENTED_EDGE('',*,*,#5160,.T.);
#6702=ORIENTED_EDGE('',*,*,#5156,.F.);
#6703=ORIENTED_EDGE('',*,*,#5159,.F.);
#6704=ORIENTED_EDGE('',*,*,#5150,.F.);
#6705=ORIENTED_EDGE('',*,*,#5158,.T.);
#6706=ORIENTED_EDGE('',*,*,#5153,.F.);
#6707=ORIENTED_EDGE('',*,*,#5160,.F.);
#6708=ORIENTED_EDGE('',*,*,#5149,.F.);
#6709=ORIENTED_EDGE('',*,*,#5161,.T.);
#6710=ORIENTED_EDGE('',*,*,#5162,.T.);
#6711=ORIENTED_EDGE('',*,*,#5163,.T.);
#6712=ORIENTED_EDGE('',*,*,#5164,.T.);
#6713=ORIENTED_EDGE('',*,*,#5165,.T.);
#6714=ORIENTED_EDGE('',*,*,#5166,.T.);
#6715=ORIENTED_EDGE('',*,*,#5167,.T.);
#6716=ORIENTED_EDGE('',*,*,#5168,.T.);
#6717=ORIENTED_EDGE('',*,*,#5169,.T.);
#6718=ORIENTED_EDGE('',*,*,#5166,.F.);
#6719=ORIENTED_EDGE('',*,*,#5170,.F.);
#6720=ORIENTED_EDGE('',*,*,#5164,.F.);
#6721=ORIENTED_EDGE('',*,*,#5171,.T.);
#6722=ORIENTED_EDGE('',*,*,#5167,.F.);
#6723=ORIENTED_EDGE('',*,*,#5169,.F.);
#6724=ORIENTED_EDGE('',*,*,#5163,.F.);
#6725=ORIENTED_EDGE('',*,*,#5172,.T.);
#6726=ORIENTED_EDGE('',*,*,#5168,.F.);
#6727=ORIENTED_EDGE('',*,*,#5171,.F.);
#6728=ORIENTED_EDGE('',*,*,#5162,.F.);
#6729=ORIENTED_EDGE('',*,*,#5170,.T.);
#6730=ORIENTED_EDGE('',*,*,#5165,.F.);
#6731=ORIENTED_EDGE('',*,*,#5172,.F.);
#6732=ORIENTED_EDGE('',*,*,#5161,.F.);
#6733=ORIENTED_EDGE('',*,*,#5173,.T.);
#6734=ORIENTED_EDGE('',*,*,#5174,.T.);
#6735=ORIENTED_EDGE('',*,*,#5175,.T.);
#6736=ORIENTED_EDGE('',*,*,#5176,.T.);
#6737=ORIENTED_EDGE('',*,*,#5177,.T.);
#6738=ORIENTED_EDGE('',*,*,#5178,.T.);
#6739=ORIENTED_EDGE('',*,*,#5179,.T.);
#6740=ORIENTED_EDGE('',*,*,#5180,.T.);
#6741=ORIENTED_EDGE('',*,*,#5181,.T.);
#6742=ORIENTED_EDGE('',*,*,#5178,.F.);
#6743=ORIENTED_EDGE('',*,*,#5182,.F.);
#6744=ORIENTED_EDGE('',*,*,#5176,.F.);
#6745=ORIENTED_EDGE('',*,*,#5183,.T.);
#6746=ORIENTED_EDGE('',*,*,#5179,.F.);
#6747=ORIENTED_EDGE('',*,*,#5181,.F.);
#6748=ORIENTED_EDGE('',*,*,#5175,.F.);
#6749=ORIENTED_EDGE('',*,*,#5184,.T.);
#6750=ORIENTED_EDGE('',*,*,#5180,.F.);
#6751=ORIENTED_EDGE('',*,*,#5183,.F.);
#6752=ORIENTED_EDGE('',*,*,#5174,.F.);
#6753=ORIENTED_EDGE('',*,*,#5182,.T.);
#6754=ORIENTED_EDGE('',*,*,#5177,.F.);
#6755=ORIENTED_EDGE('',*,*,#5184,.F.);
#6756=ORIENTED_EDGE('',*,*,#5173,.F.);
#6757=ORIENTED_EDGE('',*,*,#5185,.T.);
#6758=ORIENTED_EDGE('',*,*,#5186,.T.);
#6759=ORIENTED_EDGE('',*,*,#5187,.T.);
#6760=ORIENTED_EDGE('',*,*,#5188,.T.);
#6761=ORIENTED_EDGE('',*,*,#5189,.T.);
#6762=ORIENTED_EDGE('',*,*,#5190,.T.);
#6763=ORIENTED_EDGE('',*,*,#5191,.T.);
#6764=ORIENTED_EDGE('',*,*,#5192,.T.);
#6765=ORIENTED_EDGE('',*,*,#5193,.T.);
#6766=ORIENTED_EDGE('',*,*,#5190,.F.);
#6767=ORIENTED_EDGE('',*,*,#5194,.F.);
#6768=ORIENTED_EDGE('',*,*,#5188,.F.);
#6769=ORIENTED_EDGE('',*,*,#5195,.T.);
#6770=ORIENTED_EDGE('',*,*,#5191,.F.);
#6771=ORIENTED_EDGE('',*,*,#5193,.F.);
#6772=ORIENTED_EDGE('',*,*,#5187,.F.);
#6773=ORIENTED_EDGE('',*,*,#5196,.T.);
#6774=ORIENTED_EDGE('',*,*,#5192,.F.);
#6775=ORIENTED_EDGE('',*,*,#5195,.F.);
#6776=ORIENTED_EDGE('',*,*,#5186,.F.);
#6777=ORIENTED_EDGE('',*,*,#5194,.T.);
#6778=ORIENTED_EDGE('',*,*,#5189,.F.);
#6779=ORIENTED_EDGE('',*,*,#5196,.F.);
#6780=ORIENTED_EDGE('',*,*,#5185,.F.);
#6781=ORIENTED_EDGE('',*,*,#5197,.T.);
#6782=ORIENTED_EDGE('',*,*,#5198,.T.);
#6783=ORIENTED_EDGE('',*,*,#5199,.T.);
#6784=ORIENTED_EDGE('',*,*,#5200,.T.);
#6785=ORIENTED_EDGE('',*,*,#5201,.T.);
#6786=ORIENTED_EDGE('',*,*,#5202,.T.);
#6787=ORIENTED_EDGE('',*,*,#5203,.T.);
#6788=ORIENTED_EDGE('',*,*,#5204,.T.);
#6789=ORIENTED_EDGE('',*,*,#5205,.T.);
#6790=ORIENTED_EDGE('',*,*,#5202,.F.);
#6791=ORIENTED_EDGE('',*,*,#5206,.F.);
#6792=ORIENTED_EDGE('',*,*,#5200,.F.);
#6793=ORIENTED_EDGE('',*,*,#5207,.T.);
#6794=ORIENTED_EDGE('',*,*,#5203,.F.);
#6795=ORIENTED_EDGE('',*,*,#5205,.F.);
#6796=ORIENTED_EDGE('',*,*,#5199,.F.);
#6797=ORIENTED_EDGE('',*,*,#5208,.T.);
#6798=ORIENTED_EDGE('',*,*,#5204,.F.);
#6799=ORIENTED_EDGE('',*,*,#5207,.F.);
#6800=ORIENTED_EDGE('',*,*,#5198,.F.);
#6801=ORIENTED_EDGE('',*,*,#5206,.T.);
#6802=ORIENTED_EDGE('',*,*,#5201,.F.);
#6803=ORIENTED_EDGE('',*,*,#5208,.F.);
#6804=ORIENTED_EDGE('',*,*,#5197,.F.);
#6805=ORIENTED_EDGE('',*,*,#5209,.T.);
#6806=ORIENTED_EDGE('',*,*,#5210,.T.);
#6807=ORIENTED_EDGE('',*,*,#5211,.T.);
#6808=ORIENTED_EDGE('',*,*,#5212,.T.);
#6809=ORIENTED_EDGE('',*,*,#5213,.T.);
#6810=ORIENTED_EDGE('',*,*,#5214,.T.);
#6811=ORIENTED_EDGE('',*,*,#5215,.T.);
#6812=ORIENTED_EDGE('',*,*,#5216,.T.);
#6813=ORIENTED_EDGE('',*,*,#5217,.T.);
#6814=ORIENTED_EDGE('',*,*,#5214,.F.);
#6815=ORIENTED_EDGE('',*,*,#5218,.F.);
#6816=ORIENTED_EDGE('',*,*,#5212,.F.);
#6817=ORIENTED_EDGE('',*,*,#5219,.T.);
#6818=ORIENTED_EDGE('',*,*,#5215,.F.);
#6819=ORIENTED_EDGE('',*,*,#5217,.F.);
#6820=ORIENTED_EDGE('',*,*,#5211,.F.);
#6821=ORIENTED_EDGE('',*,*,#5220,.T.);
#6822=ORIENTED_EDGE('',*,*,#5216,.F.);
#6823=ORIENTED_EDGE('',*,*,#5219,.F.);
#6824=ORIENTED_EDGE('',*,*,#5210,.F.);
#6825=ORIENTED_EDGE('',*,*,#5218,.T.);
#6826=ORIENTED_EDGE('',*,*,#5213,.F.);
#6827=ORIENTED_EDGE('',*,*,#5220,.F.);
#6828=ORIENTED_EDGE('',*,*,#5209,.F.);
#6829=ORIENTED_EDGE('',*,*,#5221,.T.);
#6830=ORIENTED_EDGE('',*,*,#5222,.T.);
#6831=ORIENTED_EDGE('',*,*,#5223,.T.);
#6832=ORIENTED_EDGE('',*,*,#5224,.T.);
#6833=ORIENTED_EDGE('',*,*,#5225,.T.);
#6834=ORIENTED_EDGE('',*,*,#5226,.T.);
#6835=ORIENTED_EDGE('',*,*,#5227,.T.);
#6836=ORIENTED_EDGE('',*,*,#5228,.T.);
#6837=ORIENTED_EDGE('',*,*,#5229,.T.);
#6838=ORIENTED_EDGE('',*,*,#5226,.F.);
#6839=ORIENTED_EDGE('',*,*,#5230,.F.);
#6840=ORIENTED_EDGE('',*,*,#5224,.F.);
#6841=ORIENTED_EDGE('',*,*,#5231,.T.);
#6842=ORIENTED_EDGE('',*,*,#5227,.F.);
#6843=ORIENTED_EDGE('',*,*,#5229,.F.);
#6844=ORIENTED_EDGE('',*,*,#5223,.F.);
#6845=ORIENTED_EDGE('',*,*,#5232,.T.);
#6846=ORIENTED_EDGE('',*,*,#5228,.F.);
#6847=ORIENTED_EDGE('',*,*,#5231,.F.);
#6848=ORIENTED_EDGE('',*,*,#5222,.F.);
#6849=ORIENTED_EDGE('',*,*,#5230,.T.);
#6850=ORIENTED_EDGE('',*,*,#5225,.F.);
#6851=ORIENTED_EDGE('',*,*,#5232,.F.);
#6852=ORIENTED_EDGE('',*,*,#5221,.F.);
#6853=ORIENTED_EDGE('',*,*,#5233,.T.);
#6854=ORIENTED_EDGE('',*,*,#5234,.T.);
#6855=ORIENTED_EDGE('',*,*,#5235,.T.);
#6856=ORIENTED_EDGE('',*,*,#5236,.T.);
#6857=ORIENTED_EDGE('',*,*,#5237,.T.);
#6858=ORIENTED_EDGE('',*,*,#5238,.T.);
#6859=ORIENTED_EDGE('',*,*,#5239,.T.);
#6860=ORIENTED_EDGE('',*,*,#5240,.T.);
#6861=ORIENTED_EDGE('',*,*,#5241,.T.);
#6862=ORIENTED_EDGE('',*,*,#5238,.F.);
#6863=ORIENTED_EDGE('',*,*,#5242,.F.);
#6864=ORIENTED_EDGE('',*,*,#5236,.F.);
#6865=ORIENTED_EDGE('',*,*,#5243,.T.);
#6866=ORIENTED_EDGE('',*,*,#5239,.F.);
#6867=ORIENTED_EDGE('',*,*,#5241,.F.);
#6868=ORIENTED_EDGE('',*,*,#5235,.F.);
#6869=ORIENTED_EDGE('',*,*,#5244,.T.);
#6870=ORIENTED_EDGE('',*,*,#5240,.F.);
#6871=ORIENTED_EDGE('',*,*,#5243,.F.);
#6872=ORIENTED_EDGE('',*,*,#5234,.F.);
#6873=ORIENTED_EDGE('',*,*,#5242,.T.);
#6874=ORIENTED_EDGE('',*,*,#5237,.F.);
#6875=ORIENTED_EDGE('',*,*,#5244,.F.);
#6876=ORIENTED_EDGE('',*,*,#5233,.F.);
#6877=ORIENTED_EDGE('',*,*,#5245,.F.);
#6878=ORIENTED_EDGE('',*,*,#5246,.T.);
#6879=ORIENTED_EDGE('',*,*,#5247,.F.);
#6880=ORIENTED_EDGE('',*,*,#5246,.F.);
#6881=ORIENTED_EDGE('',*,*,#5248,.F.);
#6882=ORIENTED_EDGE('',*,*,#5249,.T.);
#6883=ORIENTED_EDGE('',*,*,#5250,.F.);
#6884=ORIENTED_EDGE('',*,*,#5249,.F.);
#6885=ORIENTED_EDGE('',*,*,#5251,.F.);
#6886=ORIENTED_EDGE('',*,*,#5252,.T.);
#6887=ORIENTED_EDGE('',*,*,#5253,.F.);
#6888=ORIENTED_EDGE('',*,*,#5252,.F.);
#6889=ORIENTED_EDGE('',*,*,#5254,.F.);
#6890=ORIENTED_EDGE('',*,*,#5255,.T.);
#6891=ORIENTED_EDGE('',*,*,#5256,.F.);
#6892=ORIENTED_EDGE('',*,*,#5255,.F.);
#6893=ORIENTED_EDGE('',*,*,#5257,.F.);
#6894=ORIENTED_EDGE('',*,*,#5258,.T.);
#6895=ORIENTED_EDGE('',*,*,#5259,.F.);
#6896=ORIENTED_EDGE('',*,*,#5258,.F.);
#6897=ORIENTED_EDGE('',*,*,#5260,.F.);
#6898=ORIENTED_EDGE('',*,*,#5261,.T.);
#6899=ORIENTED_EDGE('',*,*,#5262,.F.);
#6900=ORIENTED_EDGE('',*,*,#5261,.F.);
#6901=ORIENTED_EDGE('',*,*,#5263,.F.);
#6902=ORIENTED_EDGE('',*,*,#5264,.T.);
#6903=ORIENTED_EDGE('',*,*,#5265,.F.);
#6904=ORIENTED_EDGE('',*,*,#5264,.F.);
#6905=ORIENTED_EDGE('',*,*,#5266,.F.);
#6906=ORIENTED_EDGE('',*,*,#5267,.T.);
#6907=ORIENTED_EDGE('',*,*,#5268,.F.);
#6908=ORIENTED_EDGE('',*,*,#5267,.F.);
#6909=ORIENTED_EDGE('',*,*,#5269,.T.);
#6910=ORIENTED_EDGE('',*,*,#5270,.T.);
#6911=ORIENTED_EDGE('',*,*,#5271,.T.);
#6912=ORIENTED_EDGE('',*,*,#5272,.T.);
#6913=ORIENTED_EDGE('',*,*,#5268,.T.);
#6914=ORIENTED_EDGE('',*,*,#5265,.T.);
#6915=ORIENTED_EDGE('',*,*,#5262,.T.);
#6916=ORIENTED_EDGE('',*,*,#5259,.T.);
#6917=ORIENTED_EDGE('',*,*,#5256,.T.);
#6918=ORIENTED_EDGE('',*,*,#5253,.T.);
#6919=ORIENTED_EDGE('',*,*,#5250,.T.);
#6920=ORIENTED_EDGE('',*,*,#5247,.T.);
#6921=ORIENTED_EDGE('',*,*,#5273,.T.);
#6922=ORIENTED_EDGE('',*,*,#5274,.T.);
#6923=ORIENTED_EDGE('',*,*,#5275,.T.);
#6924=ORIENTED_EDGE('',*,*,#5276,.T.);
#6925=ORIENTED_EDGE('',*,*,#5266,.T.);
#6926=ORIENTED_EDGE('',*,*,#5263,.T.);
#6927=ORIENTED_EDGE('',*,*,#5260,.T.);
#6928=ORIENTED_EDGE('',*,*,#5257,.T.);
#6929=ORIENTED_EDGE('',*,*,#5254,.T.);
#6930=ORIENTED_EDGE('',*,*,#5251,.T.);
#6931=ORIENTED_EDGE('',*,*,#5248,.T.);
#6932=ORIENTED_EDGE('',*,*,#5245,.T.);
#6933=ORIENTED_EDGE('',*,*,#5277,.T.);
#6934=ORIENTED_EDGE('',*,*,#5274,.F.);
#6935=ORIENTED_EDGE('',*,*,#5278,.F.);
#6936=ORIENTED_EDGE('',*,*,#5272,.F.);
#6937=ORIENTED_EDGE('',*,*,#5279,.T.);
#6938=ORIENTED_EDGE('',*,*,#5275,.F.);
#6939=ORIENTED_EDGE('',*,*,#5277,.F.);
#6940=ORIENTED_EDGE('',*,*,#5271,.F.);
#6941=ORIENTED_EDGE('',*,*,#5280,.T.);
#6942=ORIENTED_EDGE('',*,*,#5276,.F.);
#6943=ORIENTED_EDGE('',*,*,#5279,.F.);
#6944=ORIENTED_EDGE('',*,*,#5270,.F.);
#6945=ORIENTED_EDGE('',*,*,#5278,.T.);
#6946=ORIENTED_EDGE('',*,*,#5273,.F.);
#6947=ORIENTED_EDGE('',*,*,#5280,.F.);
#6948=ORIENTED_EDGE('',*,*,#5269,.F.);
#6949=ORIENTED_EDGE('',*,*,#5281,.T.);
#6950=ORIENTED_EDGE('',*,*,#5282,.T.);
#6951=ORIENTED_EDGE('',*,*,#5283,.T.);
#6952=ORIENTED_EDGE('',*,*,#5284,.T.);
#6953=ORIENTED_EDGE('',*,*,#5285,.T.);
#6954=ORIENTED_EDGE('',*,*,#5286,.T.);
#6955=ORIENTED_EDGE('',*,*,#5287,.T.);
#6956=ORIENTED_EDGE('',*,*,#5288,.T.);
#6957=ORIENTED_EDGE('',*,*,#5289,.T.);
#6958=ORIENTED_EDGE('',*,*,#5286,.F.);
#6959=ORIENTED_EDGE('',*,*,#5290,.F.);
#6960=ORIENTED_EDGE('',*,*,#5284,.F.);
#6961=ORIENTED_EDGE('',*,*,#5291,.T.);
#6962=ORIENTED_EDGE('',*,*,#5287,.F.);
#6963=ORIENTED_EDGE('',*,*,#5289,.F.);
#6964=ORIENTED_EDGE('',*,*,#5283,.F.);
#6965=ORIENTED_EDGE('',*,*,#5292,.T.);
#6966=ORIENTED_EDGE('',*,*,#5288,.F.);
#6967=ORIENTED_EDGE('',*,*,#5291,.F.);
#6968=ORIENTED_EDGE('',*,*,#5282,.F.);
#6969=ORIENTED_EDGE('',*,*,#5290,.T.);
#6970=ORIENTED_EDGE('',*,*,#5285,.F.);
#6971=ORIENTED_EDGE('',*,*,#5292,.F.);
#6972=ORIENTED_EDGE('',*,*,#5281,.F.);
#6973=ORIENTED_EDGE('',*,*,#5293,.T.);
#6974=ORIENTED_EDGE('',*,*,#5294,.T.);
#6975=ORIENTED_EDGE('',*,*,#5295,.T.);
#6976=ORIENTED_EDGE('',*,*,#5296,.T.);
#6977=ORIENTED_EDGE('',*,*,#5297,.T.);
#6978=ORIENTED_EDGE('',*,*,#5298,.T.);
#6979=ORIENTED_EDGE('',*,*,#5299,.T.);
#6980=ORIENTED_EDGE('',*,*,#5300,.T.);
#6981=ORIENTED_EDGE('',*,*,#5301,.T.);
#6982=ORIENTED_EDGE('',*,*,#5298,.F.);
#6983=ORIENTED_EDGE('',*,*,#5302,.F.);
#6984=ORIENTED_EDGE('',*,*,#5296,.F.);
#6985=ORIENTED_EDGE('',*,*,#5303,.T.);
#6986=ORIENTED_EDGE('',*,*,#5299,.F.);
#6987=ORIENTED_EDGE('',*,*,#5301,.F.);
#6988=ORIENTED_EDGE('',*,*,#5295,.F.);
#6989=ORIENTED_EDGE('',*,*,#5304,.T.);
#6990=ORIENTED_EDGE('',*,*,#5300,.F.);
#6991=ORIENTED_EDGE('',*,*,#5303,.F.);
#6992=ORIENTED_EDGE('',*,*,#5294,.F.);
#6993=ORIENTED_EDGE('',*,*,#5302,.T.);
#6994=ORIENTED_EDGE('',*,*,#5297,.F.);
#6995=ORIENTED_EDGE('',*,*,#5304,.F.);
#6996=ORIENTED_EDGE('',*,*,#5293,.F.);
#6997=ORIENTED_EDGE('',*,*,#5305,.T.);
#6998=ORIENTED_EDGE('',*,*,#5306,.T.);
#6999=ORIENTED_EDGE('',*,*,#5307,.T.);
#7000=ORIENTED_EDGE('',*,*,#5308,.T.);
#7001=ORIENTED_EDGE('',*,*,#5309,.T.);
#7002=ORIENTED_EDGE('',*,*,#5310,.T.);
#7003=ORIENTED_EDGE('',*,*,#5311,.T.);
#7004=ORIENTED_EDGE('',*,*,#5312,.T.);
#7005=ORIENTED_EDGE('',*,*,#5313,.T.);
#7006=ORIENTED_EDGE('',*,*,#5310,.F.);
#7007=ORIENTED_EDGE('',*,*,#5314,.F.);
#7008=ORIENTED_EDGE('',*,*,#5308,.F.);
#7009=ORIENTED_EDGE('',*,*,#5315,.T.);
#7010=ORIENTED_EDGE('',*,*,#5311,.F.);
#7011=ORIENTED_EDGE('',*,*,#5313,.F.);
#7012=ORIENTED_EDGE('',*,*,#5307,.F.);
#7013=ORIENTED_EDGE('',*,*,#5316,.T.);
#7014=ORIENTED_EDGE('',*,*,#5312,.F.);
#7015=ORIENTED_EDGE('',*,*,#5315,.F.);
#7016=ORIENTED_EDGE('',*,*,#5306,.F.);
#7017=ORIENTED_EDGE('',*,*,#5314,.T.);
#7018=ORIENTED_EDGE('',*,*,#5309,.F.);
#7019=ORIENTED_EDGE('',*,*,#5316,.F.);
#7020=ORIENTED_EDGE('',*,*,#5305,.F.);
#7021=ORIENTED_EDGE('',*,*,#5317,.F.);
#7022=ORIENTED_EDGE('',*,*,#5318,.T.);
#7023=ORIENTED_EDGE('',*,*,#5319,.F.);
#7024=ORIENTED_EDGE('',*,*,#5318,.F.);
#7025=ORIENTED_EDGE('',*,*,#5320,.F.);
#7026=ORIENTED_EDGE('',*,*,#5321,.T.);
#7027=ORIENTED_EDGE('',*,*,#5322,.F.);
#7028=ORIENTED_EDGE('',*,*,#5321,.F.);
#7029=ORIENTED_EDGE('',*,*,#5322,.T.);
#7030=ORIENTED_EDGE('',*,*,#5317,.T.);
#7031=ORIENTED_EDGE('',*,*,#5320,.T.);
#7032=ORIENTED_EDGE('',*,*,#5319,.T.);
#7033=ORIENTED_EDGE('',*,*,#5323,.F.);
#7034=ORIENTED_EDGE('',*,*,#5324,.T.);
#7035=ORIENTED_EDGE('',*,*,#5325,.F.);
#7036=ORIENTED_EDGE('',*,*,#5324,.F.);
#7037=ORIENTED_EDGE('',*,*,#5326,.F.);
#7038=ORIENTED_EDGE('',*,*,#5327,.T.);
#7039=ORIENTED_EDGE('',*,*,#5328,.F.);
#7040=ORIENTED_EDGE('',*,*,#5327,.F.);
#7041=ORIENTED_EDGE('',*,*,#5328,.T.);
#7042=ORIENTED_EDGE('',*,*,#5323,.T.);
#7043=ORIENTED_EDGE('',*,*,#5326,.T.);
#7044=ORIENTED_EDGE('',*,*,#5325,.T.);
#7045=ORIENTED_EDGE('',*,*,#5329,.F.);
#7046=ORIENTED_EDGE('',*,*,#5330,.T.);
#7047=ORIENTED_EDGE('',*,*,#5331,.F.);
#7048=ORIENTED_EDGE('',*,*,#5330,.F.);
#7049=ORIENTED_EDGE('',*,*,#5332,.F.);
#7050=ORIENTED_EDGE('',*,*,#5333,.T.);
#7051=ORIENTED_EDGE('',*,*,#5334,.F.);
#7052=ORIENTED_EDGE('',*,*,#5333,.F.);
#7053=ORIENTED_EDGE('',*,*,#5334,.T.);
#7054=ORIENTED_EDGE('',*,*,#5329,.T.);
#7055=ORIENTED_EDGE('',*,*,#5332,.T.);
#7056=ORIENTED_EDGE('',*,*,#5331,.T.);
#7057=ORIENTED_EDGE('',*,*,#5335,.F.);
#7058=ORIENTED_EDGE('',*,*,#5336,.T.);
#7059=ORIENTED_EDGE('',*,*,#5337,.F.);
#7060=ORIENTED_EDGE('',*,*,#5336,.F.);
#7061=ORIENTED_EDGE('',*,*,#5338,.F.);
#7062=ORIENTED_EDGE('',*,*,#5339,.T.);
#7063=ORIENTED_EDGE('',*,*,#5340,.F.);
#7064=ORIENTED_EDGE('',*,*,#5339,.F.);
#7065=ORIENTED_EDGE('',*,*,#5340,.T.);
#7066=ORIENTED_EDGE('',*,*,#5335,.T.);
#7067=ORIENTED_EDGE('',*,*,#5338,.T.);
#7068=ORIENTED_EDGE('',*,*,#5337,.T.);
#7069=ORIENTED_EDGE('',*,*,#5341,.F.);
#7070=ORIENTED_EDGE('',*,*,#5342,.T.);
#7071=ORIENTED_EDGE('',*,*,#5343,.F.);
#7072=ORIENTED_EDGE('',*,*,#5342,.F.);
#7073=ORIENTED_EDGE('',*,*,#5344,.F.);
#7074=ORIENTED_EDGE('',*,*,#5345,.T.);
#7075=ORIENTED_EDGE('',*,*,#5346,.F.);
#7076=ORIENTED_EDGE('',*,*,#5345,.F.);
#7077=ORIENTED_EDGE('',*,*,#5346,.T.);
#7078=ORIENTED_EDGE('',*,*,#5341,.T.);
#7079=ORIENTED_EDGE('',*,*,#5344,.T.);
#7080=ORIENTED_EDGE('',*,*,#5343,.T.);
#7081=ORIENTED_EDGE('',*,*,#5347,.F.);
#7082=ORIENTED_EDGE('',*,*,#5348,.T.);
#7083=ORIENTED_EDGE('',*,*,#5349,.F.);
#7084=ORIENTED_EDGE('',*,*,#5348,.F.);
#7085=ORIENTED_EDGE('',*,*,#5350,.F.);
#7086=ORIENTED_EDGE('',*,*,#5351,.T.);
#7087=ORIENTED_EDGE('',*,*,#5352,.F.);
#7088=ORIENTED_EDGE('',*,*,#5351,.F.);
#7089=ORIENTED_EDGE('',*,*,#5352,.T.);
#7090=ORIENTED_EDGE('',*,*,#5347,.T.);
#7091=ORIENTED_EDGE('',*,*,#5350,.T.);
#7092=ORIENTED_EDGE('',*,*,#5349,.T.);
#7093=ORIENTED_EDGE('',*,*,#5353,.F.);
#7094=ORIENTED_EDGE('',*,*,#5354,.T.);
#7095=ORIENTED_EDGE('',*,*,#5355,.F.);
#7096=ORIENTED_EDGE('',*,*,#5354,.F.);
#7097=ORIENTED_EDGE('',*,*,#5356,.F.);
#7098=ORIENTED_EDGE('',*,*,#5357,.T.);
#7099=ORIENTED_EDGE('',*,*,#5358,.F.);
#7100=ORIENTED_EDGE('',*,*,#5357,.F.);
#7101=ORIENTED_EDGE('',*,*,#5358,.T.);
#7102=ORIENTED_EDGE('',*,*,#5353,.T.);
#7103=ORIENTED_EDGE('',*,*,#5356,.T.);
#7104=ORIENTED_EDGE('',*,*,#5355,.T.);
#7105=ORIENTED_EDGE('',*,*,#5359,.F.);
#7106=ORIENTED_EDGE('',*,*,#5360,.T.);
#7107=ORIENTED_EDGE('',*,*,#5361,.F.);
#7108=ORIENTED_EDGE('',*,*,#5360,.F.);
#7109=ORIENTED_EDGE('',*,*,#5362,.F.);
#7110=ORIENTED_EDGE('',*,*,#5363,.T.);
#7111=ORIENTED_EDGE('',*,*,#5364,.F.);
#7112=ORIENTED_EDGE('',*,*,#5363,.F.);
#7113=ORIENTED_EDGE('',*,*,#5364,.T.);
#7114=ORIENTED_EDGE('',*,*,#5359,.T.);
#7115=ORIENTED_EDGE('',*,*,#5362,.T.);
#7116=ORIENTED_EDGE('',*,*,#5361,.T.);
#7117=ORIENTED_EDGE('',*,*,#5365,.F.);
#7118=ORIENTED_EDGE('',*,*,#5366,.T.);
#7119=ORIENTED_EDGE('',*,*,#5367,.F.);
#7120=ORIENTED_EDGE('',*,*,#5366,.F.);
#7121=ORIENTED_EDGE('',*,*,#5368,.F.);
#7122=ORIENTED_EDGE('',*,*,#5369,.T.);
#7123=ORIENTED_EDGE('',*,*,#5370,.F.);
#7124=ORIENTED_EDGE('',*,*,#5369,.F.);
#7125=ORIENTED_EDGE('',*,*,#5371,.F.);
#7126=ORIENTED_EDGE('',*,*,#5372,.T.);
#7127=ORIENTED_EDGE('',*,*,#5373,.F.);
#7128=ORIENTED_EDGE('',*,*,#5372,.F.);
#7129=ORIENTED_EDGE('',*,*,#5374,.F.);
#7130=ORIENTED_EDGE('',*,*,#5375,.T.);
#7131=ORIENTED_EDGE('',*,*,#5376,.F.);
#7132=ORIENTED_EDGE('',*,*,#5375,.F.);
#7133=ORIENTED_EDGE('',*,*,#5377,.T.);
#7134=ORIENTED_EDGE('',*,*,#5378,.T.);
#7135=ORIENTED_EDGE('',*,*,#5379,.T.);
#7136=ORIENTED_EDGE('',*,*,#5380,.T.);
#7137=ORIENTED_EDGE('',*,*,#5367,.T.);
#7138=ORIENTED_EDGE('',*,*,#5370,.T.);
#7139=ORIENTED_EDGE('',*,*,#5373,.T.);
#7140=ORIENTED_EDGE('',*,*,#5376,.T.);
#7141=ORIENTED_EDGE('',*,*,#5381,.T.);
#7142=ORIENTED_EDGE('',*,*,#5382,.T.);
#7143=ORIENTED_EDGE('',*,*,#5383,.T.);
#7144=ORIENTED_EDGE('',*,*,#5384,.T.);
#7145=ORIENTED_EDGE('',*,*,#5365,.T.);
#7146=ORIENTED_EDGE('',*,*,#5368,.T.);
#7147=ORIENTED_EDGE('',*,*,#5371,.T.);
#7148=ORIENTED_EDGE('',*,*,#5374,.T.);
#7149=ORIENTED_EDGE('',*,*,#5385,.T.);
#7150=ORIENTED_EDGE('',*,*,#5382,.F.);
#7151=ORIENTED_EDGE('',*,*,#5386,.F.);
#7152=ORIENTED_EDGE('',*,*,#5380,.F.);
#7153=ORIENTED_EDGE('',*,*,#5387,.T.);
#7154=ORIENTED_EDGE('',*,*,#5383,.F.);
#7155=ORIENTED_EDGE('',*,*,#5385,.F.);
#7156=ORIENTED_EDGE('',*,*,#5379,.F.);
#7157=ORIENTED_EDGE('',*,*,#5388,.T.);
#7158=ORIENTED_EDGE('',*,*,#5384,.F.);
#7159=ORIENTED_EDGE('',*,*,#5387,.F.);
#7160=ORIENTED_EDGE('',*,*,#5378,.F.);
#7161=ORIENTED_EDGE('',*,*,#5386,.T.);
#7162=ORIENTED_EDGE('',*,*,#5381,.F.);
#7163=ORIENTED_EDGE('',*,*,#5388,.F.);
#7164=ORIENTED_EDGE('',*,*,#5377,.F.);
#7165=ORIENTED_EDGE('',*,*,#5389,.F.);
#7166=ORIENTED_EDGE('',*,*,#5390,.T.);
#7167=ORIENTED_EDGE('',*,*,#5391,.F.);
#7168=ORIENTED_EDGE('',*,*,#5390,.F.);
#7169=ORIENTED_EDGE('',*,*,#5392,.F.);
#7170=ORIENTED_EDGE('',*,*,#5393,.T.);
#7171=ORIENTED_EDGE('',*,*,#5394,.F.);
#7172=ORIENTED_EDGE('',*,*,#5393,.F.);
#7173=ORIENTED_EDGE('',*,*,#5395,.F.);
#7174=ORIENTED_EDGE('',*,*,#5396,.T.);
#7175=ORIENTED_EDGE('',*,*,#5397,.F.);
#7176=ORIENTED_EDGE('',*,*,#5396,.F.);
#7177=ORIENTED_EDGE('',*,*,#5398,.F.);
#7178=ORIENTED_EDGE('',*,*,#5399,.T.);
#7179=ORIENTED_EDGE('',*,*,#5400,.F.);
#7180=ORIENTED_EDGE('',*,*,#5399,.F.);
#7181=ORIENTED_EDGE('',*,*,#5401,.T.);
#7182=ORIENTED_EDGE('',*,*,#5402,.T.);
#7183=ORIENTED_EDGE('',*,*,#5403,.T.);
#7184=ORIENTED_EDGE('',*,*,#5404,.T.);
#7185=ORIENTED_EDGE('',*,*,#5391,.T.);
#7186=ORIENTED_EDGE('',*,*,#5394,.T.);
#7187=ORIENTED_EDGE('',*,*,#5397,.T.);
#7188=ORIENTED_EDGE('',*,*,#5400,.T.);
#7189=ORIENTED_EDGE('',*,*,#5405,.T.);
#7190=ORIENTED_EDGE('',*,*,#5406,.T.);
#7191=ORIENTED_EDGE('',*,*,#5407,.T.);
#7192=ORIENTED_EDGE('',*,*,#5408,.T.);
#7193=ORIENTED_EDGE('',*,*,#5389,.T.);
#7194=ORIENTED_EDGE('',*,*,#5392,.T.);
#7195=ORIENTED_EDGE('',*,*,#5395,.T.);
#7196=ORIENTED_EDGE('',*,*,#5398,.T.);
#7197=ORIENTED_EDGE('',*,*,#5409,.T.);
#7198=ORIENTED_EDGE('',*,*,#5406,.F.);
#7199=ORIENTED_EDGE('',*,*,#5410,.F.);
#7200=ORIENTED_EDGE('',*,*,#5404,.F.);
#7201=ORIENTED_EDGE('',*,*,#5411,.T.);
#7202=ORIENTED_EDGE('',*,*,#5407,.F.);
#7203=ORIENTED_EDGE('',*,*,#5409,.F.);
#7204=ORIENTED_EDGE('',*,*,#5403,.F.);
#7205=ORIENTED_EDGE('',*,*,#5412,.T.);
#7206=ORIENTED_EDGE('',*,*,#5408,.F.);
#7207=ORIENTED_EDGE('',*,*,#5411,.F.);
#7208=ORIENTED_EDGE('',*,*,#5402,.F.);
#7209=ORIENTED_EDGE('',*,*,#5410,.T.);
#7210=ORIENTED_EDGE('',*,*,#5405,.F.);
#7211=ORIENTED_EDGE('',*,*,#5412,.F.);
#7212=ORIENTED_EDGE('',*,*,#5401,.F.);
#7213=ORIENTED_EDGE('',*,*,#5413,.F.);
#7214=ORIENTED_EDGE('',*,*,#5414,.T.);
#7215=ORIENTED_EDGE('',*,*,#5415,.F.);
#7216=ORIENTED_EDGE('',*,*,#5414,.F.);
#7217=ORIENTED_EDGE('',*,*,#5416,.F.);
#7218=ORIENTED_EDGE('',*,*,#5417,.T.);
#7219=ORIENTED_EDGE('',*,*,#5418,.F.);
#7220=ORIENTED_EDGE('',*,*,#5417,.F.);
#7221=ORIENTED_EDGE('',*,*,#5418,.T.);
#7222=ORIENTED_EDGE('',*,*,#5413,.T.);
#7223=ORIENTED_EDGE('',*,*,#5416,.T.);
#7224=ORIENTED_EDGE('',*,*,#5415,.T.);
#7225=ORIENTED_EDGE('',*,*,#5419,.F.);
#7226=ORIENTED_EDGE('',*,*,#5420,.T.);
#7227=ORIENTED_EDGE('',*,*,#5421,.F.);
#7228=ORIENTED_EDGE('',*,*,#5420,.F.);
#7229=ORIENTED_EDGE('',*,*,#5422,.F.);
#7230=ORIENTED_EDGE('',*,*,#5423,.T.);
#7231=ORIENTED_EDGE('',*,*,#5424,.F.);
#7232=ORIENTED_EDGE('',*,*,#5423,.F.);
#7233=ORIENTED_EDGE('',*,*,#5424,.T.);
#7234=ORIENTED_EDGE('',*,*,#5419,.T.);
#7235=ORIENTED_EDGE('',*,*,#5422,.T.);
#7236=ORIENTED_EDGE('',*,*,#5421,.T.);
#7237=ORIENTED_EDGE('',*,*,#5425,.F.);
#7238=ORIENTED_EDGE('',*,*,#5426,.T.);
#7239=ORIENTED_EDGE('',*,*,#5427,.F.);
#7240=ORIENTED_EDGE('',*,*,#5426,.F.);
#7241=ORIENTED_EDGE('',*,*,#5428,.F.);
#7242=ORIENTED_EDGE('',*,*,#5429,.T.);
#7243=ORIENTED_EDGE('',*,*,#5430,.F.);
#7244=ORIENTED_EDGE('',*,*,#5429,.F.);
#7245=ORIENTED_EDGE('',*,*,#5430,.T.);
#7246=ORIENTED_EDGE('',*,*,#5425,.T.);
#7247=ORIENTED_EDGE('',*,*,#5428,.T.);
#7248=ORIENTED_EDGE('',*,*,#5427,.T.);
#7249=ORIENTED_EDGE('',*,*,#5431,.F.);
#7250=ORIENTED_EDGE('',*,*,#5432,.T.);
#7251=ORIENTED_EDGE('',*,*,#5433,.F.);
#7252=ORIENTED_EDGE('',*,*,#5432,.F.);
#7253=ORIENTED_EDGE('',*,*,#5434,.F.);
#7254=ORIENTED_EDGE('',*,*,#5435,.T.);
#7255=ORIENTED_EDGE('',*,*,#5436,.F.);
#7256=ORIENTED_EDGE('',*,*,#5435,.F.);
#7257=ORIENTED_EDGE('',*,*,#5436,.T.);
#7258=ORIENTED_EDGE('',*,*,#5431,.T.);
#7259=ORIENTED_EDGE('',*,*,#5434,.T.);
#7260=ORIENTED_EDGE('',*,*,#5433,.T.);
#7261=ORIENTED_EDGE('',*,*,#5437,.F.);
#7262=ORIENTED_EDGE('',*,*,#5438,.T.);
#7263=ORIENTED_EDGE('',*,*,#5439,.F.);
#7264=ORIENTED_EDGE('',*,*,#5438,.F.);
#7265=ORIENTED_EDGE('',*,*,#5440,.F.);
#7266=ORIENTED_EDGE('',*,*,#5441,.T.);
#7267=ORIENTED_EDGE('',*,*,#5442,.F.);
#7268=ORIENTED_EDGE('',*,*,#5441,.F.);
#7269=ORIENTED_EDGE('',*,*,#5442,.T.);
#7270=ORIENTED_EDGE('',*,*,#5437,.T.);
#7271=ORIENTED_EDGE('',*,*,#5440,.T.);
#7272=ORIENTED_EDGE('',*,*,#5439,.T.);
#7273=ORIENTED_EDGE('',*,*,#5443,.F.);
#7274=ORIENTED_EDGE('',*,*,#5444,.T.);
#7275=ORIENTED_EDGE('',*,*,#5445,.F.);
#7276=ORIENTED_EDGE('',*,*,#5444,.F.);
#7277=ORIENTED_EDGE('',*,*,#5446,.F.);
#7278=ORIENTED_EDGE('',*,*,#5447,.T.);
#7279=ORIENTED_EDGE('',*,*,#5448,.F.);
#7280=ORIENTED_EDGE('',*,*,#5447,.F.);
#7281=ORIENTED_EDGE('',*,*,#5448,.T.);
#7282=ORIENTED_EDGE('',*,*,#5443,.T.);
#7283=ORIENTED_EDGE('',*,*,#5446,.T.);
#7284=ORIENTED_EDGE('',*,*,#5445,.T.);
#7285=ORIENTED_EDGE('',*,*,#5449,.F.);
#7286=ORIENTED_EDGE('',*,*,#5450,.T.);
#7287=ORIENTED_EDGE('',*,*,#5451,.F.);
#7288=ORIENTED_EDGE('',*,*,#5450,.F.);
#7289=ORIENTED_EDGE('',*,*,#5452,.F.);
#7290=ORIENTED_EDGE('',*,*,#5453,.T.);
#7291=ORIENTED_EDGE('',*,*,#5454,.F.);
#7292=ORIENTED_EDGE('',*,*,#5453,.F.);
#7293=ORIENTED_EDGE('',*,*,#5454,.T.);
#7294=ORIENTED_EDGE('',*,*,#5449,.T.);
#7295=ORIENTED_EDGE('',*,*,#5452,.T.);
#7296=ORIENTED_EDGE('',*,*,#5451,.T.);
#7297=ORIENTED_EDGE('',*,*,#5455,.F.);
#7298=ORIENTED_EDGE('',*,*,#5456,.T.);
#7299=ORIENTED_EDGE('',*,*,#5457,.F.);
#7300=ORIENTED_EDGE('',*,*,#5456,.F.);
#7301=ORIENTED_EDGE('',*,*,#5458,.F.);
#7302=ORIENTED_EDGE('',*,*,#5459,.T.);
#7303=ORIENTED_EDGE('',*,*,#5460,.F.);
#7304=ORIENTED_EDGE('',*,*,#5459,.F.);
#7305=ORIENTED_EDGE('',*,*,#5460,.T.);
#7306=ORIENTED_EDGE('',*,*,#5455,.T.);
#7307=ORIENTED_EDGE('',*,*,#5458,.T.);
#7308=ORIENTED_EDGE('',*,*,#5457,.T.);
#7309=ORIENTED_EDGE('',*,*,#5461,.T.);
#7310=ORIENTED_EDGE('',*,*,#5462,.T.);
#7311=ORIENTED_EDGE('',*,*,#5463,.T.);
#7312=ORIENTED_EDGE('',*,*,#5464,.T.);
#7313=ORIENTED_EDGE('',*,*,#5465,.T.);
#7314=ORIENTED_EDGE('',*,*,#5466,.T.);
#7315=ORIENTED_EDGE('',*,*,#5467,.T.);
#7316=ORIENTED_EDGE('',*,*,#5468,.T.);
#7317=ORIENTED_EDGE('',*,*,#5469,.T.);
#7318=ORIENTED_EDGE('',*,*,#5466,.F.);
#7319=ORIENTED_EDGE('',*,*,#5470,.F.);
#7320=ORIENTED_EDGE('',*,*,#5464,.F.);
#7321=ORIENTED_EDGE('',*,*,#5471,.T.);
#7322=ORIENTED_EDGE('',*,*,#5467,.F.);
#7323=ORIENTED_EDGE('',*,*,#5469,.F.);
#7324=ORIENTED_EDGE('',*,*,#5463,.F.);
#7325=ORIENTED_EDGE('',*,*,#5472,.T.);
#7326=ORIENTED_EDGE('',*,*,#5468,.F.);
#7327=ORIENTED_EDGE('',*,*,#5471,.F.);
#7328=ORIENTED_EDGE('',*,*,#5462,.F.);
#7329=ORIENTED_EDGE('',*,*,#5470,.T.);
#7330=ORIENTED_EDGE('',*,*,#5465,.F.);
#7331=ORIENTED_EDGE('',*,*,#5472,.F.);
#7332=ORIENTED_EDGE('',*,*,#5461,.F.);
#7333=ORIENTED_EDGE('',*,*,#5473,.T.);
#7334=ORIENTED_EDGE('',*,*,#5474,.T.);
#7335=ORIENTED_EDGE('',*,*,#5475,.T.);
#7336=ORIENTED_EDGE('',*,*,#5476,.T.);
#7337=ORIENTED_EDGE('',*,*,#5477,.T.);
#7338=ORIENTED_EDGE('',*,*,#5478,.T.);
#7339=ORIENTED_EDGE('',*,*,#5479,.T.);
#7340=ORIENTED_EDGE('',*,*,#5480,.T.);
#7341=ORIENTED_EDGE('',*,*,#5481,.T.);
#7342=ORIENTED_EDGE('',*,*,#5478,.F.);
#7343=ORIENTED_EDGE('',*,*,#5482,.F.);
#7344=ORIENTED_EDGE('',*,*,#5476,.F.);
#7345=ORIENTED_EDGE('',*,*,#5483,.T.);
#7346=ORIENTED_EDGE('',*,*,#5479,.F.);
#7347=ORIENTED_EDGE('',*,*,#5481,.F.);
#7348=ORIENTED_EDGE('',*,*,#5475,.F.);
#7349=ORIENTED_EDGE('',*,*,#5484,.T.);
#7350=ORIENTED_EDGE('',*,*,#5480,.F.);
#7351=ORIENTED_EDGE('',*,*,#5483,.F.);
#7352=ORIENTED_EDGE('',*,*,#5474,.F.);
#7353=ORIENTED_EDGE('',*,*,#5482,.T.);
#7354=ORIENTED_EDGE('',*,*,#5477,.F.);
#7355=ORIENTED_EDGE('',*,*,#5484,.F.);
#7356=ORIENTED_EDGE('',*,*,#5473,.F.);
#7357=ORIENTED_EDGE('',*,*,#5485,.T.);
#7358=ORIENTED_EDGE('',*,*,#5486,.T.);
#7359=ORIENTED_EDGE('',*,*,#5487,.T.);
#7360=ORIENTED_EDGE('',*,*,#5488,.T.);
#7361=ORIENTED_EDGE('',*,*,#5489,.T.);
#7362=ORIENTED_EDGE('',*,*,#5490,.T.);
#7363=ORIENTED_EDGE('',*,*,#5491,.T.);
#7364=ORIENTED_EDGE('',*,*,#5492,.T.);
#7365=ORIENTED_EDGE('',*,*,#5493,.T.);
#7366=ORIENTED_EDGE('',*,*,#5490,.F.);
#7367=ORIENTED_EDGE('',*,*,#5494,.F.);
#7368=ORIENTED_EDGE('',*,*,#5488,.F.);
#7369=ORIENTED_EDGE('',*,*,#5495,.T.);
#7370=ORIENTED_EDGE('',*,*,#5491,.F.);
#7371=ORIENTED_EDGE('',*,*,#5493,.F.);
#7372=ORIENTED_EDGE('',*,*,#5487,.F.);
#7373=ORIENTED_EDGE('',*,*,#5496,.T.);
#7374=ORIENTED_EDGE('',*,*,#5492,.F.);
#7375=ORIENTED_EDGE('',*,*,#5495,.F.);
#7376=ORIENTED_EDGE('',*,*,#5486,.F.);
#7377=ORIENTED_EDGE('',*,*,#5494,.T.);
#7378=ORIENTED_EDGE('',*,*,#5489,.F.);
#7379=ORIENTED_EDGE('',*,*,#5496,.F.);
#7380=ORIENTED_EDGE('',*,*,#5485,.F.);
#7381=ORIENTED_EDGE('',*,*,#5497,.F.);
#7382=ORIENTED_EDGE('',*,*,#5498,.T.);
#7383=ORIENTED_EDGE('',*,*,#5499,.F.);
#7384=ORIENTED_EDGE('',*,*,#5498,.F.);
#7385=ORIENTED_EDGE('',*,*,#5499,.T.);
#7386=ORIENTED_EDGE('',*,*,#5497,.T.);
#7387=ORIENTED_EDGE('',*,*,#5500,.F.);
#7388=ORIENTED_EDGE('',*,*,#5501,.T.);
#7389=ORIENTED_EDGE('',*,*,#5502,.F.);
#7390=ORIENTED_EDGE('',*,*,#5501,.F.);
#7391=ORIENTED_EDGE('',*,*,#5502,.T.);
#7392=ORIENTED_EDGE('',*,*,#5500,.T.);
#7393=ORIENTED_EDGE('',*,*,#5503,.F.);
#7394=ORIENTED_EDGE('',*,*,#5504,.T.);
#7395=ORIENTED_EDGE('',*,*,#5505,.F.);
#7396=ORIENTED_EDGE('',*,*,#5504,.F.);
#7397=ORIENTED_EDGE('',*,*,#5505,.T.);
#7398=ORIENTED_EDGE('',*,*,#5503,.T.);
#7399=ORIENTED_EDGE('',*,*,#5506,.F.);
#7400=ORIENTED_EDGE('',*,*,#5507,.T.);
#7401=ORIENTED_EDGE('',*,*,#5508,.F.);
#7402=ORIENTED_EDGE('',*,*,#5507,.F.);
#7403=ORIENTED_EDGE('',*,*,#5508,.T.);
#7404=ORIENTED_EDGE('',*,*,#5506,.T.);
#7405=ORIENTED_EDGE('',*,*,#5509,.T.);
#7406=ORIENTED_EDGE('',*,*,#5510,.T.);
#7407=ORIENTED_EDGE('',*,*,#5511,.T.);
#7408=ORIENTED_EDGE('',*,*,#5512,.T.);
#7409=ORIENTED_EDGE('',*,*,#5513,.T.);
#7410=ORIENTED_EDGE('',*,*,#5514,.T.);
#7411=ORIENTED_EDGE('',*,*,#5515,.T.);
#7412=ORIENTED_EDGE('',*,*,#5516,.T.);
#7413=ORIENTED_EDGE('',*,*,#5517,.T.);
#7414=ORIENTED_EDGE('',*,*,#5514,.F.);
#7415=ORIENTED_EDGE('',*,*,#5518,.F.);
#7416=ORIENTED_EDGE('',*,*,#5512,.F.);
#7417=ORIENTED_EDGE('',*,*,#5519,.T.);
#7418=ORIENTED_EDGE('',*,*,#5515,.F.);
#7419=ORIENTED_EDGE('',*,*,#5517,.F.);
#7420=ORIENTED_EDGE('',*,*,#5511,.F.);
#7421=ORIENTED_EDGE('',*,*,#5520,.T.);
#7422=ORIENTED_EDGE('',*,*,#5516,.F.);
#7423=ORIENTED_EDGE('',*,*,#5519,.F.);
#7424=ORIENTED_EDGE('',*,*,#5510,.F.);
#7425=ORIENTED_EDGE('',*,*,#5518,.T.);
#7426=ORIENTED_EDGE('',*,*,#5513,.F.);
#7427=ORIENTED_EDGE('',*,*,#5520,.F.);
#7428=ORIENTED_EDGE('',*,*,#5509,.F.);
#7429=ORIENTED_EDGE('',*,*,#5521,.T.);
#7430=ORIENTED_EDGE('',*,*,#5522,.T.);
#7431=ORIENTED_EDGE('',*,*,#5523,.T.);
#7432=ORIENTED_EDGE('',*,*,#5524,.T.);
#7433=ORIENTED_EDGE('',*,*,#5525,.T.);
#7434=ORIENTED_EDGE('',*,*,#5526,.T.);
#7435=ORIENTED_EDGE('',*,*,#5527,.T.);
#7436=ORIENTED_EDGE('',*,*,#5528,.T.);
#7437=ORIENTED_EDGE('',*,*,#5529,.T.);
#7438=ORIENTED_EDGE('',*,*,#5526,.F.);
#7439=ORIENTED_EDGE('',*,*,#5530,.F.);
#7440=ORIENTED_EDGE('',*,*,#5524,.F.);
#7441=ORIENTED_EDGE('',*,*,#5531,.T.);
#7442=ORIENTED_EDGE('',*,*,#5527,.F.);
#7443=ORIENTED_EDGE('',*,*,#5529,.F.);
#7444=ORIENTED_EDGE('',*,*,#5523,.F.);
#7445=ORIENTED_EDGE('',*,*,#5532,.T.);
#7446=ORIENTED_EDGE('',*,*,#5528,.F.);
#7447=ORIENTED_EDGE('',*,*,#5531,.F.);
#7448=ORIENTED_EDGE('',*,*,#5522,.F.);
#7449=ORIENTED_EDGE('',*,*,#5530,.T.);
#7450=ORIENTED_EDGE('',*,*,#5525,.F.);
#7451=ORIENTED_EDGE('',*,*,#5532,.F.);
#7452=ORIENTED_EDGE('',*,*,#5521,.F.);
#7453=ORIENTED_EDGE('',*,*,#5533,.T.);
#7454=ORIENTED_EDGE('',*,*,#5534,.T.);
#7455=ORIENTED_EDGE('',*,*,#5535,.T.);
#7456=ORIENTED_EDGE('',*,*,#5536,.T.);
#7457=ORIENTED_EDGE('',*,*,#5537,.T.);
#7458=ORIENTED_EDGE('',*,*,#5538,.T.);
#7459=ORIENTED_EDGE('',*,*,#5539,.T.);
#7460=ORIENTED_EDGE('',*,*,#5540,.T.);
#7461=ORIENTED_EDGE('',*,*,#5541,.T.);
#7462=ORIENTED_EDGE('',*,*,#5538,.F.);
#7463=ORIENTED_EDGE('',*,*,#5542,.F.);
#7464=ORIENTED_EDGE('',*,*,#5536,.F.);
#7465=ORIENTED_EDGE('',*,*,#5543,.T.);
#7466=ORIENTED_EDGE('',*,*,#5539,.F.);
#7467=ORIENTED_EDGE('',*,*,#5541,.F.);
#7468=ORIENTED_EDGE('',*,*,#5535,.F.);
#7469=ORIENTED_EDGE('',*,*,#5544,.T.);
#7470=ORIENTED_EDGE('',*,*,#5540,.F.);
#7471=ORIENTED_EDGE('',*,*,#5543,.F.);
#7472=ORIENTED_EDGE('',*,*,#5534,.F.);
#7473=ORIENTED_EDGE('',*,*,#5542,.T.);
#7474=ORIENTED_EDGE('',*,*,#5537,.F.);
#7475=ORIENTED_EDGE('',*,*,#5544,.F.);
#7476=ORIENTED_EDGE('',*,*,#5533,.F.);
#7477=ORIENTED_EDGE('',*,*,#5545,.F.);
#7478=ORIENTED_EDGE('',*,*,#5546,.T.);
#7479=ORIENTED_EDGE('',*,*,#5547,.F.);
#7480=ORIENTED_EDGE('',*,*,#5546,.F.);
#7481=ORIENTED_EDGE('',*,*,#5547,.T.);
#7482=ORIENTED_EDGE('',*,*,#5545,.T.);
#7483=ORIENTED_EDGE('',*,*,#5548,.T.);
#7484=ORIENTED_EDGE('',*,*,#5549,.T.);
#7485=ORIENTED_EDGE('',*,*,#5550,.T.);
#7486=ORIENTED_EDGE('',*,*,#5551,.T.);
#7487=ORIENTED_EDGE('',*,*,#5552,.T.);
#7488=ORIENTED_EDGE('',*,*,#5553,.T.);
#7489=ORIENTED_EDGE('',*,*,#5554,.T.);
#7490=ORIENTED_EDGE('',*,*,#5555,.T.);
#7491=ORIENTED_EDGE('',*,*,#5556,.T.);
#7492=ORIENTED_EDGE('',*,*,#5553,.F.);
#7493=ORIENTED_EDGE('',*,*,#5557,.F.);
#7494=ORIENTED_EDGE('',*,*,#5551,.F.);
#7495=ORIENTED_EDGE('',*,*,#5558,.T.);
#7496=ORIENTED_EDGE('',*,*,#5554,.F.);
#7497=ORIENTED_EDGE('',*,*,#5556,.F.);
#7498=ORIENTED_EDGE('',*,*,#5550,.F.);
#7499=ORIENTED_EDGE('',*,*,#5559,.T.);
#7500=ORIENTED_EDGE('',*,*,#5555,.F.);
#7501=ORIENTED_EDGE('',*,*,#5558,.F.);
#7502=ORIENTED_EDGE('',*,*,#5549,.F.);
#7503=ORIENTED_EDGE('',*,*,#5557,.T.);
#7504=ORIENTED_EDGE('',*,*,#5552,.F.);
#7505=ORIENTED_EDGE('',*,*,#5559,.F.);
#7506=ORIENTED_EDGE('',*,*,#5548,.F.);
#7507=ORIENTED_EDGE('',*,*,#5560,.F.);
#7508=ORIENTED_EDGE('',*,*,#5561,.T.);
#7509=ORIENTED_EDGE('',*,*,#5562,.F.);
#7510=ORIENTED_EDGE('',*,*,#5561,.F.);
#7511=ORIENTED_EDGE('',*,*,#5562,.T.);
#7512=ORIENTED_EDGE('',*,*,#5560,.T.);
#7513=ORIENTED_EDGE('',*,*,#5563,.F.);
#7514=ORIENTED_EDGE('',*,*,#5564,.T.);
#7515=ORIENTED_EDGE('',*,*,#5565,.F.);
#7516=ORIENTED_EDGE('',*,*,#5564,.F.);
#7517=ORIENTED_EDGE('',*,*,#5565,.T.);
#7518=ORIENTED_EDGE('',*,*,#5563,.T.);
#7519=ORIENTED_EDGE('',*,*,#5566,.F.);
#7520=ORIENTED_EDGE('',*,*,#5567,.T.);
#7521=ORIENTED_EDGE('',*,*,#5568,.F.);
#7522=ORIENTED_EDGE('',*,*,#5567,.F.);
#7523=ORIENTED_EDGE('',*,*,#5568,.T.);
#7524=ORIENTED_EDGE('',*,*,#5566,.T.);
#7525=ORIENTED_EDGE('',*,*,#5569,.F.);
#7526=ORIENTED_EDGE('',*,*,#5570,.T.);
#7527=ORIENTED_EDGE('',*,*,#5571,.F.);
#7528=ORIENTED_EDGE('',*,*,#5570,.F.);
#7529=ORIENTED_EDGE('',*,*,#5571,.T.);
#7530=ORIENTED_EDGE('',*,*,#5569,.T.);
#7531=ORIENTED_EDGE('',*,*,#5572,.T.);
#7532=ORIENTED_EDGE('',*,*,#5573,.T.);
#7533=ORIENTED_EDGE('',*,*,#5574,.T.);
#7534=ORIENTED_EDGE('',*,*,#5575,.T.);
#7535=ORIENTED_EDGE('',*,*,#5576,.T.);
#7536=ORIENTED_EDGE('',*,*,#5577,.T.);
#7537=ORIENTED_EDGE('',*,*,#5578,.T.);
#7538=ORIENTED_EDGE('',*,*,#5579,.T.);
#7539=ORIENTED_EDGE('',*,*,#5580,.T.);
#7540=ORIENTED_EDGE('',*,*,#5577,.F.);
#7541=ORIENTED_EDGE('',*,*,#5581,.F.);
#7542=ORIENTED_EDGE('',*,*,#5575,.F.);
#7543=ORIENTED_EDGE('',*,*,#5582,.T.);
#7544=ORIENTED_EDGE('',*,*,#5578,.F.);
#7545=ORIENTED_EDGE('',*,*,#5580,.F.);
#7546=ORIENTED_EDGE('',*,*,#5574,.F.);
#7547=ORIENTED_EDGE('',*,*,#5583,.T.);
#7548=ORIENTED_EDGE('',*,*,#5579,.F.);
#7549=ORIENTED_EDGE('',*,*,#5582,.F.);
#7550=ORIENTED_EDGE('',*,*,#5573,.F.);
#7551=ORIENTED_EDGE('',*,*,#5581,.T.);
#7552=ORIENTED_EDGE('',*,*,#5576,.F.);
#7553=ORIENTED_EDGE('',*,*,#5583,.F.);
#7554=ORIENTED_EDGE('',*,*,#5572,.F.);
#7555=ORIENTED_EDGE('',*,*,#5584,.T.);
#7556=ORIENTED_EDGE('',*,*,#5585,.T.);
#7557=ORIENTED_EDGE('',*,*,#5586,.T.);
#7558=ORIENTED_EDGE('',*,*,#5587,.T.);
#7559=ORIENTED_EDGE('',*,*,#5588,.T.);
#7560=ORIENTED_EDGE('',*,*,#5589,.T.);
#7561=ORIENTED_EDGE('',*,*,#5590,.T.);
#7562=ORIENTED_EDGE('',*,*,#5591,.T.);
#7563=ORIENTED_EDGE('',*,*,#5592,.T.);
#7564=ORIENTED_EDGE('',*,*,#5589,.F.);
#7565=ORIENTED_EDGE('',*,*,#5593,.F.);
#7566=ORIENTED_EDGE('',*,*,#5587,.F.);
#7567=ORIENTED_EDGE('',*,*,#5594,.T.);
#7568=ORIENTED_EDGE('',*,*,#5590,.F.);
#7569=ORIENTED_EDGE('',*,*,#5592,.F.);
#7570=ORIENTED_EDGE('',*,*,#5586,.F.);
#7571=ORIENTED_EDGE('',*,*,#5595,.T.);
#7572=ORIENTED_EDGE('',*,*,#5591,.F.);
#7573=ORIENTED_EDGE('',*,*,#5594,.F.);
#7574=ORIENTED_EDGE('',*,*,#5585,.F.);
#7575=ORIENTED_EDGE('',*,*,#5593,.T.);
#7576=ORIENTED_EDGE('',*,*,#5588,.F.);
#7577=ORIENTED_EDGE('',*,*,#5595,.F.);
#7578=ORIENTED_EDGE('',*,*,#5584,.F.);
#7579=ORIENTED_EDGE('',*,*,#5596,.T.);
#7580=ORIENTED_EDGE('',*,*,#5597,.T.);
#7581=ORIENTED_EDGE('',*,*,#5598,.T.);
#7582=ORIENTED_EDGE('',*,*,#5599,.T.);
#7583=ORIENTED_EDGE('',*,*,#5600,.T.);
#7584=ORIENTED_EDGE('',*,*,#5601,.T.);
#7585=ORIENTED_EDGE('',*,*,#5602,.T.);
#7586=ORIENTED_EDGE('',*,*,#5603,.T.);
#7587=ORIENTED_EDGE('',*,*,#5604,.T.);
#7588=ORIENTED_EDGE('',*,*,#5601,.F.);
#7589=ORIENTED_EDGE('',*,*,#5605,.F.);
#7590=ORIENTED_EDGE('',*,*,#5599,.F.);
#7591=ORIENTED_EDGE('',*,*,#5606,.T.);
#7592=ORIENTED_EDGE('',*,*,#5602,.F.);
#7593=ORIENTED_EDGE('',*,*,#5604,.F.);
#7594=ORIENTED_EDGE('',*,*,#5598,.F.);
#7595=ORIENTED_EDGE('',*,*,#5607,.T.);
#7596=ORIENTED_EDGE('',*,*,#5603,.F.);
#7597=ORIENTED_EDGE('',*,*,#5606,.F.);
#7598=ORIENTED_EDGE('',*,*,#5597,.F.);
#7599=ORIENTED_EDGE('',*,*,#5605,.T.);
#7600=ORIENTED_EDGE('',*,*,#5600,.F.);
#7601=ORIENTED_EDGE('',*,*,#5607,.F.);
#7602=ORIENTED_EDGE('',*,*,#5596,.F.);
#7603=ORIENTED_EDGE('',*,*,#5608,.F.);
#7604=ORIENTED_EDGE('',*,*,#5609,.T.);
#7605=ORIENTED_EDGE('',*,*,#5610,.F.);
#7606=ORIENTED_EDGE('',*,*,#5609,.F.);
#7607=ORIENTED_EDGE('',*,*,#5610,.T.);
#7608=ORIENTED_EDGE('',*,*,#5608,.T.);
#7609=ORIENTED_EDGE('',*,*,#5611,.T.);
#7610=ORIENTED_EDGE('',*,*,#5612,.T.);
#7611=ORIENTED_EDGE('',*,*,#5613,.T.);
#7612=ORIENTED_EDGE('',*,*,#5614,.T.);
#7613=ORIENTED_EDGE('',*,*,#5615,.T.);
#7614=ORIENTED_EDGE('',*,*,#5616,.T.);
#7615=ORIENTED_EDGE('',*,*,#5617,.T.);
#7616=ORIENTED_EDGE('',*,*,#5618,.T.);
#7617=ORIENTED_EDGE('',*,*,#5619,.T.);
#7618=ORIENTED_EDGE('',*,*,#5616,.F.);
#7619=ORIENTED_EDGE('',*,*,#5620,.F.);
#7620=ORIENTED_EDGE('',*,*,#5614,.F.);
#7621=ORIENTED_EDGE('',*,*,#5621,.T.);
#7622=ORIENTED_EDGE('',*,*,#5617,.F.);
#7623=ORIENTED_EDGE('',*,*,#5619,.F.);
#7624=ORIENTED_EDGE('',*,*,#5613,.F.);
#7625=ORIENTED_EDGE('',*,*,#5622,.T.);
#7626=ORIENTED_EDGE('',*,*,#5618,.F.);
#7627=ORIENTED_EDGE('',*,*,#5621,.F.);
#7628=ORIENTED_EDGE('',*,*,#5612,.F.);
#7629=ORIENTED_EDGE('',*,*,#5620,.T.);
#7630=ORIENTED_EDGE('',*,*,#5615,.F.);
#7631=ORIENTED_EDGE('',*,*,#5622,.F.);
#7632=ORIENTED_EDGE('',*,*,#5611,.F.);
#7633=ORIENTED_EDGE('',*,*,#5623,.F.);
#7634=ORIENTED_EDGE('',*,*,#5624,.T.);
#7635=ORIENTED_EDGE('',*,*,#5625,.F.);
#7636=ORIENTED_EDGE('',*,*,#5624,.F.);
#7637=ORIENTED_EDGE('',*,*,#5625,.T.);
#7638=ORIENTED_EDGE('',*,*,#5623,.T.);
#7639=ORIENTED_EDGE('',*,*,#5626,.F.);
#7640=ORIENTED_EDGE('',*,*,#5627,.T.);
#7641=ORIENTED_EDGE('',*,*,#5628,.F.);
#7642=ORIENTED_EDGE('',*,*,#5627,.F.);
#7643=ORIENTED_EDGE('',*,*,#5628,.T.);
#7644=ORIENTED_EDGE('',*,*,#5626,.T.);
#7645=ORIENTED_EDGE('',*,*,#5629,.F.);
#7646=ORIENTED_EDGE('',*,*,#5630,.T.);
#7647=ORIENTED_EDGE('',*,*,#5631,.F.);
#7648=ORIENTED_EDGE('',*,*,#5630,.F.);
#7649=ORIENTED_EDGE('',*,*,#5631,.T.);
#7650=ORIENTED_EDGE('',*,*,#5629,.T.);
#7651=ORIENTED_EDGE('',*,*,#5632,.F.);
#7652=ORIENTED_EDGE('',*,*,#5633,.T.);
#7653=ORIENTED_EDGE('',*,*,#5634,.F.);
#7654=ORIENTED_EDGE('',*,*,#5633,.F.);
#7655=ORIENTED_EDGE('',*,*,#5634,.T.);
#7656=ORIENTED_EDGE('',*,*,#5632,.T.);
#7657=ORIENTED_EDGE('',*,*,#5635,.T.);
#7658=ORIENTED_EDGE('',*,*,#5636,.T.);
#7659=ORIENTED_EDGE('',*,*,#5637,.T.);
#7660=ORIENTED_EDGE('',*,*,#5638,.T.);
#7661=ORIENTED_EDGE('',*,*,#5639,.T.);
#7662=ORIENTED_EDGE('',*,*,#5640,.T.);
#7663=ORIENTED_EDGE('',*,*,#5641,.T.);
#7664=ORIENTED_EDGE('',*,*,#5642,.T.);
#7665=ORIENTED_EDGE('',*,*,#5643,.T.);
#7666=ORIENTED_EDGE('',*,*,#5640,.F.);
#7667=ORIENTED_EDGE('',*,*,#5644,.F.);
#7668=ORIENTED_EDGE('',*,*,#5638,.F.);
#7669=ORIENTED_EDGE('',*,*,#5645,.T.);
#7670=ORIENTED_EDGE('',*,*,#5641,.F.);
#7671=ORIENTED_EDGE('',*,*,#5643,.F.);
#7672=ORIENTED_EDGE('',*,*,#5637,.F.);
#7673=ORIENTED_EDGE('',*,*,#5646,.T.);
#7674=ORIENTED_EDGE('',*,*,#5642,.F.);
#7675=ORIENTED_EDGE('',*,*,#5645,.F.);
#7676=ORIENTED_EDGE('',*,*,#5636,.F.);
#7677=ORIENTED_EDGE('',*,*,#5644,.T.);
#7678=ORIENTED_EDGE('',*,*,#5639,.F.);
#7679=ORIENTED_EDGE('',*,*,#5646,.F.);
#7680=ORIENTED_EDGE('',*,*,#5635,.F.);
#7681=ORIENTED_EDGE('',*,*,#5647,.T.);
#7682=ORIENTED_EDGE('',*,*,#5648,.T.);
#7683=ORIENTED_EDGE('',*,*,#5649,.T.);
#7684=ORIENTED_EDGE('',*,*,#5650,.T.);
#7685=ORIENTED_EDGE('',*,*,#5651,.T.);
#7686=ORIENTED_EDGE('',*,*,#5652,.T.);
#7687=ORIENTED_EDGE('',*,*,#5653,.T.);
#7688=ORIENTED_EDGE('',*,*,#5654,.T.);
#7689=ORIENTED_EDGE('',*,*,#5655,.T.);
#7690=ORIENTED_EDGE('',*,*,#5652,.F.);
#7691=ORIENTED_EDGE('',*,*,#5656,.F.);
#7692=ORIENTED_EDGE('',*,*,#5650,.F.);
#7693=ORIENTED_EDGE('',*,*,#5657,.T.);
#7694=ORIENTED_EDGE('',*,*,#5653,.F.);
#7695=ORIENTED_EDGE('',*,*,#5655,.F.);
#7696=ORIENTED_EDGE('',*,*,#5649,.F.);
#7697=ORIENTED_EDGE('',*,*,#5658,.T.);
#7698=ORIENTED_EDGE('',*,*,#5654,.F.);
#7699=ORIENTED_EDGE('',*,*,#5657,.F.);
#7700=ORIENTED_EDGE('',*,*,#5648,.F.);
#7701=ORIENTED_EDGE('',*,*,#5656,.T.);
#7702=ORIENTED_EDGE('',*,*,#5651,.F.);
#7703=ORIENTED_EDGE('',*,*,#5658,.F.);
#7704=ORIENTED_EDGE('',*,*,#5647,.F.);
#7705=ORIENTED_EDGE('',*,*,#5659,.T.);
#7706=ORIENTED_EDGE('',*,*,#5660,.T.);
#7707=ORIENTED_EDGE('',*,*,#5661,.T.);
#7708=ORIENTED_EDGE('',*,*,#5662,.T.);
#7709=ORIENTED_EDGE('',*,*,#5663,.T.);
#7710=ORIENTED_EDGE('',*,*,#5664,.T.);
#7711=ORIENTED_EDGE('',*,*,#5665,.T.);
#7712=ORIENTED_EDGE('',*,*,#5666,.T.);
#7713=ORIENTED_EDGE('',*,*,#5667,.T.);
#7714=ORIENTED_EDGE('',*,*,#5664,.F.);
#7715=ORIENTED_EDGE('',*,*,#5668,.F.);
#7716=ORIENTED_EDGE('',*,*,#5662,.F.);
#7717=ORIENTED_EDGE('',*,*,#5669,.T.);
#7718=ORIENTED_EDGE('',*,*,#5665,.F.);
#7719=ORIENTED_EDGE('',*,*,#5667,.F.);
#7720=ORIENTED_EDGE('',*,*,#5661,.F.);
#7721=ORIENTED_EDGE('',*,*,#5670,.T.);
#7722=ORIENTED_EDGE('',*,*,#5666,.F.);
#7723=ORIENTED_EDGE('',*,*,#5669,.F.);
#7724=ORIENTED_EDGE('',*,*,#5660,.F.);
#7725=ORIENTED_EDGE('',*,*,#5668,.T.);
#7726=ORIENTED_EDGE('',*,*,#5663,.F.);
#7727=ORIENTED_EDGE('',*,*,#5670,.F.);
#7728=ORIENTED_EDGE('',*,*,#5659,.F.);
#7729=ORIENTED_EDGE('',*,*,#5671,.T.);
#7730=ORIENTED_EDGE('',*,*,#5672,.T.);
#7731=ORIENTED_EDGE('',*,*,#5673,.T.);
#7732=ORIENTED_EDGE('',*,*,#5674,.T.);
#7733=ORIENTED_EDGE('',*,*,#5675,.T.);
#7734=ORIENTED_EDGE('',*,*,#5676,.T.);
#7735=ORIENTED_EDGE('',*,*,#5677,.T.);
#7736=ORIENTED_EDGE('',*,*,#5678,.T.);
#7737=ORIENTED_EDGE('',*,*,#5679,.T.);
#7738=ORIENTED_EDGE('',*,*,#5676,.F.);
#7739=ORIENTED_EDGE('',*,*,#5680,.F.);
#7740=ORIENTED_EDGE('',*,*,#5674,.F.);
#7741=ORIENTED_EDGE('',*,*,#5681,.T.);
#7742=ORIENTED_EDGE('',*,*,#5677,.F.);
#7743=ORIENTED_EDGE('',*,*,#5679,.F.);
#7744=ORIENTED_EDGE('',*,*,#5673,.F.);
#7745=ORIENTED_EDGE('',*,*,#5682,.T.);
#7746=ORIENTED_EDGE('',*,*,#5678,.F.);
#7747=ORIENTED_EDGE('',*,*,#5681,.F.);
#7748=ORIENTED_EDGE('',*,*,#5672,.F.);
#7749=ORIENTED_EDGE('',*,*,#5680,.T.);
#7750=ORIENTED_EDGE('',*,*,#5675,.F.);
#7751=ORIENTED_EDGE('',*,*,#5682,.F.);
#7752=ORIENTED_EDGE('',*,*,#5671,.F.);
#7753=ORIENTED_EDGE('',*,*,#5683,.T.);
#7754=ORIENTED_EDGE('',*,*,#5684,.T.);
#7755=ORIENTED_EDGE('',*,*,#5685,.T.);
#7756=ORIENTED_EDGE('',*,*,#5686,.T.);
#7757=ORIENTED_EDGE('',*,*,#5687,.T.);
#7758=ORIENTED_EDGE('',*,*,#5688,.T.);
#7759=ORIENTED_EDGE('',*,*,#5689,.T.);
#7760=ORIENTED_EDGE('',*,*,#5690,.T.);
#7761=ORIENTED_EDGE('',*,*,#5691,.T.);
#7762=ORIENTED_EDGE('',*,*,#5688,.F.);
#7763=ORIENTED_EDGE('',*,*,#5692,.F.);
#7764=ORIENTED_EDGE('',*,*,#5686,.F.);
#7765=ORIENTED_EDGE('',*,*,#5693,.T.);
#7766=ORIENTED_EDGE('',*,*,#5689,.F.);
#7767=ORIENTED_EDGE('',*,*,#5691,.F.);
#7768=ORIENTED_EDGE('',*,*,#5685,.F.);
#7769=ORIENTED_EDGE('',*,*,#5694,.T.);
#7770=ORIENTED_EDGE('',*,*,#5690,.F.);
#7771=ORIENTED_EDGE('',*,*,#5693,.F.);
#7772=ORIENTED_EDGE('',*,*,#5684,.F.);
#7773=ORIENTED_EDGE('',*,*,#5692,.T.);
#7774=ORIENTED_EDGE('',*,*,#5687,.F.);
#7775=ORIENTED_EDGE('',*,*,#5694,.F.);
#7776=ORIENTED_EDGE('',*,*,#5683,.F.);
#7777=ORIENTED_EDGE('',*,*,#5695,.T.);
#7778=ORIENTED_EDGE('',*,*,#5696,.T.);
#7779=ORIENTED_EDGE('',*,*,#5697,.T.);
#7780=ORIENTED_EDGE('',*,*,#5698,.T.);
#7781=ORIENTED_EDGE('',*,*,#5699,.T.);
#7782=ORIENTED_EDGE('',*,*,#5700,.T.);
#7783=ORIENTED_EDGE('',*,*,#5701,.T.);
#7784=ORIENTED_EDGE('',*,*,#5702,.T.);
#7785=ORIENTED_EDGE('',*,*,#5703,.T.);
#7786=ORIENTED_EDGE('',*,*,#5700,.F.);
#7787=ORIENTED_EDGE('',*,*,#5704,.F.);
#7788=ORIENTED_EDGE('',*,*,#5698,.F.);
#7789=ORIENTED_EDGE('',*,*,#5705,.T.);
#7790=ORIENTED_EDGE('',*,*,#5701,.F.);
#7791=ORIENTED_EDGE('',*,*,#5703,.F.);
#7792=ORIENTED_EDGE('',*,*,#5697,.F.);
#7793=ORIENTED_EDGE('',*,*,#5706,.T.);
#7794=ORIENTED_EDGE('',*,*,#5702,.F.);
#7795=ORIENTED_EDGE('',*,*,#5705,.F.);
#7796=ORIENTED_EDGE('',*,*,#5696,.F.);
#7797=ORIENTED_EDGE('',*,*,#5704,.T.);
#7798=ORIENTED_EDGE('',*,*,#5699,.F.);
#7799=ORIENTED_EDGE('',*,*,#5706,.F.);
#7800=ORIENTED_EDGE('',*,*,#5695,.F.);
#7801=ORIENTED_EDGE('',*,*,#5707,.T.);
#7802=ORIENTED_EDGE('',*,*,#5708,.T.);
#7803=ORIENTED_EDGE('',*,*,#5709,.T.);
#7804=ORIENTED_EDGE('',*,*,#5710,.T.);
#7805=ORIENTED_EDGE('',*,*,#5711,.T.);
#7806=ORIENTED_EDGE('',*,*,#5712,.T.);
#7807=ORIENTED_EDGE('',*,*,#5713,.T.);
#7808=ORIENTED_EDGE('',*,*,#5714,.T.);
#7809=ORIENTED_EDGE('',*,*,#5715,.T.);
#7810=ORIENTED_EDGE('',*,*,#5712,.F.);
#7811=ORIENTED_EDGE('',*,*,#5716,.F.);
#7812=ORIENTED_EDGE('',*,*,#5710,.F.);
#7813=ORIENTED_EDGE('',*,*,#5717,.T.);
#7814=ORIENTED_EDGE('',*,*,#5713,.F.);
#7815=ORIENTED_EDGE('',*,*,#5715,.F.);
#7816=ORIENTED_EDGE('',*,*,#5709,.F.);
#7817=ORIENTED_EDGE('',*,*,#5718,.T.);
#7818=ORIENTED_EDGE('',*,*,#5714,.F.);
#7819=ORIENTED_EDGE('',*,*,#5717,.F.);
#7820=ORIENTED_EDGE('',*,*,#5708,.F.);
#7821=ORIENTED_EDGE('',*,*,#5716,.T.);
#7822=ORIENTED_EDGE('',*,*,#5711,.F.);
#7823=ORIENTED_EDGE('',*,*,#5718,.F.);
#7824=ORIENTED_EDGE('',*,*,#5707,.F.);
#7825=ORIENTED_EDGE('',*,*,#5719,.T.);
#7826=ORIENTED_EDGE('',*,*,#5720,.T.);
#7827=ORIENTED_EDGE('',*,*,#5721,.T.);
#7828=ORIENTED_EDGE('',*,*,#5722,.T.);
#7829=ORIENTED_EDGE('',*,*,#5723,.T.);
#7830=ORIENTED_EDGE('',*,*,#5724,.T.);
#7831=ORIENTED_EDGE('',*,*,#5725,.T.);
#7832=ORIENTED_EDGE('',*,*,#5726,.T.);
#7833=ORIENTED_EDGE('',*,*,#5727,.T.);
#7834=ORIENTED_EDGE('',*,*,#5724,.F.);
#7835=ORIENTED_EDGE('',*,*,#5728,.F.);
#7836=ORIENTED_EDGE('',*,*,#5722,.F.);
#7837=ORIENTED_EDGE('',*,*,#5729,.T.);
#7838=ORIENTED_EDGE('',*,*,#5725,.F.);
#7839=ORIENTED_EDGE('',*,*,#5727,.F.);
#7840=ORIENTED_EDGE('',*,*,#5721,.F.);
#7841=ORIENTED_EDGE('',*,*,#5730,.T.);
#7842=ORIENTED_EDGE('',*,*,#5726,.F.);
#7843=ORIENTED_EDGE('',*,*,#5729,.F.);
#7844=ORIENTED_EDGE('',*,*,#5720,.F.);
#7845=ORIENTED_EDGE('',*,*,#5728,.T.);
#7846=ORIENTED_EDGE('',*,*,#5723,.F.);
#7847=ORIENTED_EDGE('',*,*,#5730,.F.);
#7848=ORIENTED_EDGE('',*,*,#5719,.F.);
#7849=ORIENTED_EDGE('',*,*,#5731,.T.);
#7850=ORIENTED_EDGE('',*,*,#5732,.T.);
#7851=ORIENTED_EDGE('',*,*,#5733,.T.);
#7852=ORIENTED_EDGE('',*,*,#5734,.T.);
#7853=ORIENTED_EDGE('',*,*,#5735,.T.);
#7854=ORIENTED_EDGE('',*,*,#5736,.T.);
#7855=ORIENTED_EDGE('',*,*,#5737,.T.);
#7856=ORIENTED_EDGE('',*,*,#5738,.T.);
#7857=ORIENTED_EDGE('',*,*,#5739,.T.);
#7858=ORIENTED_EDGE('',*,*,#5736,.F.);
#7859=ORIENTED_EDGE('',*,*,#5740,.F.);
#7860=ORIENTED_EDGE('',*,*,#5734,.F.);
#7861=ORIENTED_EDGE('',*,*,#5741,.T.);
#7862=ORIENTED_EDGE('',*,*,#5737,.F.);
#7863=ORIENTED_EDGE('',*,*,#5739,.F.);
#7864=ORIENTED_EDGE('',*,*,#5733,.F.);
#7865=ORIENTED_EDGE('',*,*,#5742,.T.);
#7866=ORIENTED_EDGE('',*,*,#5738,.F.);
#7867=ORIENTED_EDGE('',*,*,#5741,.F.);
#7868=ORIENTED_EDGE('',*,*,#5732,.F.);
#7869=ORIENTED_EDGE('',*,*,#5740,.T.);
#7870=ORIENTED_EDGE('',*,*,#5735,.F.);
#7871=ORIENTED_EDGE('',*,*,#5742,.F.);
#7872=ORIENTED_EDGE('',*,*,#5731,.F.);
#7873=ORIENTED_EDGE('',*,*,#5743,.T.);
#7874=ORIENTED_EDGE('',*,*,#5744,.T.);
#7875=ORIENTED_EDGE('',*,*,#5745,.T.);
#7876=ORIENTED_EDGE('',*,*,#5746,.T.);
#7877=ORIENTED_EDGE('',*,*,#5747,.T.);
#7878=ORIENTED_EDGE('',*,*,#5748,.T.);
#7879=ORIENTED_EDGE('',*,*,#5749,.T.);
#7880=ORIENTED_EDGE('',*,*,#5750,.T.);
#7881=ORIENTED_EDGE('',*,*,#5751,.T.);
#7882=ORIENTED_EDGE('',*,*,#5748,.F.);
#7883=ORIENTED_EDGE('',*,*,#5752,.F.);
#7884=ORIENTED_EDGE('',*,*,#5746,.F.);
#7885=ORIENTED_EDGE('',*,*,#5753,.T.);
#7886=ORIENTED_EDGE('',*,*,#5749,.F.);
#7887=ORIENTED_EDGE('',*,*,#5751,.F.);
#7888=ORIENTED_EDGE('',*,*,#5745,.F.);
#7889=ORIENTED_EDGE('',*,*,#5754,.T.);
#7890=ORIENTED_EDGE('',*,*,#5750,.F.);
#7891=ORIENTED_EDGE('',*,*,#5753,.F.);
#7892=ORIENTED_EDGE('',*,*,#5744,.F.);
#7893=ORIENTED_EDGE('',*,*,#5752,.T.);
#7894=ORIENTED_EDGE('',*,*,#5747,.F.);
#7895=ORIENTED_EDGE('',*,*,#5754,.F.);
#7896=ORIENTED_EDGE('',*,*,#5743,.F.);
#7897=ORIENTED_EDGE('',*,*,#5755,.T.);
#7898=ORIENTED_EDGE('',*,*,#5756,.T.);
#7899=ORIENTED_EDGE('',*,*,#5757,.T.);
#7900=ORIENTED_EDGE('',*,*,#5758,.T.);
#7901=ORIENTED_EDGE('',*,*,#5759,.T.);
#7902=ORIENTED_EDGE('',*,*,#5760,.T.);
#7903=ORIENTED_EDGE('',*,*,#5761,.T.);
#7904=ORIENTED_EDGE('',*,*,#5762,.T.);
#7905=ORIENTED_EDGE('',*,*,#5763,.T.);
#7906=ORIENTED_EDGE('',*,*,#5760,.F.);
#7907=ORIENTED_EDGE('',*,*,#5764,.F.);
#7908=ORIENTED_EDGE('',*,*,#5758,.F.);
#7909=ORIENTED_EDGE('',*,*,#5765,.T.);
#7910=ORIENTED_EDGE('',*,*,#5761,.F.);
#7911=ORIENTED_EDGE('',*,*,#5763,.F.);
#7912=ORIENTED_EDGE('',*,*,#5757,.F.);
#7913=ORIENTED_EDGE('',*,*,#5766,.T.);
#7914=ORIENTED_EDGE('',*,*,#5762,.F.);
#7915=ORIENTED_EDGE('',*,*,#5765,.F.);
#7916=ORIENTED_EDGE('',*,*,#5756,.F.);
#7917=ORIENTED_EDGE('',*,*,#5764,.T.);
#7918=ORIENTED_EDGE('',*,*,#5759,.F.);
#7919=ORIENTED_EDGE('',*,*,#5766,.F.);
#7920=ORIENTED_EDGE('',*,*,#5755,.F.);
#7921=ORIENTED_EDGE('',*,*,#5767,.F.);
#7922=ORIENTED_EDGE('',*,*,#5768,.T.);
#7923=ORIENTED_EDGE('',*,*,#5769,.F.);
#7924=ORIENTED_EDGE('',*,*,#5768,.F.);
#7925=ORIENTED_EDGE('',*,*,#5770,.T.);
#7926=ORIENTED_EDGE('',*,*,#5771,.T.);
#7927=ORIENTED_EDGE('',*,*,#5772,.T.);
#7928=ORIENTED_EDGE('',*,*,#5773,.T.);
#7929=ORIENTED_EDGE('',*,*,#5769,.T.);
#7930=ORIENTED_EDGE('',*,*,#5774,.T.);
#7931=ORIENTED_EDGE('',*,*,#5775,.T.);
#7932=ORIENTED_EDGE('',*,*,#5776,.T.);
#7933=ORIENTED_EDGE('',*,*,#5777,.T.);
#7934=ORIENTED_EDGE('',*,*,#5767,.T.);
#7935=ORIENTED_EDGE('',*,*,#5778,.T.);
#7936=ORIENTED_EDGE('',*,*,#5775,.F.);
#7937=ORIENTED_EDGE('',*,*,#5779,.F.);
#7938=ORIENTED_EDGE('',*,*,#5773,.F.);
#7939=ORIENTED_EDGE('',*,*,#5780,.T.);
#7940=ORIENTED_EDGE('',*,*,#5776,.F.);
#7941=ORIENTED_EDGE('',*,*,#5778,.F.);
#7942=ORIENTED_EDGE('',*,*,#5772,.F.);
#7943=ORIENTED_EDGE('',*,*,#5781,.T.);
#7944=ORIENTED_EDGE('',*,*,#5777,.F.);
#7945=ORIENTED_EDGE('',*,*,#5780,.F.);
#7946=ORIENTED_EDGE('',*,*,#5771,.F.);
#7947=ORIENTED_EDGE('',*,*,#5779,.T.);
#7948=ORIENTED_EDGE('',*,*,#5774,.F.);
#7949=ORIENTED_EDGE('',*,*,#5781,.F.);
#7950=ORIENTED_EDGE('',*,*,#5770,.F.);
#7951=ORIENTED_EDGE('',*,*,#5782,.F.);
#7952=ORIENTED_EDGE('',*,*,#5783,.T.);
#7953=ORIENTED_EDGE('',*,*,#5784,.F.);
#7954=ORIENTED_EDGE('',*,*,#5783,.F.);
#7955=ORIENTED_EDGE('',*,*,#5785,.T.);
#7956=ORIENTED_EDGE('',*,*,#5786,.T.);
#7957=ORIENTED_EDGE('',*,*,#5787,.T.);
#7958=ORIENTED_EDGE('',*,*,#5788,.T.);
#7959=ORIENTED_EDGE('',*,*,#5784,.T.);
#7960=ORIENTED_EDGE('',*,*,#5789,.T.);
#7961=ORIENTED_EDGE('',*,*,#5790,.T.);
#7962=ORIENTED_EDGE('',*,*,#5791,.T.);
#7963=ORIENTED_EDGE('',*,*,#5792,.T.);
#7964=ORIENTED_EDGE('',*,*,#5782,.T.);
#7965=ORIENTED_EDGE('',*,*,#5793,.T.);
#7966=ORIENTED_EDGE('',*,*,#5790,.F.);
#7967=ORIENTED_EDGE('',*,*,#5794,.F.);
#7968=ORIENTED_EDGE('',*,*,#5788,.F.);
#7969=ORIENTED_EDGE('',*,*,#5795,.T.);
#7970=ORIENTED_EDGE('',*,*,#5791,.F.);
#7971=ORIENTED_EDGE('',*,*,#5793,.F.);
#7972=ORIENTED_EDGE('',*,*,#5787,.F.);
#7973=ORIENTED_EDGE('',*,*,#5796,.T.);
#7974=ORIENTED_EDGE('',*,*,#5792,.F.);
#7975=ORIENTED_EDGE('',*,*,#5795,.F.);
#7976=ORIENTED_EDGE('',*,*,#5786,.F.);
#7977=ORIENTED_EDGE('',*,*,#5794,.T.);
#7978=ORIENTED_EDGE('',*,*,#5789,.F.);
#7979=ORIENTED_EDGE('',*,*,#5796,.F.);
#7980=ORIENTED_EDGE('',*,*,#5785,.F.);
#7981=ORIENTED_EDGE('',*,*,#5797,.F.);
#7982=ORIENTED_EDGE('',*,*,#5798,.T.);
#7983=ORIENTED_EDGE('',*,*,#5799,.F.);
#7984=ORIENTED_EDGE('',*,*,#5798,.F.);
#7985=ORIENTED_EDGE('',*,*,#5800,.T.);
#7986=ORIENTED_EDGE('',*,*,#5801,.T.);
#7987=ORIENTED_EDGE('',*,*,#5802,.T.);
#7988=ORIENTED_EDGE('',*,*,#5803,.T.);
#7989=ORIENTED_EDGE('',*,*,#5799,.T.);
#7990=ORIENTED_EDGE('',*,*,#5804,.T.);
#7991=ORIENTED_EDGE('',*,*,#5805,.T.);
#7992=ORIENTED_EDGE('',*,*,#5806,.T.);
#7993=ORIENTED_EDGE('',*,*,#5807,.T.);
#7994=ORIENTED_EDGE('',*,*,#5797,.T.);
#7995=ORIENTED_EDGE('',*,*,#5808,.T.);
#7996=ORIENTED_EDGE('',*,*,#5805,.F.);
#7997=ORIENTED_EDGE('',*,*,#5809,.F.);
#7998=ORIENTED_EDGE('',*,*,#5803,.F.);
#7999=ORIENTED_EDGE('',*,*,#5810,.T.);
#8000=ORIENTED_EDGE('',*,*,#5806,.F.);
#8001=ORIENTED_EDGE('',*,*,#5808,.F.);
#8002=ORIENTED_EDGE('',*,*,#5802,.F.);
#8003=ORIENTED_EDGE('',*,*,#5811,.T.);
#8004=ORIENTED_EDGE('',*,*,#5807,.F.);
#8005=ORIENTED_EDGE('',*,*,#5810,.F.);
#8006=ORIENTED_EDGE('',*,*,#5801,.F.);
#8007=ORIENTED_EDGE('',*,*,#5809,.T.);
#8008=ORIENTED_EDGE('',*,*,#5804,.F.);
#8009=ORIENTED_EDGE('',*,*,#5811,.F.);
#8010=ORIENTED_EDGE('',*,*,#5800,.F.);
#8011=ORIENTED_EDGE('',*,*,#5812,.F.);
#8012=ORIENTED_EDGE('',*,*,#5813,.T.);
#8013=ORIENTED_EDGE('',*,*,#5814,.F.);
#8014=ORIENTED_EDGE('',*,*,#5813,.F.);
#8015=ORIENTED_EDGE('',*,*,#5815,.T.);
#8016=ORIENTED_EDGE('',*,*,#5816,.T.);
#8017=ORIENTED_EDGE('',*,*,#5817,.T.);
#8018=ORIENTED_EDGE('',*,*,#5818,.T.);
#8019=ORIENTED_EDGE('',*,*,#5814,.T.);
#8020=ORIENTED_EDGE('',*,*,#5819,.T.);
#8021=ORIENTED_EDGE('',*,*,#5820,.T.);
#8022=ORIENTED_EDGE('',*,*,#5821,.T.);
#8023=ORIENTED_EDGE('',*,*,#5822,.T.);
#8024=ORIENTED_EDGE('',*,*,#5812,.T.);
#8025=ORIENTED_EDGE('',*,*,#5823,.T.);
#8026=ORIENTED_EDGE('',*,*,#5820,.F.);
#8027=ORIENTED_EDGE('',*,*,#5824,.F.);
#8028=ORIENTED_EDGE('',*,*,#5818,.F.);
#8029=ORIENTED_EDGE('',*,*,#5825,.T.);
#8030=ORIENTED_EDGE('',*,*,#5821,.F.);
#8031=ORIENTED_EDGE('',*,*,#5823,.F.);
#8032=ORIENTED_EDGE('',*,*,#5817,.F.);
#8033=ORIENTED_EDGE('',*,*,#5826,.T.);
#8034=ORIENTED_EDGE('',*,*,#5822,.F.);
#8035=ORIENTED_EDGE('',*,*,#5825,.F.);
#8036=ORIENTED_EDGE('',*,*,#5816,.F.);
#8037=ORIENTED_EDGE('',*,*,#5824,.T.);
#8038=ORIENTED_EDGE('',*,*,#5819,.F.);
#8039=ORIENTED_EDGE('',*,*,#5826,.F.);
#8040=ORIENTED_EDGE('',*,*,#5815,.F.);
#8041=ORIENTED_EDGE('',*,*,#5827,.T.);
#8042=ORIENTED_EDGE('',*,*,#5828,.T.);
#8043=ORIENTED_EDGE('',*,*,#5829,.T.);
#8044=ORIENTED_EDGE('',*,*,#5830,.T.);
#8045=ORIENTED_EDGE('',*,*,#5831,.T.);
#8046=ORIENTED_EDGE('',*,*,#5832,.T.);
#8047=ORIENTED_EDGE('',*,*,#5833,.T.);
#8048=ORIENTED_EDGE('',*,*,#5834,.T.);
#8049=ORIENTED_EDGE('',*,*,#5835,.T.);
#8050=ORIENTED_EDGE('',*,*,#5832,.F.);
#8051=ORIENTED_EDGE('',*,*,#5836,.F.);
#8052=ORIENTED_EDGE('',*,*,#5830,.F.);
#8053=ORIENTED_EDGE('',*,*,#5837,.T.);
#8054=ORIENTED_EDGE('',*,*,#5833,.F.);
#8055=ORIENTED_EDGE('',*,*,#5835,.F.);
#8056=ORIENTED_EDGE('',*,*,#5829,.F.);
#8057=ORIENTED_EDGE('',*,*,#5838,.T.);
#8058=ORIENTED_EDGE('',*,*,#5834,.F.);
#8059=ORIENTED_EDGE('',*,*,#5837,.F.);
#8060=ORIENTED_EDGE('',*,*,#5828,.F.);
#8061=ORIENTED_EDGE('',*,*,#5836,.T.);
#8062=ORIENTED_EDGE('',*,*,#5831,.F.);
#8063=ORIENTED_EDGE('',*,*,#5838,.F.);
#8064=ORIENTED_EDGE('',*,*,#5827,.F.);
#8065=ORIENTED_EDGE('',*,*,#5839,.F.);
#8066=ORIENTED_EDGE('',*,*,#5840,.T.);
#8067=ORIENTED_EDGE('',*,*,#5841,.F.);
#8068=ORIENTED_EDGE('',*,*,#5840,.F.);
#8069=ORIENTED_EDGE('',*,*,#5842,.T.);
#8070=ORIENTED_EDGE('',*,*,#5843,.T.);
#8071=ORIENTED_EDGE('',*,*,#5844,.T.);
#8072=ORIENTED_EDGE('',*,*,#5845,.T.);
#8073=ORIENTED_EDGE('',*,*,#5841,.T.);
#8074=ORIENTED_EDGE('',*,*,#5846,.T.);
#8075=ORIENTED_EDGE('',*,*,#5847,.T.);
#8076=ORIENTED_EDGE('',*,*,#5848,.T.);
#8077=ORIENTED_EDGE('',*,*,#5849,.T.);
#8078=ORIENTED_EDGE('',*,*,#5839,.T.);
#8079=ORIENTED_EDGE('',*,*,#5850,.T.);
#8080=ORIENTED_EDGE('',*,*,#5847,.F.);
#8081=ORIENTED_EDGE('',*,*,#5851,.F.);
#8082=ORIENTED_EDGE('',*,*,#5845,.F.);
#8083=ORIENTED_EDGE('',*,*,#5852,.T.);
#8084=ORIENTED_EDGE('',*,*,#5848,.F.);
#8085=ORIENTED_EDGE('',*,*,#5850,.F.);
#8086=ORIENTED_EDGE('',*,*,#5844,.F.);
#8087=ORIENTED_EDGE('',*,*,#5853,.T.);
#8088=ORIENTED_EDGE('',*,*,#5849,.F.);
#8089=ORIENTED_EDGE('',*,*,#5852,.F.);
#8090=ORIENTED_EDGE('',*,*,#5843,.F.);
#8091=ORIENTED_EDGE('',*,*,#5851,.T.);
#8092=ORIENTED_EDGE('',*,*,#5846,.F.);
#8093=ORIENTED_EDGE('',*,*,#5853,.F.);
#8094=ORIENTED_EDGE('',*,*,#5842,.F.);
#8095=ORIENTED_EDGE('',*,*,#5854,.F.);
#8096=ORIENTED_EDGE('',*,*,#5855,.T.);
#8097=ORIENTED_EDGE('',*,*,#5856,.F.);
#8098=ORIENTED_EDGE('',*,*,#5855,.F.);
#8099=ORIENTED_EDGE('',*,*,#5857,.F.);
#8100=ORIENTED_EDGE('',*,*,#5858,.T.);
#8101=ORIENTED_EDGE('',*,*,#5859,.F.);
#8102=ORIENTED_EDGE('',*,*,#5858,.F.);
#8103=ORIENTED_EDGE('',*,*,#5859,.T.);
#8104=ORIENTED_EDGE('',*,*,#5854,.T.);
#8105=ORIENTED_EDGE('',*,*,#5857,.T.);
#8106=ORIENTED_EDGE('',*,*,#5856,.T.);
#8107=ORIENTED_EDGE('',*,*,#5860,.F.);
#8108=ORIENTED_EDGE('',*,*,#5861,.T.);
#8109=ORIENTED_EDGE('',*,*,#5862,.F.);
#8110=ORIENTED_EDGE('',*,*,#5861,.F.);
#8111=ORIENTED_EDGE('',*,*,#5863,.F.);
#8112=ORIENTED_EDGE('',*,*,#5864,.T.);
#8113=ORIENTED_EDGE('',*,*,#5865,.F.);
#8114=ORIENTED_EDGE('',*,*,#5864,.F.);
#8115=ORIENTED_EDGE('',*,*,#5865,.T.);
#8116=ORIENTED_EDGE('',*,*,#5860,.T.);
#8117=ORIENTED_EDGE('',*,*,#5863,.T.);
#8118=ORIENTED_EDGE('',*,*,#5862,.T.);
#8119=ORIENTED_EDGE('',*,*,#5866,.F.);
#8120=ORIENTED_EDGE('',*,*,#5867,.T.);
#8121=ORIENTED_EDGE('',*,*,#5868,.F.);
#8122=ORIENTED_EDGE('',*,*,#5867,.F.);
#8123=ORIENTED_EDGE('',*,*,#5869,.T.);
#8124=ORIENTED_EDGE('',*,*,#5870,.T.);
#8125=ORIENTED_EDGE('',*,*,#5871,.T.);
#8126=ORIENTED_EDGE('',*,*,#5872,.T.);
#8127=ORIENTED_EDGE('',*,*,#5868,.T.);
#8128=ORIENTED_EDGE('',*,*,#5873,.T.);
#8129=ORIENTED_EDGE('',*,*,#5874,.T.);
#8130=ORIENTED_EDGE('',*,*,#5875,.T.);
#8131=ORIENTED_EDGE('',*,*,#5876,.T.);
#8132=ORIENTED_EDGE('',*,*,#5866,.T.);
#8133=ORIENTED_EDGE('',*,*,#5877,.T.);
#8134=ORIENTED_EDGE('',*,*,#5874,.F.);
#8135=ORIENTED_EDGE('',*,*,#5878,.F.);
#8136=ORIENTED_EDGE('',*,*,#5872,.F.);
#8137=ORIENTED_EDGE('',*,*,#5879,.T.);
#8138=ORIENTED_EDGE('',*,*,#5875,.F.);
#8139=ORIENTED_EDGE('',*,*,#5877,.F.);
#8140=ORIENTED_EDGE('',*,*,#5871,.F.);
#8141=ORIENTED_EDGE('',*,*,#5880,.T.);
#8142=ORIENTED_EDGE('',*,*,#5876,.F.);
#8143=ORIENTED_EDGE('',*,*,#5879,.F.);
#8144=ORIENTED_EDGE('',*,*,#5870,.F.);
#8145=ORIENTED_EDGE('',*,*,#5878,.T.);
#8146=ORIENTED_EDGE('',*,*,#5873,.F.);
#8147=ORIENTED_EDGE('',*,*,#5880,.F.);
#8148=ORIENTED_EDGE('',*,*,#5869,.F.);
#8149=ORIENTED_EDGE('',*,*,#5881,.F.);
#8150=ORIENTED_EDGE('',*,*,#5882,.T.);
#8151=ORIENTED_EDGE('',*,*,#5883,.F.);
#8152=ORIENTED_EDGE('',*,*,#5882,.F.);
#8153=ORIENTED_EDGE('',*,*,#5884,.F.);
#8154=ORIENTED_EDGE('',*,*,#5885,.T.);
#8155=ORIENTED_EDGE('',*,*,#5886,.F.);
#8156=ORIENTED_EDGE('',*,*,#5885,.F.);
#8157=ORIENTED_EDGE('',*,*,#5886,.T.);
#8158=ORIENTED_EDGE('',*,*,#5881,.T.);
#8159=ORIENTED_EDGE('',*,*,#5884,.T.);
#8160=ORIENTED_EDGE('',*,*,#5883,.T.);
#8161=ORIENTED_EDGE('',*,*,#5887,.F.);
#8162=ORIENTED_EDGE('',*,*,#5888,.T.);
#8163=ORIENTED_EDGE('',*,*,#5889,.F.);
#8164=ORIENTED_EDGE('',*,*,#5888,.F.);
#8165=ORIENTED_EDGE('',*,*,#5890,.F.);
#8166=ORIENTED_EDGE('',*,*,#5891,.T.);
#8167=ORIENTED_EDGE('',*,*,#5892,.F.);
#8168=ORIENTED_EDGE('',*,*,#5891,.F.);
#8169=ORIENTED_EDGE('',*,*,#5892,.T.);
#8170=ORIENTED_EDGE('',*,*,#5887,.T.);
#8171=ORIENTED_EDGE('',*,*,#5890,.T.);
#8172=ORIENTED_EDGE('',*,*,#5889,.T.);
#8173=ORIENTED_EDGE('',*,*,#5893,.F.);
#8174=ORIENTED_EDGE('',*,*,#5894,.T.);
#8175=ORIENTED_EDGE('',*,*,#5895,.F.);
#8176=ORIENTED_EDGE('',*,*,#5894,.F.);
#8177=ORIENTED_EDGE('',*,*,#5896,.T.);
#8178=ORIENTED_EDGE('',*,*,#5897,.T.);
#8179=ORIENTED_EDGE('',*,*,#5898,.T.);
#8180=ORIENTED_EDGE('',*,*,#5899,.T.);
#8181=ORIENTED_EDGE('',*,*,#5895,.T.);
#8182=ORIENTED_EDGE('',*,*,#5900,.T.);
#8183=ORIENTED_EDGE('',*,*,#5901,.T.);
#8184=ORIENTED_EDGE('',*,*,#5902,.T.);
#8185=ORIENTED_EDGE('',*,*,#5903,.T.);
#8186=ORIENTED_EDGE('',*,*,#5893,.T.);
#8187=ORIENTED_EDGE('',*,*,#5904,.T.);
#8188=ORIENTED_EDGE('',*,*,#5901,.F.);
#8189=ORIENTED_EDGE('',*,*,#5905,.F.);
#8190=ORIENTED_EDGE('',*,*,#5899,.F.);
#8191=ORIENTED_EDGE('',*,*,#5906,.T.);
#8192=ORIENTED_EDGE('',*,*,#5902,.F.);
#8193=ORIENTED_EDGE('',*,*,#5904,.F.);
#8194=ORIENTED_EDGE('',*,*,#5898,.F.);
#8195=ORIENTED_EDGE('',*,*,#5907,.T.);
#8196=ORIENTED_EDGE('',*,*,#5903,.F.);
#8197=ORIENTED_EDGE('',*,*,#5906,.F.);
#8198=ORIENTED_EDGE('',*,*,#5897,.F.);
#8199=ORIENTED_EDGE('',*,*,#5905,.T.);
#8200=ORIENTED_EDGE('',*,*,#5900,.F.);
#8201=ORIENTED_EDGE('',*,*,#5907,.F.);
#8202=ORIENTED_EDGE('',*,*,#5896,.F.);
#8203=ORIENTED_EDGE('',*,*,#5908,.F.);
#8204=ORIENTED_EDGE('',*,*,#5909,.T.);
#8205=ORIENTED_EDGE('',*,*,#5910,.F.);
#8206=ORIENTED_EDGE('',*,*,#5909,.F.);
#8207=ORIENTED_EDGE('',*,*,#5911,.F.);
#8208=ORIENTED_EDGE('',*,*,#5912,.T.);
#8209=ORIENTED_EDGE('',*,*,#5913,.F.);
#8210=ORIENTED_EDGE('',*,*,#5912,.F.);
#8211=ORIENTED_EDGE('',*,*,#5913,.T.);
#8212=ORIENTED_EDGE('',*,*,#5908,.T.);
#8213=ORIENTED_EDGE('',*,*,#5911,.T.);
#8214=ORIENTED_EDGE('',*,*,#5910,.T.);
#8215=ORIENTED_EDGE('',*,*,#5914,.F.);
#8216=ORIENTED_EDGE('',*,*,#5915,.T.);
#8217=ORIENTED_EDGE('',*,*,#5916,.F.);
#8218=ORIENTED_EDGE('',*,*,#5915,.F.);
#8219=ORIENTED_EDGE('',*,*,#5917,.F.);
#8220=ORIENTED_EDGE('',*,*,#5918,.T.);
#8221=ORIENTED_EDGE('',*,*,#5919,.F.);
#8222=ORIENTED_EDGE('',*,*,#5918,.F.);
#8223=ORIENTED_EDGE('',*,*,#5919,.T.);
#8224=ORIENTED_EDGE('',*,*,#5914,.T.);
#8225=ORIENTED_EDGE('',*,*,#5917,.T.);
#8226=ORIENTED_EDGE('',*,*,#5916,.T.);
#8227=ORIENTED_EDGE('',*,*,#5920,.F.);
#8228=ORIENTED_EDGE('',*,*,#5921,.T.);
#8229=ORIENTED_EDGE('',*,*,#5922,.F.);
#8230=ORIENTED_EDGE('',*,*,#5921,.F.);
#8231=ORIENTED_EDGE('',*,*,#5923,.T.);
#8232=ORIENTED_EDGE('',*,*,#5924,.T.);
#8233=ORIENTED_EDGE('',*,*,#5925,.T.);
#8234=ORIENTED_EDGE('',*,*,#5926,.T.);
#8235=ORIENTED_EDGE('',*,*,#5922,.T.);
#8236=ORIENTED_EDGE('',*,*,#5927,.T.);
#8237=ORIENTED_EDGE('',*,*,#5928,.T.);
#8238=ORIENTED_EDGE('',*,*,#5929,.T.);
#8239=ORIENTED_EDGE('',*,*,#5930,.T.);
#8240=ORIENTED_EDGE('',*,*,#5920,.T.);
#8241=ORIENTED_EDGE('',*,*,#5931,.T.);
#8242=ORIENTED_EDGE('',*,*,#5928,.F.);
#8243=ORIENTED_EDGE('',*,*,#5932,.F.);
#8244=ORIENTED_EDGE('',*,*,#5926,.F.);
#8245=ORIENTED_EDGE('',*,*,#5933,.T.);
#8246=ORIENTED_EDGE('',*,*,#5929,.F.);
#8247=ORIENTED_EDGE('',*,*,#5931,.F.);
#8248=ORIENTED_EDGE('',*,*,#5925,.F.);
#8249=ORIENTED_EDGE('',*,*,#5934,.T.);
#8250=ORIENTED_EDGE('',*,*,#5930,.F.);
#8251=ORIENTED_EDGE('',*,*,#5933,.F.);
#8252=ORIENTED_EDGE('',*,*,#5924,.F.);
#8253=ORIENTED_EDGE('',*,*,#5932,.T.);
#8254=ORIENTED_EDGE('',*,*,#5927,.F.);
#8255=ORIENTED_EDGE('',*,*,#5934,.F.);
#8256=ORIENTED_EDGE('',*,*,#5923,.F.);
#8257=ORIENTED_EDGE('',*,*,#5935,.F.);
#8258=ORIENTED_EDGE('',*,*,#5936,.T.);
#8259=ORIENTED_EDGE('',*,*,#5937,.F.);
#8260=ORIENTED_EDGE('',*,*,#5936,.F.);
#8261=ORIENTED_EDGE('',*,*,#5938,.F.);
#8262=ORIENTED_EDGE('',*,*,#5939,.T.);
#8263=ORIENTED_EDGE('',*,*,#5940,.F.);
#8264=ORIENTED_EDGE('',*,*,#5939,.F.);
#8265=ORIENTED_EDGE('',*,*,#5940,.T.);
#8266=ORIENTED_EDGE('',*,*,#5935,.T.);
#8267=ORIENTED_EDGE('',*,*,#5938,.T.);
#8268=ORIENTED_EDGE('',*,*,#5937,.T.);
#8269=ORIENTED_EDGE('',*,*,#5941,.F.);
#8270=ORIENTED_EDGE('',*,*,#5942,.T.);
#8271=ORIENTED_EDGE('',*,*,#5943,.F.);
#8272=ORIENTED_EDGE('',*,*,#5942,.F.);
#8273=ORIENTED_EDGE('',*,*,#5944,.F.);
#8274=ORIENTED_EDGE('',*,*,#5945,.T.);
#8275=ORIENTED_EDGE('',*,*,#5946,.F.);
#8276=ORIENTED_EDGE('',*,*,#5945,.F.);
#8277=ORIENTED_EDGE('',*,*,#5946,.T.);
#8278=ORIENTED_EDGE('',*,*,#5941,.T.);
#8279=ORIENTED_EDGE('',*,*,#5944,.T.);
#8280=ORIENTED_EDGE('',*,*,#5943,.T.);
#8281=PLANE('',#9685);
#8282=PLANE('',#9686);
#8283=PLANE('',#9687);
#8284=PLANE('',#9688);
#8285=PLANE('',#9689);
#8286=PLANE('',#9690);
#8287=PLANE('',#9691);
#8288=PLANE('',#9692);
#8289=PLANE('',#9693);
#8290=PLANE('',#9694);
#8291=PLANE('',#9695);
#8292=PLANE('',#9696);
#8293=PLANE('',#9697);
#8294=PLANE('',#9698);
#8295=PLANE('',#9699);
#8296=PLANE('',#9700);
#8297=PLANE('',#9701);
#8298=PLANE('',#9702);
#8299=PLANE('',#9707);
#8300=PLANE('',#9708);
#8301=PLANE('',#9709);
#8302=PLANE('',#9710);
#8303=PLANE('',#9711);
#8304=PLANE('',#9712);
#8305=PLANE('',#9713);
#8306=PLANE('',#9714);
#8307=PLANE('',#9715);
#8308=PLANE('',#9716);
#8309=PLANE('',#9717);
#8310=PLANE('',#9718);
#8311=PLANE('',#9719);
#8312=PLANE('',#9720);
#8313=PLANE('',#9722);
#8314=PLANE('',#9723);
#8315=PLANE('',#9724);
#8316=PLANE('',#9725);
#8317=PLANE('',#9726);
#8318=PLANE('',#9727);
#8319=PLANE('',#9731);
#8320=PLANE('',#9732);
#8321=PLANE('',#9736);
#8322=PLANE('',#9737);
#8323=PLANE('',#9738);
#8324=PLANE('',#9739);
#8325=PLANE('',#9740);
#8326=PLANE('',#9741);
#8327=PLANE('',#9742);
#8328=PLANE('',#9743);
#8329=PLANE('',#9747);
#8330=PLANE('',#9748);
#8331=PLANE('',#9752);
#8332=PLANE('',#9753);
#8333=PLANE('',#9754);
#8334=PLANE('',#9755);
#8335=PLANE('',#9756);
#8336=PLANE('',#9757);
#8337=PLANE('',#9758);
#8338=PLANE('',#9759);
#8339=PLANE('',#9763);
#8340=PLANE('',#9764);
#8341=PLANE('',#9768);
#8342=PLANE('',#9769);
#8343=PLANE('',#9771);
#8344=PLANE('',#9772);
#8345=PLANE('',#9773);
#8346=PLANE('',#9774);
#8347=PLANE('',#9775);
#8348=PLANE('',#9776);
#8349=PLANE('',#9777);
#8350=PLANE('',#9778);
#8351=PLANE('',#9779);
#8352=PLANE('',#9780);
#8353=PLANE('',#9781);
#8354=PLANE('',#9782);
#8355=PLANE('',#9783);
#8356=PLANE('',#9784);
#8357=PLANE('',#9785);
#8358=PLANE('',#9786);
#8359=PLANE('',#9787);
#8360=PLANE('',#9788);
#8361=PLANE('',#9789);
#8362=PLANE('',#9790);
#8363=PLANE('',#9791);
#8364=PLANE('',#9792);
#8365=PLANE('',#9793);
#8366=PLANE('',#9794);
#8367=PLANE('',#9795);
#8368=PLANE('',#9796);
#8369=PLANE('',#9797);
#8370=PLANE('',#9798);
#8371=PLANE('',#9799);
#8372=PLANE('',#9800);
#8373=PLANE('',#9801);
#8374=PLANE('',#9802);
#8375=PLANE('',#9803);
#8376=PLANE('',#9804);
#8377=PLANE('',#9805);
#8378=PLANE('',#9806);
#8379=PLANE('',#9807);
#8380=PLANE('',#9808);
#8381=PLANE('',#9809);
#8382=PLANE('',#9810);
#8383=PLANE('',#9811);
#8384=PLANE('',#9812);
#8385=PLANE('',#9813);
#8386=PLANE('',#9814);
#8387=PLANE('',#9815);
#8388=PLANE('',#9816);
#8389=PLANE('',#9817);
#8390=PLANE('',#9818);
#8391=PLANE('',#9819);
#8392=PLANE('',#9820);
#8393=PLANE('',#9821);
#8394=PLANE('',#9822);
#8395=PLANE('',#9823);
#8396=PLANE('',#9824);
#8397=PLANE('',#9825);
#8398=PLANE('',#9826);
#8399=PLANE('',#9827);
#8400=PLANE('',#9828);
#8401=PLANE('',#9829);
#8402=PLANE('',#9830);
#8403=PLANE('',#9831);
#8404=PLANE('',#9832);
#8405=PLANE('',#9833);
#8406=PLANE('',#9834);
#8407=PLANE('',#9835);
#8408=PLANE('',#9836);
#8409=PLANE('',#9838);
#8410=PLANE('',#9839);
#8411=PLANE('',#9840);
#8412=PLANE('',#9841);
#8413=PLANE('',#9842);
#8414=PLANE('',#9843);
#8415=PLANE('',#9844);
#8416=PLANE('',#9845);
#8417=PLANE('',#9846);
#8418=PLANE('',#9847);
#8419=PLANE('',#9848);
#8420=PLANE('',#9849);
#8421=PLANE('',#9850);
#8422=PLANE('',#9851);
#8423=PLANE('',#9852);
#8424=PLANE('',#9853);
#8425=PLANE('',#9854);
#8426=PLANE('',#9855);
#8427=PLANE('',#9856);
#8428=PLANE('',#9857);
#8429=PLANE('',#9858);
#8430=PLANE('',#9859);
#8431=PLANE('',#9860);
#8432=PLANE('',#9861);
#8433=PLANE('',#9862);
#8434=PLANE('',#9863);
#8435=PLANE('',#9864);
#8436=PLANE('',#9865);
#8437=PLANE('',#9866);
#8438=PLANE('',#9867);
#8439=PLANE('',#9868);
#8440=PLANE('',#9869);
#8441=PLANE('',#9870);
#8442=PLANE('',#9871);
#8443=PLANE('',#9872);
#8444=PLANE('',#9873);
#8445=PLANE('',#9874);
#8446=PLANE('',#9875);
#8447=PLANE('',#9876);
#8448=PLANE('',#9877);
#8449=PLANE('',#9878);
#8450=PLANE('',#9879);
#8451=PLANE('',#9880);
#8452=PLANE('',#9881);
#8453=PLANE('',#9882);
#8454=PLANE('',#9883);
#8455=PLANE('',#9884);
#8456=PLANE('',#9885);
#8457=PLANE('',#9887);
#8458=PLANE('',#9888);
#8459=PLANE('',#9889);
#8460=PLANE('',#9890);
#8461=PLANE('',#9891);
#8462=PLANE('',#9892);
#8463=PLANE('',#9893);
#8464=PLANE('',#9894);
#8465=PLANE('',#9895);
#8466=PLANE('',#9896);
#8467=PLANE('',#9897);
#8468=PLANE('',#9898);
#8469=PLANE('',#9899);
#8470=PLANE('',#9900);
#8471=PLANE('',#9901);
#8472=PLANE('',#9902);
#8473=PLANE('',#9903);
#8474=PLANE('',#9904);
#8475=PLANE('',#9905);
#8476=PLANE('',#9906);
#8477=PLANE('',#9907);
#8478=PLANE('',#9908);
#8479=PLANE('',#9909);
#8480=PLANE('',#9910);
#8481=PLANE('',#9911);
#8482=PLANE('',#9912);
#8483=PLANE('',#9913);
#8484=PLANE('',#9914);
#8485=PLANE('',#9915);
#8486=PLANE('',#9916);
#8487=PLANE('',#9917);
#8488=PLANE('',#9918);
#8489=PLANE('',#9919);
#8490=PLANE('',#9920);
#8491=PLANE('',#9921);
#8492=PLANE('',#9922);
#8493=PLANE('',#9923);
#8494=PLANE('',#9924);
#8495=PLANE('',#9925);
#8496=PLANE('',#9926);
#8497=PLANE('',#9927);
#8498=PLANE('',#9928);
#8499=PLANE('',#9929);
#8500=PLANE('',#9930);
#8501=PLANE('',#9931);
#8502=PLANE('',#9932);
#8503=PLANE('',#9933);
#8504=PLANE('',#9934);
#8505=PLANE('',#9935);
#8506=PLANE('',#9936);
#8507=PLANE('',#9937);
#8508=PLANE('',#9938);
#8509=PLANE('',#9939);
#8510=PLANE('',#9940);
#8511=PLANE('',#9941);
#8512=PLANE('',#9942);
#8513=PLANE('',#9943);
#8514=PLANE('',#9944);
#8515=PLANE('',#9945);
#8516=PLANE('',#9946);
#8517=PLANE('',#9972);
#8518=PLANE('',#9973);
#8519=PLANE('',#9974);
#8520=PLANE('',#9975);
#8521=PLANE('',#9976);
#8522=PLANE('',#9977);
#8523=PLANE('',#9978);
#8524=PLANE('',#9979);
#8525=PLANE('',#9980);
#8526=PLANE('',#9981);
#8527=PLANE('',#9982);
#8528=PLANE('',#9983);
#8529=PLANE('',#9984);
#8530=PLANE('',#9985);
#8531=PLANE('',#9986);
#8532=PLANE('',#9987);
#8533=PLANE('',#9988);
#8534=PLANE('',#9989);
#8535=PLANE('',#9990);
#8536=PLANE('',#9991);
#8537=PLANE('',#9992);
#8538=PLANE('',#9993);
#8539=PLANE('',#9994);
#8540=PLANE('',#9995);
#8541=PLANE('',#10002);
#8542=PLANE('',#10003);
#8543=PLANE('',#10010);
#8544=PLANE('',#10011);
#8545=PLANE('',#10018);
#8546=PLANE('',#10019);
#8547=PLANE('',#10026);
#8548=PLANE('',#10027);
#8549=PLANE('',#10034);
#8550=PLANE('',#10035);
#8551=PLANE('',#10042);
#8552=PLANE('',#10043);
#8553=PLANE('',#10050);
#8554=PLANE('',#10051);
#8555=PLANE('',#10058);
#8556=PLANE('',#10059);
#8557=PLANE('',#10072);
#8558=PLANE('',#10073);
#8559=PLANE('',#10074);
#8560=PLANE('',#10075);
#8561=PLANE('',#10076);
#8562=PLANE('',#10077);
#8563=PLANE('',#10090);
#8564=PLANE('',#10091);
#8565=PLANE('',#10092);
#8566=PLANE('',#10093);
#8567=PLANE('',#10094);
#8568=PLANE('',#10095);
#8569=PLANE('',#10102);
#8570=PLANE('',#10103);
#8571=PLANE('',#10110);
#8572=PLANE('',#10111);
#8573=PLANE('',#10118);
#8574=PLANE('',#10119);
#8575=PLANE('',#10126);
#8576=PLANE('',#10127);
#8577=PLANE('',#10134);
#8578=PLANE('',#10135);
#8579=PLANE('',#10142);
#8580=PLANE('',#10143);
#8581=PLANE('',#10150);
#8582=PLANE('',#10151);
#8583=PLANE('',#10158);
#8584=PLANE('',#10159);
#8585=PLANE('',#10160);
#8586=PLANE('',#10161);
#8587=PLANE('',#10162);
#8588=PLANE('',#10163);
#8589=PLANE('',#10164);
#8590=PLANE('',#10165);
#8591=PLANE('',#10166);
#8592=PLANE('',#10167);
#8593=PLANE('',#10168);
#8594=PLANE('',#10169);
#8595=PLANE('',#10170);
#8596=PLANE('',#10171);
#8597=PLANE('',#10172);
#8598=PLANE('',#10173);
#8599=PLANE('',#10174);
#8600=PLANE('',#10175);
#8601=PLANE('',#10176);
#8602=PLANE('',#10177);
#8603=PLANE('',#10182);
#8604=PLANE('',#10183);
#8605=PLANE('',#10187);
#8606=PLANE('',#10188);
#8607=PLANE('',#10192);
#8608=PLANE('',#10193);
#8609=PLANE('',#10197);
#8610=PLANE('',#10198);
#8611=PLANE('',#10199);
#8612=PLANE('',#10200);
#8613=PLANE('',#10201);
#8614=PLANE('',#10202);
#8615=PLANE('',#10203);
#8616=PLANE('',#10204);
#8617=PLANE('',#10205);
#8618=PLANE('',#10206);
#8619=PLANE('',#10207);
#8620=PLANE('',#10208);
#8621=PLANE('',#10209);
#8622=PLANE('',#10210);
#8623=PLANE('',#10211);
#8624=PLANE('',#10212);
#8625=PLANE('',#10213);
#8626=PLANE('',#10214);
#8627=PLANE('',#10215);
#8628=PLANE('',#10216);
#8629=PLANE('',#10220);
#8630=PLANE('',#10221);
#8631=PLANE('',#10222);
#8632=PLANE('',#10223);
#8633=PLANE('',#10224);
#8634=PLANE('',#10225);
#8635=PLANE('',#10226);
#8636=PLANE('',#10227);
#8637=PLANE('',#10231);
#8638=PLANE('',#10232);
#8639=PLANE('',#10236);
#8640=PLANE('',#10237);
#8641=PLANE('',#10241);
#8642=PLANE('',#10242);
#8643=PLANE('',#10246);
#8644=PLANE('',#10247);
#8645=PLANE('',#10248);
#8646=PLANE('',#10249);
#8647=PLANE('',#10250);
#8648=PLANE('',#10251);
#8649=PLANE('',#10252);
#8650=PLANE('',#10253);
#8651=PLANE('',#10254);
#8652=PLANE('',#10255);
#8653=PLANE('',#10256);
#8654=PLANE('',#10257);
#8655=PLANE('',#10258);
#8656=PLANE('',#10259);
#8657=PLANE('',#10260);
#8658=PLANE('',#10261);
#8659=PLANE('',#10262);
#8660=PLANE('',#10263);
#8661=PLANE('',#10264);
#8662=PLANE('',#10265);
#8663=PLANE('',#10269);
#8664=PLANE('',#10270);
#8665=PLANE('',#10271);
#8666=PLANE('',#10272);
#8667=PLANE('',#10273);
#8668=PLANE('',#10274);
#8669=PLANE('',#10275);
#8670=PLANE('',#10276);
#8671=PLANE('',#10281);
#8672=PLANE('',#10282);
#8673=PLANE('',#10286);
#8674=PLANE('',#10287);
#8675=PLANE('',#10291);
#8676=PLANE('',#10292);
#8677=PLANE('',#10296);
#8678=PLANE('',#10297);
#8679=PLANE('',#10298);
#8680=PLANE('',#10299);
#8681=PLANE('',#10300);
#8682=PLANE('',#10301);
#8683=PLANE('',#10302);
#8684=PLANE('',#10303);
#8685=PLANE('',#10304);
#8686=PLANE('',#10305);
#8687=PLANE('',#10306);
#8688=PLANE('',#10307);
#8689=PLANE('',#10308);
#8690=PLANE('',#10309);
#8691=PLANE('',#10310);
#8692=PLANE('',#10311);
#8693=PLANE('',#10312);
#8694=PLANE('',#10313);
#8695=PLANE('',#10314);
#8696=PLANE('',#10315);
#8697=PLANE('',#10316);
#8698=PLANE('',#10317);
#8699=PLANE('',#10318);
#8700=PLANE('',#10319);
#8701=PLANE('',#10320);
#8702=PLANE('',#10321);
#8703=PLANE('',#10322);
#8704=PLANE('',#10323);
#8705=PLANE('',#10324);
#8706=PLANE('',#10325);
#8707=PLANE('',#10326);
#8708=PLANE('',#10327);
#8709=PLANE('',#10329);
#8710=PLANE('',#10330);
#8711=PLANE('',#10331);
#8712=PLANE('',#10332);
#8713=PLANE('',#10333);
#8714=PLANE('',#10334);
#8715=PLANE('',#10335);
#8716=PLANE('',#10336);
#8717=PLANE('',#10337);
#8718=PLANE('',#10338);
#8719=PLANE('',#10339);
#8720=PLANE('',#10340);
#8721=PLANE('',#10341);
#8722=PLANE('',#10342);
#8723=PLANE('',#10343);
#8724=PLANE('',#10344);
#8725=PLANE('',#10345);
#8726=PLANE('',#10346);
#8727=PLANE('',#10347);
#8728=PLANE('',#10348);
#8729=PLANE('',#10349);
#8730=PLANE('',#10350);
#8731=PLANE('',#10351);
#8732=PLANE('',#10352);
#8733=PLANE('',#10353);
#8734=PLANE('',#10354);
#8735=PLANE('',#10355);
#8736=PLANE('',#10356);
#8737=PLANE('',#10357);
#8738=PLANE('',#10358);
#8739=PLANE('',#10359);
#8740=PLANE('',#10360);
#8741=PLANE('',#10361);
#8742=PLANE('',#10362);
#8743=PLANE('',#10363);
#8744=PLANE('',#10364);
#8745=PLANE('',#10368);
#8746=PLANE('',#10369);
#8747=PLANE('',#10370);
#8748=PLANE('',#10371);
#8749=PLANE('',#10372);
#8750=PLANE('',#10373);
#8751=PLANE('',#10377);
#8752=PLANE('',#10378);
#8753=PLANE('',#10379);
#8754=PLANE('',#10380);
#8755=PLANE('',#10381);
#8756=PLANE('',#10382);
#8757=PLANE('',#10386);
#8758=PLANE('',#10387);
#8759=PLANE('',#10388);
#8760=PLANE('',#10389);
#8761=PLANE('',#10390);
#8762=PLANE('',#10391);
#8763=PLANE('',#10395);
#8764=PLANE('',#10396);
#8765=PLANE('',#10397);
#8766=PLANE('',#10398);
#8767=PLANE('',#10399);
#8768=PLANE('',#10400);
#8769=PLANE('',#10401);
#8770=PLANE('',#10402);
#8771=PLANE('',#10403);
#8772=PLANE('',#10404);
#8773=PLANE('',#10405);
#8774=PLANE('',#10406);
#8775=PLANE('',#10411);
#8776=PLANE('',#10412);
#8777=PLANE('',#10413);
#8778=PLANE('',#10414);
#8779=PLANE('',#10415);
#8780=PLANE('',#10416);
#8781=PLANE('',#10423);
#8782=PLANE('',#10424);
#8783=PLANE('',#10431);
#8784=PLANE('',#10432);
#8785=PLANE('',#10436);
#8786=PLANE('',#10437);
#8787=PLANE('',#10438);
#8788=PLANE('',#10439);
#8789=PLANE('',#10440);
#8790=PLANE('',#10441);
#8791=PLANE('',#10448);
#8792=PLANE('',#10449);
#8793=PLANE('',#10456);
#8794=PLANE('',#10457);
#8795=PLANE('',#10461);
#8796=PLANE('',#10462);
#8797=PLANE('',#10463);
#8798=PLANE('',#10464);
#8799=PLANE('',#10465);
#8800=PLANE('',#10466);
#8801=PLANE('',#10473);
#8802=PLANE('',#10474);
#8803=PLANE('',#10481);
#8804=PLANE('',#10482);
#8805=PLANE('',#10486);
#8806=PLANE('',#10487);
#8807=PLANE('',#10488);
#8808=PLANE('',#10489);
#8809=PLANE('',#10490);
#8810=PLANE('',#10491);
#8811=PLANE('',#10498);
#8812=PLANE('',#10499);
#8813=PLANE('',#10506);
#8814=PLANE('',#10507);
#8815=ADVANCED_FACE('',(#690),#8281,.T.);
#8816=ADVANCED_FACE('',(#691),#8282,.F.);
#8817=ADVANCED_FACE('',(#692),#8283,.F.);
#8818=ADVANCED_FACE('',(#693),#8284,.F.);
#8819=ADVANCED_FACE('',(#694),#8285,.F.);
#8820=ADVANCED_FACE('',(#695),#8286,.F.);
#8821=ADVANCED_FACE('',(#696),#8287,.T.);
#8822=ADVANCED_FACE('',(#697),#8288,.F.);
#8823=ADVANCED_FACE('',(#698),#8289,.F.);
#8824=ADVANCED_FACE('',(#699),#8290,.F.);
#8825=ADVANCED_FACE('',(#700),#8291,.F.);
#8826=ADVANCED_FACE('',(#701),#8292,.F.);
#8827=ADVANCED_FACE('',(#702),#8293,.T.);
#8828=ADVANCED_FACE('',(#703),#8294,.F.);
#8829=ADVANCED_FACE('',(#704),#8295,.F.);
#8830=ADVANCED_FACE('',(#705),#8296,.F.);
#8831=ADVANCED_FACE('',(#706),#8297,.F.);
#8832=ADVANCED_FACE('',(#707),#8298,.F.);
#8833=ADVANCED_FACE('',(#708),#337,.T.);
#8834=ADVANCED_FACE('',(#709),#8299,.T.);
#8835=ADVANCED_FACE('',(#710),#8300,.T.);
#8836=ADVANCED_FACE('',(#711),#8301,.T.);
#8837=ADVANCED_FACE('',(#712),#8302,.F.);
#8838=ADVANCED_FACE('',(#713),#8303,.F.);
#8839=ADVANCED_FACE('',(#714),#8304,.F.);
#8840=ADVANCED_FACE('',(#715),#8305,.F.);
#8841=ADVANCED_FACE('',(#716),#8306,.F.);
#8842=ADVANCED_FACE('',(#717),#8307,.T.);
#8843=ADVANCED_FACE('',(#718),#8308,.F.);
#8844=ADVANCED_FACE('',(#719),#8309,.F.);
#8845=ADVANCED_FACE('',(#720),#8310,.F.);
#8846=ADVANCED_FACE('',(#721),#8311,.F.);
#8847=ADVANCED_FACE('',(#722),#8312,.F.);
#8848=ADVANCED_FACE('',(#723),#8313,.T.);
#8849=ADVANCED_FACE('',(#724),#8314,.F.);
#8850=ADVANCED_FACE('',(#725),#8315,.F.);
#8851=ADVANCED_FACE('',(#726),#8316,.F.);
#8852=ADVANCED_FACE('',(#727),#8317,.F.);
#8853=ADVANCED_FACE('',(#728),#8318,.F.);
#8854=ADVANCED_FACE('',(#729),#338,.T.);
#8855=ADVANCED_FACE('',(#730),#8319,.T.);
#8856=ADVANCED_FACE('',(#731),#8320,.T.);
#8857=ADVANCED_FACE('',(#732),#339,.T.);
#8858=ADVANCED_FACE('',(#733),#8321,.T.);
#8859=ADVANCED_FACE('',(#734),#8322,.T.);
#8860=ADVANCED_FACE('',(#735),#8323,.T.);
#8861=ADVANCED_FACE('',(#736),#8324,.F.);
#8862=ADVANCED_FACE('',(#737),#8325,.F.);
#8863=ADVANCED_FACE('',(#738),#8326,.F.);
#8864=ADVANCED_FACE('',(#739),#8327,.F.);
#8865=ADVANCED_FACE('',(#740),#8328,.F.);
#8866=ADVANCED_FACE('',(#741),#340,.T.);
#8867=ADVANCED_FACE('',(#742),#8329,.T.);
#8868=ADVANCED_FACE('',(#743),#8330,.T.);
#8869=ADVANCED_FACE('',(#744),#341,.T.);
#8870=ADVANCED_FACE('',(#745),#8331,.T.);
#8871=ADVANCED_FACE('',(#746),#8332,.T.);
#8872=ADVANCED_FACE('',(#747),#8333,.T.);
#8873=ADVANCED_FACE('',(#748),#8334,.F.);
#8874=ADVANCED_FACE('',(#749),#8335,.F.);
#8875=ADVANCED_FACE('',(#750),#8336,.F.);
#8876=ADVANCED_FACE('',(#751),#8337,.F.);
#8877=ADVANCED_FACE('',(#752),#8338,.F.);
#8878=ADVANCED_FACE('',(#753),#342,.T.);
#8879=ADVANCED_FACE('',(#754),#8339,.T.);
#8880=ADVANCED_FACE('',(#755),#8340,.T.);
#8881=ADVANCED_FACE('',(#756),#343,.T.);
#8882=ADVANCED_FACE('',(#757),#8341,.T.);
#8883=ADVANCED_FACE('',(#758),#8342,.T.);
#8884=ADVANCED_FACE('',(#759),#8343,.T.);
#8885=ADVANCED_FACE('',(#760),#8344,.F.);
#8886=ADVANCED_FACE('',(#761),#8345,.F.);
#8887=ADVANCED_FACE('',(#762),#8346,.F.);
#8888=ADVANCED_FACE('',(#763),#8347,.F.);
#8889=ADVANCED_FACE('',(#764),#8348,.F.);
#8890=ADVANCED_FACE('',(#765),#8349,.T.);
#8891=ADVANCED_FACE('',(#766),#8350,.F.);
#8892=ADVANCED_FACE('',(#767),#8351,.F.);
#8893=ADVANCED_FACE('',(#768),#8352,.F.);
#8894=ADVANCED_FACE('',(#769),#8353,.F.);
#8895=ADVANCED_FACE('',(#770),#8354,.F.);
#8896=ADVANCED_FACE('',(#771),#8355,.T.);
#8897=ADVANCED_FACE('',(#772),#8356,.F.);
#8898=ADVANCED_FACE('',(#773),#8357,.F.);
#8899=ADVANCED_FACE('',(#774),#8358,.F.);
#8900=ADVANCED_FACE('',(#775),#8359,.F.);
#8901=ADVANCED_FACE('',(#776),#8360,.F.);
#8902=ADVANCED_FACE('',(#777),#8361,.T.);
#8903=ADVANCED_FACE('',(#778),#8362,.F.);
#8904=ADVANCED_FACE('',(#779),#8363,.F.);
#8905=ADVANCED_FACE('',(#780),#8364,.F.);
#8906=ADVANCED_FACE('',(#781),#8365,.F.);
#8907=ADVANCED_FACE('',(#782),#8366,.F.);
#8908=ADVANCED_FACE('',(#783),#8367,.T.);
#8909=ADVANCED_FACE('',(#784),#8368,.F.);
#8910=ADVANCED_FACE('',(#785),#8369,.F.);
#8911=ADVANCED_FACE('',(#786),#8370,.F.);
#8912=ADVANCED_FACE('',(#787),#8371,.F.);
#8913=ADVANCED_FACE('',(#788),#8372,.F.);
#8914=ADVANCED_FACE('',(#789),#8373,.T.);
#8915=ADVANCED_FACE('',(#790),#8374,.F.);
#8916=ADVANCED_FACE('',(#791),#8375,.F.);
#8917=ADVANCED_FACE('',(#792),#8376,.F.);
#8918=ADVANCED_FACE('',(#793),#8377,.F.);
#8919=ADVANCED_FACE('',(#794),#8378,.F.);
#8920=ADVANCED_FACE('',(#795),#8379,.T.);
#8921=ADVANCED_FACE('',(#796),#8380,.F.);
#8922=ADVANCED_FACE('',(#797),#8381,.F.);
#8923=ADVANCED_FACE('',(#798),#8382,.F.);
#8924=ADVANCED_FACE('',(#799),#8383,.F.);
#8925=ADVANCED_FACE('',(#800),#8384,.F.);
#8926=ADVANCED_FACE('',(#801),#8385,.T.);
#8927=ADVANCED_FACE('',(#802),#8386,.F.);
#8928=ADVANCED_FACE('',(#803),#8387,.F.);
#8929=ADVANCED_FACE('',(#804),#8388,.F.);
#8930=ADVANCED_FACE('',(#805),#8389,.F.);
#8931=ADVANCED_FACE('',(#806),#8390,.F.);
#8932=ADVANCED_FACE('',(#807),#8391,.T.);
#8933=ADVANCED_FACE('',(#808),#8392,.F.);
#8934=ADVANCED_FACE('',(#809),#8393,.F.);
#8935=ADVANCED_FACE('',(#810),#8394,.F.);
#8936=ADVANCED_FACE('',(#811),#8395,.F.);
#8937=ADVANCED_FACE('',(#812),#8396,.F.);
#8938=ADVANCED_FACE('',(#813),#8397,.T.);
#8939=ADVANCED_FACE('',(#814),#8398,.F.);
#8940=ADVANCED_FACE('',(#815),#8399,.F.);
#8941=ADVANCED_FACE('',(#816),#8400,.F.);
#8942=ADVANCED_FACE('',(#817),#8401,.F.);
#8943=ADVANCED_FACE('',(#818),#8402,.F.);
#8944=ADVANCED_FACE('',(#819),#8403,.T.);
#8945=ADVANCED_FACE('',(#820),#8404,.F.);
#8946=ADVANCED_FACE('',(#821),#8405,.F.);
#8947=ADVANCED_FACE('',(#822),#8406,.F.);
#8948=ADVANCED_FACE('',(#823),#8407,.F.);
#8949=ADVANCED_FACE('',(#824),#8408,.F.);
#8950=ADVANCED_FACE('',(#825),#8409,.T.);
#8951=ADVANCED_FACE('',(#826),#8410,.F.);
#8952=ADVANCED_FACE('',(#827),#8411,.F.);
#8953=ADVANCED_FACE('',(#828),#8412,.F.);
#8954=ADVANCED_FACE('',(#829),#8413,.F.);
#8955=ADVANCED_FACE('',(#830),#8414,.F.);
#8956=ADVANCED_FACE('',(#831),#8415,.T.);
#8957=ADVANCED_FACE('',(#832),#8416,.F.);
#8958=ADVANCED_FACE('',(#833),#8417,.F.);
#8959=ADVANCED_FACE('',(#834),#8418,.F.);
#8960=ADVANCED_FACE('',(#835),#8419,.F.);
#8961=ADVANCED_FACE('',(#836),#8420,.F.);
#8962=ADVANCED_FACE('',(#837),#8421,.T.);
#8963=ADVANCED_FACE('',(#838),#8422,.F.);
#8964=ADVANCED_FACE('',(#839),#8423,.F.);
#8965=ADVANCED_FACE('',(#840),#8424,.F.);
#8966=ADVANCED_FACE('',(#841),#8425,.F.);
#8967=ADVANCED_FACE('',(#842),#8426,.F.);
#8968=ADVANCED_FACE('',(#843),#8427,.T.);
#8969=ADVANCED_FACE('',(#844),#8428,.F.);
#8970=ADVANCED_FACE('',(#845),#8429,.F.);
#8971=ADVANCED_FACE('',(#846),#8430,.F.);
#8972=ADVANCED_FACE('',(#847),#8431,.F.);
#8973=ADVANCED_FACE('',(#848),#8432,.F.);
#8974=ADVANCED_FACE('',(#849),#8433,.T.);
#8975=ADVANCED_FACE('',(#850),#8434,.F.);
#8976=ADVANCED_FACE('',(#851),#8435,.F.);
#8977=ADVANCED_FACE('',(#852),#8436,.F.);
#8978=ADVANCED_FACE('',(#853),#8437,.F.);
#8979=ADVANCED_FACE('',(#854),#8438,.F.);
#8980=ADVANCED_FACE('',(#855),#8439,.T.);
#8981=ADVANCED_FACE('',(#856),#8440,.F.);
#8982=ADVANCED_FACE('',(#857),#8441,.F.);
#8983=ADVANCED_FACE('',(#858),#8442,.F.);
#8984=ADVANCED_FACE('',(#859),#8443,.F.);
#8985=ADVANCED_FACE('',(#860),#8444,.F.);
#8986=ADVANCED_FACE('',(#861),#8445,.T.);
#8987=ADVANCED_FACE('',(#862),#8446,.F.);
#8988=ADVANCED_FACE('',(#863),#8447,.F.);
#8989=ADVANCED_FACE('',(#864),#8448,.F.);
#8990=ADVANCED_FACE('',(#865),#8449,.F.);
#8991=ADVANCED_FACE('',(#866),#8450,.F.);
#8992=ADVANCED_FACE('',(#867),#8451,.T.);
#8993=ADVANCED_FACE('',(#868),#8452,.F.);
#8994=ADVANCED_FACE('',(#869),#8453,.F.);
#8995=ADVANCED_FACE('',(#870),#8454,.F.);
#8996=ADVANCED_FACE('',(#871),#8455,.F.);
#8997=ADVANCED_FACE('',(#872),#8456,.F.);
#8998=ADVANCED_FACE('',(#873),#8457,.T.);
#8999=ADVANCED_FACE('',(#874),#8458,.F.);
#9000=ADVANCED_FACE('',(#875),#8459,.F.);
#9001=ADVANCED_FACE('',(#876),#8460,.F.);
#9002=ADVANCED_FACE('',(#877),#8461,.F.);
#9003=ADVANCED_FACE('',(#878),#8462,.F.);
#9004=ADVANCED_FACE('',(#879),#8463,.T.);
#9005=ADVANCED_FACE('',(#880),#8464,.F.);
#9006=ADVANCED_FACE('',(#881),#8465,.F.);
#9007=ADVANCED_FACE('',(#882),#8466,.F.);
#9008=ADVANCED_FACE('',(#883),#8467,.F.);
#9009=ADVANCED_FACE('',(#884),#8468,.F.);
#9010=ADVANCED_FACE('',(#885),#8469,.T.);
#9011=ADVANCED_FACE('',(#886),#8470,.F.);
#9012=ADVANCED_FACE('',(#887),#8471,.F.);
#9013=ADVANCED_FACE('',(#888),#8472,.F.);
#9014=ADVANCED_FACE('',(#889),#8473,.F.);
#9015=ADVANCED_FACE('',(#890),#8474,.F.);
#9016=ADVANCED_FACE('',(#891),#8475,.T.);
#9017=ADVANCED_FACE('',(#892),#8476,.F.);
#9018=ADVANCED_FACE('',(#893),#8477,.F.);
#9019=ADVANCED_FACE('',(#894),#8478,.F.);
#9020=ADVANCED_FACE('',(#895),#8479,.F.);
#9021=ADVANCED_FACE('',(#896),#8480,.F.);
#9022=ADVANCED_FACE('',(#897),#8481,.T.);
#9023=ADVANCED_FACE('',(#898),#8482,.F.);
#9024=ADVANCED_FACE('',(#899),#8483,.F.);
#9025=ADVANCED_FACE('',(#900),#8484,.F.);
#9026=ADVANCED_FACE('',(#901),#8485,.F.);
#9027=ADVANCED_FACE('',(#902),#8486,.F.);
#9028=ADVANCED_FACE('',(#903),#8487,.T.);
#9029=ADVANCED_FACE('',(#904),#8488,.F.);
#9030=ADVANCED_FACE('',(#905),#8489,.F.);
#9031=ADVANCED_FACE('',(#906),#8490,.F.);
#9032=ADVANCED_FACE('',(#907),#8491,.F.);
#9033=ADVANCED_FACE('',(#908),#8492,.F.);
#9034=ADVANCED_FACE('',(#909),#8493,.T.);
#9035=ADVANCED_FACE('',(#910),#8494,.F.);
#9036=ADVANCED_FACE('',(#911),#8495,.F.);
#9037=ADVANCED_FACE('',(#912),#8496,.F.);
#9038=ADVANCED_FACE('',(#913),#8497,.F.);
#9039=ADVANCED_FACE('',(#914),#8498,.F.);
#9040=ADVANCED_FACE('',(#915),#8499,.T.);
#9041=ADVANCED_FACE('',(#916),#8500,.F.);
#9042=ADVANCED_FACE('',(#917),#8501,.F.);
#9043=ADVANCED_FACE('',(#918),#8502,.F.);
#9044=ADVANCED_FACE('',(#919),#8503,.F.);
#9045=ADVANCED_FACE('',(#920),#8504,.F.);
#9046=ADVANCED_FACE('',(#921),#8505,.T.);
#9047=ADVANCED_FACE('',(#922),#8506,.F.);
#9048=ADVANCED_FACE('',(#923),#8507,.F.);
#9049=ADVANCED_FACE('',(#924),#8508,.F.);
#9050=ADVANCED_FACE('',(#925),#8509,.F.);
#9051=ADVANCED_FACE('',(#926),#8510,.F.);
#9052=ADVANCED_FACE('',(#927),#8511,.T.);
#9053=ADVANCED_FACE('',(#928),#8512,.F.);
#9054=ADVANCED_FACE('',(#929),#8513,.F.);
#9055=ADVANCED_FACE('',(#930),#8514,.F.);
#9056=ADVANCED_FACE('',(#931),#8515,.F.);
#9057=ADVANCED_FACE('',(#932),#8516,.F.);
#9058=ADVANCED_FACE('',(#933),#344,.F.);
#9059=ADVANCED_FACE('',(#934),#345,.F.);
#9060=ADVANCED_FACE('',(#935),#346,.F.);
#9061=ADVANCED_FACE('',(#936),#347,.F.);
#9062=ADVANCED_FACE('',(#937),#348,.F.);
#9063=ADVANCED_FACE('',(#938),#349,.F.);
#9064=ADVANCED_FACE('',(#939),#350,.F.);
#9065=ADVANCED_FACE('',(#940),#351,.F.);
#9066=ADVANCED_FACE('',(#941,#55,#56,#57,#58,#59,#60,#61,#62),#8517,.T.);
#9067=ADVANCED_FACE('',(#942,#63,#64,#65,#66,#67,#68,#69,#70),#8518,.F.);
#9068=ADVANCED_FACE('',(#943),#8519,.F.);
#9069=ADVANCED_FACE('',(#944),#8520,.F.);
#9070=ADVANCED_FACE('',(#945),#8521,.F.);
#9071=ADVANCED_FACE('',(#946),#8522,.F.);
#9072=ADVANCED_FACE('',(#947),#8523,.T.);
#9073=ADVANCED_FACE('',(#948),#8524,.F.);
#9074=ADVANCED_FACE('',(#949),#8525,.F.);
#9075=ADVANCED_FACE('',(#950),#8526,.F.);
#9076=ADVANCED_FACE('',(#951),#8527,.F.);
#9077=ADVANCED_FACE('',(#952),#8528,.F.);
#9078=ADVANCED_FACE('',(#953),#8529,.T.);
#9079=ADVANCED_FACE('',(#954),#8530,.F.);
#9080=ADVANCED_FACE('',(#955),#8531,.F.);
#9081=ADVANCED_FACE('',(#956),#8532,.F.);
#9082=ADVANCED_FACE('',(#957),#8533,.F.);
#9083=ADVANCED_FACE('',(#958),#8534,.F.);
#9084=ADVANCED_FACE('',(#959),#8535,.T.);
#9085=ADVANCED_FACE('',(#960),#8536,.F.);
#9086=ADVANCED_FACE('',(#961),#8537,.F.);
#9087=ADVANCED_FACE('',(#962),#8538,.F.);
#9088=ADVANCED_FACE('',(#963),#8539,.F.);
#9089=ADVANCED_FACE('',(#964),#8540,.F.);
#9090=ADVANCED_FACE('',(#965),#352,.F.);
#9091=ADVANCED_FACE('',(#966),#353,.T.);
#9092=ADVANCED_FACE('',(#967,#71),#8541,.T.);
#9093=ADVANCED_FACE('',(#968,#72),#8542,.T.);
#9094=ADVANCED_FACE('',(#969),#354,.F.);
#9095=ADVANCED_FACE('',(#970),#355,.T.);
#9096=ADVANCED_FACE('',(#971,#73),#8543,.T.);
#9097=ADVANCED_FACE('',(#972,#74),#8544,.T.);
#9098=ADVANCED_FACE('',(#973),#356,.F.);
#9099=ADVANCED_FACE('',(#974),#357,.T.);
#9100=ADVANCED_FACE('',(#975,#75),#8545,.T.);
#9101=ADVANCED_FACE('',(#976,#76),#8546,.T.);
#9102=ADVANCED_FACE('',(#977),#358,.F.);
#9103=ADVANCED_FACE('',(#978),#359,.T.);
#9104=ADVANCED_FACE('',(#979,#77),#8547,.T.);
#9105=ADVANCED_FACE('',(#980,#78),#8548,.T.);
#9106=ADVANCED_FACE('',(#981),#360,.F.);
#9107=ADVANCED_FACE('',(#982),#361,.T.);
#9108=ADVANCED_FACE('',(#983,#79),#8549,.T.);
#9109=ADVANCED_FACE('',(#984,#80),#8550,.T.);
#9110=ADVANCED_FACE('',(#985),#362,.F.);
#9111=ADVANCED_FACE('',(#986),#363,.T.);
#9112=ADVANCED_FACE('',(#987,#81),#8551,.T.);
#9113=ADVANCED_FACE('',(#988,#82),#8552,.T.);
#9114=ADVANCED_FACE('',(#989),#364,.F.);
#9115=ADVANCED_FACE('',(#990),#365,.T.);
#9116=ADVANCED_FACE('',(#991,#83),#8553,.T.);
#9117=ADVANCED_FACE('',(#992,#84),#8554,.T.);
#9118=ADVANCED_FACE('',(#993),#366,.F.);
#9119=ADVANCED_FACE('',(#994),#367,.T.);
#9120=ADVANCED_FACE('',(#995,#85),#8555,.T.);
#9121=ADVANCED_FACE('',(#996,#86),#8556,.T.);
#9122=ADVANCED_FACE('',(#997),#368,.F.);
#9123=ADVANCED_FACE('',(#998),#369,.F.);
#9124=ADVANCED_FACE('',(#999),#370,.F.);
#9125=ADVANCED_FACE('',(#1000),#371,.F.);
#9126=ADVANCED_FACE('',(#1001,#87,#88,#89,#90),#8557,.T.);
#9127=ADVANCED_FACE('',(#1002,#91,#92,#93,#94),#8558,.F.);
#9128=ADVANCED_FACE('',(#1003),#8559,.F.);
#9129=ADVANCED_FACE('',(#1004),#8560,.F.);
#9130=ADVANCED_FACE('',(#1005),#8561,.F.);
#9131=ADVANCED_FACE('',(#1006),#8562,.F.);
#9132=ADVANCED_FACE('',(#1007),#372,.F.);
#9133=ADVANCED_FACE('',(#1008),#373,.F.);
#9134=ADVANCED_FACE('',(#1009),#374,.F.);
#9135=ADVANCED_FACE('',(#1010),#375,.F.);
#9136=ADVANCED_FACE('',(#1011,#95,#96,#97,#98),#8563,.T.);
#9137=ADVANCED_FACE('',(#1012,#99,#100,#101,#102),#8564,.F.);
#9138=ADVANCED_FACE('',(#1013),#8565,.F.);
#9139=ADVANCED_FACE('',(#1014),#8566,.F.);
#9140=ADVANCED_FACE('',(#1015),#8567,.F.);
#9141=ADVANCED_FACE('',(#1016),#8568,.F.);
#9142=ADVANCED_FACE('',(#1017),#376,.F.);
#9143=ADVANCED_FACE('',(#1018),#377,.T.);
#9144=ADVANCED_FACE('',(#1019,#103),#8569,.T.);
#9145=ADVANCED_FACE('',(#1020,#104),#8570,.T.);
#9146=ADVANCED_FACE('',(#1021),#378,.F.);
#9147=ADVANCED_FACE('',(#1022),#379,.T.);
#9148=ADVANCED_FACE('',(#1023,#105),#8571,.T.);
#9149=ADVANCED_FACE('',(#1024,#106),#8572,.T.);
#9150=ADVANCED_FACE('',(#1025),#380,.F.);
#9151=ADVANCED_FACE('',(#1026),#381,.T.);
#9152=ADVANCED_FACE('',(#1027,#107),#8573,.T.);
#9153=ADVANCED_FACE('',(#1028,#108),#8574,.T.);
#9154=ADVANCED_FACE('',(#1029),#382,.F.);
#9155=ADVANCED_FACE('',(#1030),#383,.T.);
#9156=ADVANCED_FACE('',(#1031,#109),#8575,.T.);
#9157=ADVANCED_FACE('',(#1032,#110),#8576,.T.);
#9158=ADVANCED_FACE('',(#1033),#384,.F.);
#9159=ADVANCED_FACE('',(#1034),#385,.T.);
#9160=ADVANCED_FACE('',(#1035,#111),#8577,.T.);
#9161=ADVANCED_FACE('',(#1036,#112),#8578,.T.);
#9162=ADVANCED_FACE('',(#1037),#386,.F.);
#9163=ADVANCED_FACE('',(#1038),#387,.T.);
#9164=ADVANCED_FACE('',(#1039,#113),#8579,.T.);
#9165=ADVANCED_FACE('',(#1040,#114),#8580,.T.);
#9166=ADVANCED_FACE('',(#1041),#388,.F.);
#9167=ADVANCED_FACE('',(#1042),#389,.T.);
#9168=ADVANCED_FACE('',(#1043,#115),#8581,.T.);
#9169=ADVANCED_FACE('',(#1044,#116),#8582,.T.);
#9170=ADVANCED_FACE('',(#1045),#390,.F.);
#9171=ADVANCED_FACE('',(#1046),#391,.T.);
#9172=ADVANCED_FACE('',(#1047,#117),#8583,.T.);
#9173=ADVANCED_FACE('',(#1048,#118),#8584,.T.);
#9174=ADVANCED_FACE('',(#1049),#8585,.T.);
#9175=ADVANCED_FACE('',(#1050),#8586,.F.);
#9176=ADVANCED_FACE('',(#1051),#8587,.F.);
#9177=ADVANCED_FACE('',(#1052),#8588,.F.);
#9178=ADVANCED_FACE('',(#1053),#8589,.F.);
#9179=ADVANCED_FACE('',(#1054),#8590,.F.);
#9180=ADVANCED_FACE('',(#1055),#8591,.T.);
#9181=ADVANCED_FACE('',(#1056),#8592,.F.);
#9182=ADVANCED_FACE('',(#1057),#8593,.F.);
#9183=ADVANCED_FACE('',(#1058),#8594,.F.);
#9184=ADVANCED_FACE('',(#1059),#8595,.F.);
#9185=ADVANCED_FACE('',(#1060),#8596,.F.);
#9186=ADVANCED_FACE('',(#1061),#8597,.T.);
#9187=ADVANCED_FACE('',(#1062),#8598,.F.);
#9188=ADVANCED_FACE('',(#1063),#8599,.F.);
#9189=ADVANCED_FACE('',(#1064),#8600,.F.);
#9190=ADVANCED_FACE('',(#1065),#8601,.F.);
#9191=ADVANCED_FACE('',(#1066),#8602,.F.);
#9192=ADVANCED_FACE('',(#1067),#392,.T.);
#9193=ADVANCED_FACE('',(#1068),#8603,.T.);
#9194=ADVANCED_FACE('',(#1069),#8604,.T.);
#9195=ADVANCED_FACE('',(#1070),#393,.T.);
#9196=ADVANCED_FACE('',(#1071),#8605,.T.);
#9197=ADVANCED_FACE('',(#1072),#8606,.T.);
#9198=ADVANCED_FACE('',(#1073),#394,.T.);
#9199=ADVANCED_FACE('',(#1074),#8607,.T.);
#9200=ADVANCED_FACE('',(#1075),#8608,.T.);
#9201=ADVANCED_FACE('',(#1076),#395,.T.);
#9202=ADVANCED_FACE('',(#1077),#8609,.T.);
#9203=ADVANCED_FACE('',(#1078),#8610,.T.);
#9204=ADVANCED_FACE('',(#1079),#8611,.T.);
#9205=ADVANCED_FACE('',(#1080),#8612,.F.);
#9206=ADVANCED_FACE('',(#1081),#8613,.F.);
#9207=ADVANCED_FACE('',(#1082),#8614,.F.);
#9208=ADVANCED_FACE('',(#1083),#8615,.F.);
#9209=ADVANCED_FACE('',(#1084),#8616,.F.);
#9210=ADVANCED_FACE('',(#1085),#8617,.T.);
#9211=ADVANCED_FACE('',(#1086),#8618,.F.);
#9212=ADVANCED_FACE('',(#1087),#8619,.F.);
#9213=ADVANCED_FACE('',(#1088),#8620,.F.);
#9214=ADVANCED_FACE('',(#1089),#8621,.F.);
#9215=ADVANCED_FACE('',(#1090),#8622,.F.);
#9216=ADVANCED_FACE('',(#1091),#8623,.T.);
#9217=ADVANCED_FACE('',(#1092),#8624,.F.);
#9218=ADVANCED_FACE('',(#1093),#8625,.F.);
#9219=ADVANCED_FACE('',(#1094),#8626,.F.);
#9220=ADVANCED_FACE('',(#1095),#8627,.F.);
#9221=ADVANCED_FACE('',(#1096),#8628,.F.);
#9222=ADVANCED_FACE('',(#1097),#396,.T.);
#9223=ADVANCED_FACE('',(#1098),#8629,.T.);
#9224=ADVANCED_FACE('',(#1099),#8630,.T.);
#9225=ADVANCED_FACE('',(#1100),#8631,.T.);
#9226=ADVANCED_FACE('',(#1101),#8632,.F.);
#9227=ADVANCED_FACE('',(#1102),#8633,.F.);
#9228=ADVANCED_FACE('',(#1103),#8634,.F.);
#9229=ADVANCED_FACE('',(#1104),#8635,.F.);
#9230=ADVANCED_FACE('',(#1105),#8636,.F.);
#9231=ADVANCED_FACE('',(#1106),#397,.T.);
#9232=ADVANCED_FACE('',(#1107),#8637,.T.);
#9233=ADVANCED_FACE('',(#1108),#8638,.T.);
#9234=ADVANCED_FACE('',(#1109),#398,.T.);
#9235=ADVANCED_FACE('',(#1110),#8639,.T.);
#9236=ADVANCED_FACE('',(#1111),#8640,.T.);
#9237=ADVANCED_FACE('',(#1112),#399,.T.);
#9238=ADVANCED_FACE('',(#1113),#8641,.T.);
#9239=ADVANCED_FACE('',(#1114),#8642,.T.);
#9240=ADVANCED_FACE('',(#1115),#400,.T.);
#9241=ADVANCED_FACE('',(#1116),#8643,.T.);
#9242=ADVANCED_FACE('',(#1117),#8644,.T.);
#9243=ADVANCED_FACE('',(#1118),#8645,.T.);
#9244=ADVANCED_FACE('',(#1119),#8646,.F.);
#9245=ADVANCED_FACE('',(#1120),#8647,.F.);
#9246=ADVANCED_FACE('',(#1121),#8648,.F.);
#9247=ADVANCED_FACE('',(#1122),#8649,.F.);
#9248=ADVANCED_FACE('',(#1123),#8650,.F.);
#9249=ADVANCED_FACE('',(#1124),#8651,.T.);
#9250=ADVANCED_FACE('',(#1125),#8652,.F.);
#9251=ADVANCED_FACE('',(#1126),#8653,.F.);
#9252=ADVANCED_FACE('',(#1127),#8654,.F.);
#9253=ADVANCED_FACE('',(#1128),#8655,.F.);
#9254=ADVANCED_FACE('',(#1129),#8656,.F.);
#9255=ADVANCED_FACE('',(#1130),#8657,.T.);
#9256=ADVANCED_FACE('',(#1131),#8658,.F.);
#9257=ADVANCED_FACE('',(#1132),#8659,.F.);
#9258=ADVANCED_FACE('',(#1133),#8660,.F.);
#9259=ADVANCED_FACE('',(#1134),#8661,.F.);
#9260=ADVANCED_FACE('',(#1135),#8662,.F.);
#9261=ADVANCED_FACE('',(#1136),#401,.T.);
#9262=ADVANCED_FACE('',(#1137),#8663,.T.);
#9263=ADVANCED_FACE('',(#1138),#8664,.T.);
#9264=ADVANCED_FACE('',(#1139),#8665,.T.);
#9265=ADVANCED_FACE('',(#1140),#8666,.F.);
#9266=ADVANCED_FACE('',(#1141),#8667,.F.);
#9267=ADVANCED_FACE('',(#1142),#8668,.F.);
#9268=ADVANCED_FACE('',(#1143),#8669,.F.);
#9269=ADVANCED_FACE('',(#1144),#8670,.F.);
#9270=ADVANCED_FACE('',(#1145),#402,.T.);
#9271=ADVANCED_FACE('',(#1146),#8671,.T.);
#9272=ADVANCED_FACE('',(#1147),#8672,.T.);
#9273=ADVANCED_FACE('',(#1148),#403,.T.);
#9274=ADVANCED_FACE('',(#1149),#8673,.T.);
#9275=ADVANCED_FACE('',(#1150),#8674,.T.);
#9276=ADVANCED_FACE('',(#1151),#404,.T.);
#9277=ADVANCED_FACE('',(#1152),#8675,.T.);
#9278=ADVANCED_FACE('',(#1153),#8676,.T.);
#9279=ADVANCED_FACE('',(#1154),#405,.T.);
#9280=ADVANCED_FACE('',(#1155),#8677,.T.);
#9281=ADVANCED_FACE('',(#1156),#8678,.T.);
#9282=ADVANCED_FACE('',(#1157),#8679,.T.);
#9283=ADVANCED_FACE('',(#1158),#8680,.F.);
#9284=ADVANCED_FACE('',(#1159),#8681,.F.);
#9285=ADVANCED_FACE('',(#1160),#8682,.F.);
#9286=ADVANCED_FACE('',(#1161),#8683,.F.);
#9287=ADVANCED_FACE('',(#1162),#8684,.F.);
#9288=ADVANCED_FACE('',(#1163),#8685,.T.);
#9289=ADVANCED_FACE('',(#1164),#8686,.F.);
#9290=ADVANCED_FACE('',(#1165),#8687,.F.);
#9291=ADVANCED_FACE('',(#1166),#8688,.F.);
#9292=ADVANCED_FACE('',(#1167),#8689,.F.);
#9293=ADVANCED_FACE('',(#1168),#8690,.F.);
#9294=ADVANCED_FACE('',(#1169),#8691,.T.);
#9295=ADVANCED_FACE('',(#1170),#8692,.F.);
#9296=ADVANCED_FACE('',(#1171),#8693,.F.);
#9297=ADVANCED_FACE('',(#1172),#8694,.F.);
#9298=ADVANCED_FACE('',(#1173),#8695,.F.);
#9299=ADVANCED_FACE('',(#1174),#8696,.F.);
#9300=ADVANCED_FACE('',(#1175),#8697,.T.);
#9301=ADVANCED_FACE('',(#1176),#8698,.F.);
#9302=ADVANCED_FACE('',(#1177),#8699,.F.);
#9303=ADVANCED_FACE('',(#1178),#8700,.F.);
#9304=ADVANCED_FACE('',(#1179),#8701,.F.);
#9305=ADVANCED_FACE('',(#1180),#8702,.F.);
#9306=ADVANCED_FACE('',(#1181),#8703,.T.);
#9307=ADVANCED_FACE('',(#1182),#8704,.F.);
#9308=ADVANCED_FACE('',(#1183),#8705,.F.);
#9309=ADVANCED_FACE('',(#1184),#8706,.F.);
#9310=ADVANCED_FACE('',(#1185),#8707,.F.);
#9311=ADVANCED_FACE('',(#1186),#8708,.F.);
#9312=ADVANCED_FACE('',(#1187),#8709,.T.);
#9313=ADVANCED_FACE('',(#1188),#8710,.F.);
#9314=ADVANCED_FACE('',(#1189),#8711,.F.);
#9315=ADVANCED_FACE('',(#1190),#8712,.F.);
#9316=ADVANCED_FACE('',(#1191),#8713,.F.);
#9317=ADVANCED_FACE('',(#1192),#8714,.F.);
#9318=ADVANCED_FACE('',(#1193),#8715,.T.);
#9319=ADVANCED_FACE('',(#1194),#8716,.F.);
#9320=ADVANCED_FACE('',(#1195),#8717,.F.);
#9321=ADVANCED_FACE('',(#1196),#8718,.F.);
#9322=ADVANCED_FACE('',(#1197),#8719,.F.);
#9323=ADVANCED_FACE('',(#1198),#8720,.F.);
#9324=ADVANCED_FACE('',(#1199),#8721,.T.);
#9325=ADVANCED_FACE('',(#1200),#8722,.F.);
#9326=ADVANCED_FACE('',(#1201),#8723,.F.);
#9327=ADVANCED_FACE('',(#1202),#8724,.F.);
#9328=ADVANCED_FACE('',(#1203),#8725,.F.);
#9329=ADVANCED_FACE('',(#1204),#8726,.F.);
#9330=ADVANCED_FACE('',(#1205),#8727,.T.);
#9331=ADVANCED_FACE('',(#1206),#8728,.F.);
#9332=ADVANCED_FACE('',(#1207),#8729,.F.);
#9333=ADVANCED_FACE('',(#1208),#8730,.F.);
#9334=ADVANCED_FACE('',(#1209),#8731,.F.);
#9335=ADVANCED_FACE('',(#1210),#8732,.F.);
#9336=ADVANCED_FACE('',(#1211),#8733,.T.);
#9337=ADVANCED_FACE('',(#1212),#8734,.F.);
#9338=ADVANCED_FACE('',(#1213),#8735,.F.);
#9339=ADVANCED_FACE('',(#1214),#8736,.F.);
#9340=ADVANCED_FACE('',(#1215),#8737,.F.);
#9341=ADVANCED_FACE('',(#1216),#8738,.F.);
#9342=ADVANCED_FACE('',(#1217),#8739,.T.);
#9343=ADVANCED_FACE('',(#1218),#8740,.F.);
#9344=ADVANCED_FACE('',(#1219),#8741,.F.);
#9345=ADVANCED_FACE('',(#1220),#8742,.F.);
#9346=ADVANCED_FACE('',(#1221),#8743,.F.);
#9347=ADVANCED_FACE('',(#1222),#8744,.F.);
#9348=ADVANCED_FACE('',(#1223),#406,.F.);
#9349=ADVANCED_FACE('',(#1224,#119),#8745,.T.);
#9350=ADVANCED_FACE('',(#1225,#120),#8746,.F.);
#9351=ADVANCED_FACE('',(#1226),#8747,.F.);
#9352=ADVANCED_FACE('',(#1227),#8748,.F.);
#9353=ADVANCED_FACE('',(#1228),#8749,.F.);
#9354=ADVANCED_FACE('',(#1229),#8750,.F.);
#9355=ADVANCED_FACE('',(#1230),#407,.F.);
#9356=ADVANCED_FACE('',(#1231,#121),#8751,.T.);
#9357=ADVANCED_FACE('',(#1232,#122),#8752,.F.);
#9358=ADVANCED_FACE('',(#1233),#8753,.F.);
#9359=ADVANCED_FACE('',(#1234),#8754,.F.);
#9360=ADVANCED_FACE('',(#1235),#8755,.F.);
#9361=ADVANCED_FACE('',(#1236),#8756,.F.);
#9362=ADVANCED_FACE('',(#1237),#408,.F.);
#9363=ADVANCED_FACE('',(#1238,#123),#8757,.T.);
#9364=ADVANCED_FACE('',(#1239,#124),#8758,.F.);
#9365=ADVANCED_FACE('',(#1240),#8759,.F.);
#9366=ADVANCED_FACE('',(#1241),#8760,.F.);
#9367=ADVANCED_FACE('',(#1242),#8761,.F.);
#9368=ADVANCED_FACE('',(#1243),#8762,.F.);
#9369=ADVANCED_FACE('',(#1244),#409,.F.);
#9370=ADVANCED_FACE('',(#1245,#125),#8763,.T.);
#9371=ADVANCED_FACE('',(#1246,#126),#8764,.F.);
#9372=ADVANCED_FACE('',(#1247),#8765,.F.);
#9373=ADVANCED_FACE('',(#1248),#8766,.F.);
#9374=ADVANCED_FACE('',(#1249),#8767,.F.);
#9375=ADVANCED_FACE('',(#1250),#8768,.F.);
#9376=ADVANCED_FACE('',(#1251),#8769,.T.);
#9377=ADVANCED_FACE('',(#1252),#8770,.F.);
#9378=ADVANCED_FACE('',(#1253),#8771,.F.);
#9379=ADVANCED_FACE('',(#1254),#8772,.F.);
#9380=ADVANCED_FACE('',(#1255),#8773,.F.);
#9381=ADVANCED_FACE('',(#1256),#8774,.F.);
#9382=ADVANCED_FACE('',(#1257),#410,.F.);
#9383=ADVANCED_FACE('',(#1258,#127),#8775,.T.);
#9384=ADVANCED_FACE('',(#1259,#128),#8776,.F.);
#9385=ADVANCED_FACE('',(#1260),#8777,.F.);
#9386=ADVANCED_FACE('',(#1261),#8778,.F.);
#9387=ADVANCED_FACE('',(#1262),#8779,.F.);
#9388=ADVANCED_FACE('',(#1263),#8780,.F.);
#9389=ADVANCED_FACE('',(#1264),#411,.F.);
#9390=ADVANCED_FACE('',(#1265),#412,.T.);
#9391=ADVANCED_FACE('',(#1266,#129),#8781,.T.);
#9392=ADVANCED_FACE('',(#1267,#130),#8782,.T.);
#9393=ADVANCED_FACE('',(#1268),#413,.F.);
#9394=ADVANCED_FACE('',(#1269),#414,.T.);
#9395=ADVANCED_FACE('',(#1270,#131),#8783,.T.);
#9396=ADVANCED_FACE('',(#1271,#132),#8784,.T.);
#9397=ADVANCED_FACE('',(#1272),#415,.F.);
#9398=ADVANCED_FACE('',(#1273,#133),#8785,.T.);
#9399=ADVANCED_FACE('',(#1274,#134),#8786,.F.);
#9400=ADVANCED_FACE('',(#1275),#8787,.F.);
#9401=ADVANCED_FACE('',(#1276),#8788,.F.);
#9402=ADVANCED_FACE('',(#1277),#8789,.F.);
#9403=ADVANCED_FACE('',(#1278),#8790,.F.);
#9404=ADVANCED_FACE('',(#1279),#416,.F.);
#9405=ADVANCED_FACE('',(#1280),#417,.T.);
#9406=ADVANCED_FACE('',(#1281,#135),#8791,.T.);
#9407=ADVANCED_FACE('',(#1282,#136),#8792,.T.);
#9408=ADVANCED_FACE('',(#1283),#418,.F.);
#9409=ADVANCED_FACE('',(#1284),#419,.T.);
#9410=ADVANCED_FACE('',(#1285,#137),#8793,.T.);
#9411=ADVANCED_FACE('',(#1286,#138),#8794,.T.);
#9412=ADVANCED_FACE('',(#1287),#420,.F.);
#9413=ADVANCED_FACE('',(#1288,#139),#8795,.T.);
#9414=ADVANCED_FACE('',(#1289,#140),#8796,.F.);
#9415=ADVANCED_FACE('',(#1290),#8797,.F.);
#9416=ADVANCED_FACE('',(#1291),#8798,.F.);
#9417=ADVANCED_FACE('',(#1292),#8799,.F.);
#9418=ADVANCED_FACE('',(#1293),#8800,.F.);
#9419=ADVANCED_FACE('',(#1294),#421,.F.);
#9420=ADVANCED_FACE('',(#1295),#422,.T.);
#9421=ADVANCED_FACE('',(#1296,#141),#8801,.T.);
#9422=ADVANCED_FACE('',(#1297,#142),#8802,.T.);
#9423=ADVANCED_FACE('',(#1298),#423,.F.);
#9424=ADVANCED_FACE('',(#1299),#424,.T.);
#9425=ADVANCED_FACE('',(#1300,#143),#8803,.T.);
#9426=ADVANCED_FACE('',(#1301,#144),#8804,.T.);
#9427=ADVANCED_FACE('',(#1302),#425,.F.);
#9428=ADVANCED_FACE('',(#1303,#145),#8805,.T.);
#9429=ADVANCED_FACE('',(#1304,#146),#8806,.F.);
#9430=ADVANCED_FACE('',(#1305),#8807,.F.);
#9431=ADVANCED_FACE('',(#1306),#8808,.F.);
#9432=ADVANCED_FACE('',(#1307),#8809,.F.);
#9433=ADVANCED_FACE('',(#1308),#8810,.F.);
#9434=ADVANCED_FACE('',(#1309),#426,.F.);
#9435=ADVANCED_FACE('',(#1310),#427,.T.);
#9436=ADVANCED_FACE('',(#1311,#147),#8811,.T.);
#9437=ADVANCED_FACE('',(#1312,#148),#8812,.T.);
#9438=ADVANCED_FACE('',(#1313),#428,.F.);
#9439=ADVANCED_FACE('',(#1314),#429,.T.);
#9440=ADVANCED_FACE('',(#1315,#149),#8813,.T.);
#9441=ADVANCED_FACE('',(#1316,#150),#8814,.T.);
#9442=CLOSED_SHELL('',(#8815,#8816,#8817,#8818,#8819,#8820));
#9443=CLOSED_SHELL('',(#8821,#8822,#8823,#8824,#8825,#8826));
#9444=CLOSED_SHELL('',(#8827,#8828,#8829,#8830,#8831,#8832));
#9445=CLOSED_SHELL('',(#8833,#8834,#8835));
#9446=CLOSED_SHELL('',(#8836,#8837,#8838,#8839,#8840,#8841));
#9447=CLOSED_SHELL('',(#8842,#8843,#8844,#8845,#8846,#8847));
#9448=CLOSED_SHELL('',(#8848,#8849,#8850,#8851,#8852,#8853));
#9449=CLOSED_SHELL('',(#8854,#8855,#8856));
#9450=CLOSED_SHELL('',(#8857,#8858,#8859));
#9451=CLOSED_SHELL('',(#8860,#8861,#8862,#8863,#8864,#8865));
#9452=CLOSED_SHELL('',(#8866,#8867,#8868));
#9453=CLOSED_SHELL('',(#8869,#8870,#8871));
#9454=CLOSED_SHELL('',(#8872,#8873,#8874,#8875,#8876,#8877));
#9455=CLOSED_SHELL('',(#8878,#8879,#8880));
#9456=CLOSED_SHELL('',(#8881,#8882,#8883));
#9457=CLOSED_SHELL('',(#8884,#8885,#8886,#8887,#8888,#8889));
#9458=CLOSED_SHELL('',(#8890,#8891,#8892,#8893,#8894,#8895));
#9459=CLOSED_SHELL('',(#8896,#8897,#8898,#8899,#8900,#8901));
#9460=CLOSED_SHELL('',(#8902,#8903,#8904,#8905,#8906,#8907));
#9461=CLOSED_SHELL('',(#8908,#8909,#8910,#8911,#8912,#8913));
#9462=CLOSED_SHELL('',(#8914,#8915,#8916,#8917,#8918,#8919));
#9463=CLOSED_SHELL('',(#8920,#8921,#8922,#8923,#8924,#8925));
#9464=CLOSED_SHELL('',(#8926,#8927,#8928,#8929,#8930,#8931));
#9465=CLOSED_SHELL('',(#8932,#8933,#8934,#8935,#8936,#8937));
#9466=CLOSED_SHELL('',(#8938,#8939,#8940,#8941,#8942,#8943));
#9467=CLOSED_SHELL('',(#8944,#8945,#8946,#8947,#8948,#8949));
#9468=CLOSED_SHELL('',(#8950,#8951,#8952,#8953,#8954,#8955));
#9469=CLOSED_SHELL('',(#8956,#8957,#8958,#8959,#8960,#8961));
#9470=CLOSED_SHELL('',(#8962,#8963,#8964,#8965,#8966,#8967));
#9471=CLOSED_SHELL('',(#8968,#8969,#8970,#8971,#8972,#8973));
#9472=CLOSED_SHELL('',(#8974,#8975,#8976,#8977,#8978,#8979));
#9473=CLOSED_SHELL('',(#8980,#8981,#8982,#8983,#8984,#8985));
#9474=CLOSED_SHELL('',(#8986,#8987,#8988,#8989,#8990,#8991));
#9475=CLOSED_SHELL('',(#8992,#8993,#8994,#8995,#8996,#8997));
#9476=CLOSED_SHELL('',(#8998,#8999,#9000,#9001,#9002,#9003));
#9477=CLOSED_SHELL('',(#9004,#9005,#9006,#9007,#9008,#9009));
#9478=CLOSED_SHELL('',(#9010,#9011,#9012,#9013,#9014,#9015));
#9479=CLOSED_SHELL('',(#9016,#9017,#9018,#9019,#9020,#9021));
#9480=CLOSED_SHELL('',(#9022,#9023,#9024,#9025,#9026,#9027));
#9481=CLOSED_SHELL('',(#9028,#9029,#9030,#9031,#9032,#9033));
#9482=CLOSED_SHELL('',(#9034,#9035,#9036,#9037,#9038,#9039));
#9483=CLOSED_SHELL('',(#9040,#9041,#9042,#9043,#9044,#9045));
#9484=CLOSED_SHELL('',(#9046,#9047,#9048,#9049,#9050,#9051));
#9485=CLOSED_SHELL('',(#9052,#9053,#9054,#9055,#9056,#9057));
#9486=CLOSED_SHELL('',(#9058,#9059,#9060,#9061,#9062,#9063,#9064,#9065,
#9066,#9067,#9068,#9069,#9070,#9071));
#9487=CLOSED_SHELL('',(#9072,#9073,#9074,#9075,#9076,#9077));
#9488=CLOSED_SHELL('',(#9078,#9079,#9080,#9081,#9082,#9083));
#9489=CLOSED_SHELL('',(#9084,#9085,#9086,#9087,#9088,#9089));
#9490=CLOSED_SHELL('',(#9090,#9091,#9092,#9093));
#9491=CLOSED_SHELL('',(#9094,#9095,#9096,#9097));
#9492=CLOSED_SHELL('',(#9098,#9099,#9100,#9101));
#9493=CLOSED_SHELL('',(#9102,#9103,#9104,#9105));
#9494=CLOSED_SHELL('',(#9106,#9107,#9108,#9109));
#9495=CLOSED_SHELL('',(#9110,#9111,#9112,#9113));
#9496=CLOSED_SHELL('',(#9114,#9115,#9116,#9117));
#9497=CLOSED_SHELL('',(#9118,#9119,#9120,#9121));
#9498=CLOSED_SHELL('',(#9122,#9123,#9124,#9125,#9126,#9127,#9128,#9129,
#9130,#9131));
#9499=CLOSED_SHELL('',(#9132,#9133,#9134,#9135,#9136,#9137,#9138,#9139,
#9140,#9141));
#9500=CLOSED_SHELL('',(#9142,#9143,#9144,#9145));
#9501=CLOSED_SHELL('',(#9146,#9147,#9148,#9149));
#9502=CLOSED_SHELL('',(#9150,#9151,#9152,#9153));
#9503=CLOSED_SHELL('',(#9154,#9155,#9156,#9157));
#9504=CLOSED_SHELL('',(#9158,#9159,#9160,#9161));
#9505=CLOSED_SHELL('',(#9162,#9163,#9164,#9165));
#9506=CLOSED_SHELL('',(#9166,#9167,#9168,#9169));
#9507=CLOSED_SHELL('',(#9170,#9171,#9172,#9173));
#9508=CLOSED_SHELL('',(#9174,#9175,#9176,#9177,#9178,#9179));
#9509=CLOSED_SHELL('',(#9180,#9181,#9182,#9183,#9184,#9185));
#9510=CLOSED_SHELL('',(#9186,#9187,#9188,#9189,#9190,#9191));
#9511=CLOSED_SHELL('',(#9192,#9193,#9194));
#9512=CLOSED_SHELL('',(#9195,#9196,#9197));
#9513=CLOSED_SHELL('',(#9198,#9199,#9200));
#9514=CLOSED_SHELL('',(#9201,#9202,#9203));
#9515=CLOSED_SHELL('',(#9204,#9205,#9206,#9207,#9208,#9209));
#9516=CLOSED_SHELL('',(#9210,#9211,#9212,#9213,#9214,#9215));
#9517=CLOSED_SHELL('',(#9216,#9217,#9218,#9219,#9220,#9221));
#9518=CLOSED_SHELL('',(#9222,#9223,#9224));
#9519=CLOSED_SHELL('',(#9225,#9226,#9227,#9228,#9229,#9230));
#9520=CLOSED_SHELL('',(#9231,#9232,#9233));
#9521=CLOSED_SHELL('',(#9234,#9235,#9236));
#9522=CLOSED_SHELL('',(#9237,#9238,#9239));
#9523=CLOSED_SHELL('',(#9240,#9241,#9242));
#9524=CLOSED_SHELL('',(#9243,#9244,#9245,#9246,#9247,#9248));
#9525=CLOSED_SHELL('',(#9249,#9250,#9251,#9252,#9253,#9254));
#9526=CLOSED_SHELL('',(#9255,#9256,#9257,#9258,#9259,#9260));
#9527=CLOSED_SHELL('',(#9261,#9262,#9263));
#9528=CLOSED_SHELL('',(#9264,#9265,#9266,#9267,#9268,#9269));
#9529=CLOSED_SHELL('',(#9270,#9271,#9272));
#9530=CLOSED_SHELL('',(#9273,#9274,#9275));
#9531=CLOSED_SHELL('',(#9276,#9277,#9278));
#9532=CLOSED_SHELL('',(#9279,#9280,#9281));
#9533=CLOSED_SHELL('',(#9282,#9283,#9284,#9285,#9286,#9287));
#9534=CLOSED_SHELL('',(#9288,#9289,#9290,#9291,#9292,#9293));
#9535=CLOSED_SHELL('',(#9294,#9295,#9296,#9297,#9298,#9299));
#9536=CLOSED_SHELL('',(#9300,#9301,#9302,#9303,#9304,#9305));
#9537=CLOSED_SHELL('',(#9306,#9307,#9308,#9309,#9310,#9311));
#9538=CLOSED_SHELL('',(#9312,#9313,#9314,#9315,#9316,#9317));
#9539=CLOSED_SHELL('',(#9318,#9319,#9320,#9321,#9322,#9323));
#9540=CLOSED_SHELL('',(#9324,#9325,#9326,#9327,#9328,#9329));
#9541=CLOSED_SHELL('',(#9330,#9331,#9332,#9333,#9334,#9335));
#9542=CLOSED_SHELL('',(#9336,#9337,#9338,#9339,#9340,#9341));
#9543=CLOSED_SHELL('',(#9342,#9343,#9344,#9345,#9346,#9347));
#9544=CLOSED_SHELL('',(#9348,#9349,#9350,#9351,#9352,#9353,#9354));
#9545=CLOSED_SHELL('',(#9355,#9356,#9357,#9358,#9359,#9360,#9361));
#9546=CLOSED_SHELL('',(#9362,#9363,#9364,#9365,#9366,#9367,#9368));
#9547=CLOSED_SHELL('',(#9369,#9370,#9371,#9372,#9373,#9374,#9375));
#9548=CLOSED_SHELL('',(#9376,#9377,#9378,#9379,#9380,#9381));
#9549=CLOSED_SHELL('',(#9382,#9383,#9384,#9385,#9386,#9387,#9388));
#9550=CLOSED_SHELL('',(#9389,#9390,#9391,#9392));
#9551=CLOSED_SHELL('',(#9393,#9394,#9395,#9396));
#9552=CLOSED_SHELL('',(#9397,#9398,#9399,#9400,#9401,#9402,#9403));
#9553=CLOSED_SHELL('',(#9404,#9405,#9406,#9407));
#9554=CLOSED_SHELL('',(#9408,#9409,#9410,#9411));
#9555=CLOSED_SHELL('',(#9412,#9413,#9414,#9415,#9416,#9417,#9418));
#9556=CLOSED_SHELL('',(#9419,#9420,#9421,#9422));
#9557=CLOSED_SHELL('',(#9423,#9424,#9425,#9426));
#9558=CLOSED_SHELL('',(#9427,#9428,#9429,#9430,#9431,#9432,#9433));
#9559=CLOSED_SHELL('',(#9434,#9435,#9436,#9437));
#9560=CLOSED_SHELL('',(#9438,#9439,#9440,#9441));
#9561=DERIVED_UNIT_ELEMENT(#9583,1.);
#9562=DERIVED_UNIT_ELEMENT(#15794,-3.);
#9563=DERIVED_UNIT_ELEMENT(#9583,1.);
#9564=DERIVED_UNIT_ELEMENT(#15794,-3.);
#9565=DERIVED_UNIT_ELEMENT(#9583,1.);
#9566=DERIVED_UNIT_ELEMENT(#15794,-3.);
#9567=DERIVED_UNIT_ELEMENT(#9583,1.);
#9568=DERIVED_UNIT_ELEMENT(#15794,-3.);
#9569=DERIVED_UNIT_ELEMENT(#9583,1.);
#9570=DERIVED_UNIT_ELEMENT(#15794,-3.);
#9571=DERIVED_UNIT_ELEMENT(#9583,1.);
#9572=DERIVED_UNIT_ELEMENT(#15794,-3.);
#9573=DERIVED_UNIT_ELEMENT(#9583,1.);
#9574=DERIVED_UNIT_ELEMENT(#15794,-3.);
#9575=DERIVED_UNIT_ELEMENT(#9583,1.);
#9576=DERIVED_UNIT_ELEMENT(#15794,-3.);
#9577=DERIVED_UNIT_ELEMENT(#9583,1.);
#9578=DERIVED_UNIT_ELEMENT(#15794,-3.);
#9579=DERIVED_UNIT_ELEMENT(#9583,1.);
#9580=DERIVED_UNIT_ELEMENT(#15794,-3.);
#9581=DERIVED_UNIT_ELEMENT(#9583,1.);
#9582=DERIVED_UNIT_ELEMENT(#15794,-3.);
#9583=(
MASS_UNIT()
NAMED_UNIT(*)
SI_UNIT(.KILO.,.GRAM.)
);
#9584=DERIVED_UNIT((#9561,#9562));
#9585=DERIVED_UNIT((#9563,#9564));
#9586=DERIVED_UNIT((#9565,#9566));
#9587=DERIVED_UNIT((#9567,#9568));
#9588=DERIVED_UNIT((#9569,#9570));
#9589=DERIVED_UNIT((#9571,#9572));
#9590=DERIVED_UNIT((#9573,#9574));
#9591=DERIVED_UNIT((#9575,#9576));
#9592=DERIVED_UNIT((#9577,#9578));
#9593=DERIVED_UNIT((#9579,#9580));
#9594=DERIVED_UNIT((#9581,#9582));
#9595=MEASURE_REPRESENTATION_ITEM('density measure',
POSITIVE_RATIO_MEASURE(7850.),#9584);
#9596=MEASURE_REPRESENTATION_ITEM('density measure',
POSITIVE_RATIO_MEASURE(7850.),#9585);
#9597=MEASURE_REPRESENTATION_ITEM('density measure',
POSITIVE_RATIO_MEASURE(7850.),#9586);
#9598=MEASURE_REPRESENTATION_ITEM('density measure',
POSITIVE_RATIO_MEASURE(7850.),#9587);
#9599=MEASURE_REPRESENTATION_ITEM('density measure',
POSITIVE_RATIO_MEASURE(7850.),#9588);
#9600=MEASURE_REPRESENTATION_ITEM('density measure',
POSITIVE_RATIO_MEASURE(7850.),#9589);
#9601=MEASURE_REPRESENTATION_ITEM('density measure',
POSITIVE_RATIO_MEASURE(7850.),#9590);
#9602=MEASURE_REPRESENTATION_ITEM('density measure',
POSITIVE_RATIO_MEASURE(7850.),#9591);
#9603=MEASURE_REPRESENTATION_ITEM('density measure',
POSITIVE_RATIO_MEASURE(7850.),#9592);
#9604=MEASURE_REPRESENTATION_ITEM('density measure',
POSITIVE_RATIO_MEASURE(7850.),#9593);
#9605=MEASURE_REPRESENTATION_ITEM('density measure',
POSITIVE_RATIO_MEASURE(7850.),#9594);
#9606=PROPERTY_DEFINITION_REPRESENTATION(#9661,#9628);
#9607=PROPERTY_DEFINITION_REPRESENTATION(#9662,#9629);
#9608=PROPERTY_DEFINITION_REPRESENTATION(#9663,#9630);
#9609=PROPERTY_DEFINITION_REPRESENTATION(#9664,#9631);
#9610=PROPERTY_DEFINITION_REPRESENTATION(#9665,#9632);
#9611=PROPERTY_DEFINITION_REPRESENTATION(#9666,#9633);
#9612=PROPERTY_DEFINITION_REPRESENTATION(#9667,#9634);
#9613=PROPERTY_DEFINITION_REPRESENTATION(#9668,#9635);
#9614=PROPERTY_DEFINITION_REPRESENTATION(#9669,#9636);
#9615=PROPERTY_DEFINITION_REPRESENTATION(#9670,#9637);
#9616=PROPERTY_DEFINITION_REPRESENTATION(#9671,#9638);
#9617=PROPERTY_DEFINITION_REPRESENTATION(#9672,#9639);
#9618=PROPERTY_DEFINITION_REPRESENTATION(#9673,#9640);
#9619=PROPERTY_DEFINITION_REPRESENTATION(#9674,#9641);
#9620=PROPERTY_DEFINITION_REPRESENTATION(#9675,#9642);
#9621=PROPERTY_DEFINITION_REPRESENTATION(#9676,#9643);
#9622=PROPERTY_DEFINITION_REPRESENTATION(#9677,#9644);
#9623=PROPERTY_DEFINITION_REPRESENTATION(#9678,#9645);
#9624=PROPERTY_DEFINITION_REPRESENTATION(#9679,#9646);
#9625=PROPERTY_DEFINITION_REPRESENTATION(#9680,#9647);
#9626=PROPERTY_DEFINITION_REPRESENTATION(#9681,#9648);
#9627=PROPERTY_DEFINITION_REPRESENTATION(#9682,#9649);
#9628=REPRESENTATION('material name',(#9650),#15781);
#9629=REPRESENTATION('density',(#9595),#15781);
#9630=REPRESENTATION('material name',(#9651),#15782);
#9631=REPRESENTATION('density',(#9596),#15782);
#9632=REPRESENTATION('material name',(#9652),#15783);
#9633=REPRESENTATION('density',(#9597),#15783);
#9634=REPRESENTATION('material name',(#9653),#15784);
#9635=REPRESENTATION('density',(#9598),#15784);
#9636=REPRESENTATION('material name',(#9654),#15785);
#9637=REPRESENTATION('density',(#9599),#15785);
#9638=REPRESENTATION('material name',(#9655),#15786);
#9639=REPRESENTATION('density',(#9600),#15786);
#9640=REPRESENTATION('material name',(#9656),#15787);
#9641=REPRESENTATION('density',(#9601),#15787);
#9642=REPRESENTATION('material name',(#9657),#15788);
#9643=REPRESENTATION('density',(#9602),#15788);
#9644=REPRESENTATION('material name',(#9658),#15789);
#9645=REPRESENTATION('density',(#9603),#15789);
#9646=REPRESENTATION('material name',(#9659),#15790);
#9647=REPRESENTATION('density',(#9604),#15790);
#9648=REPRESENTATION('material name',(#9660),#15791);
#9649=REPRESENTATION('density',(#9605),#15791);
#9650=DESCRIPTIVE_REPRESENTATION_ITEM('\X2\94A2\X0\','\X2\94A2\X0\');
#9651=DESCRIPTIVE_REPRESENTATION_ITEM('\X2\94A2\X0\','\X2\94A2\X0\');
#9652=DESCRIPTIVE_REPRESENTATION_ITEM('\X2\94A2\X0\','\X2\94A2\X0\');
#9653=DESCRIPTIVE_REPRESENTATION_ITEM('\X2\94A2\X0\','\X2\94A2\X0\');
#9654=DESCRIPTIVE_REPRESENTATION_ITEM('\X2\94A2\X0\','\X2\94A2\X0\');
#9655=DESCRIPTIVE_REPRESENTATION_ITEM('\X2\94A2\X0\','\X2\94A2\X0\');
#9656=DESCRIPTIVE_REPRESENTATION_ITEM('\X2\94A2\X0\','\X2\94A2\X0\');
#9657=DESCRIPTIVE_REPRESENTATION_ITEM('\X2\94A2\X0\','\X2\94A2\X0\');
#9658=DESCRIPTIVE_REPRESENTATION_ITEM('\X2\94A2\X0\','\X2\94A2\X0\');
#9659=DESCRIPTIVE_REPRESENTATION_ITEM('\X2\94A2\X0\','\X2\94A2\X0\');
#9660=DESCRIPTIVE_REPRESENTATION_ITEM('\X2\94A2\X0\','\X2\94A2\X0\');
#9661=PROPERTY_DEFINITION('material property','material name',#15846);
#9662=PROPERTY_DEFINITION('material property','density of part',#15846);
#9663=PROPERTY_DEFINITION('material property','material name',#15847);
#9664=PROPERTY_DEFINITION('material property','density of part',#15847);
#9665=PROPERTY_DEFINITION('material property','material name',#15848);
#9666=PROPERTY_DEFINITION('material property','density of part',#15848);
#9667=PROPERTY_DEFINITION('material property','material name',#15849);
#9668=PROPERTY_DEFINITION('material property','density of part',#15849);
#9669=PROPERTY_DEFINITION('material property','material name',#15850);
#9670=PROPERTY_DEFINITION('material property','density of part',#15850);
#9671=PROPERTY_DEFINITION('material property','material name',#15851);
#9672=PROPERTY_DEFINITION('material property','density of part',#15851);
#9673=PROPERTY_DEFINITION('material property','material name',#15852);
#9674=PROPERTY_DEFINITION('material property','density of part',#15852);
#9675=PROPERTY_DEFINITION('material property','material name',#15853);
#9676=PROPERTY_DEFINITION('material property','density of part',#15853);
#9677=PROPERTY_DEFINITION('material property','material name',#15854);
#9678=PROPERTY_DEFINITION('material property','density of part',#15854);
#9679=PROPERTY_DEFINITION('material property','material name',#15855);
#9680=PROPERTY_DEFINITION('material property','density of part',#15855);
#9681=PROPERTY_DEFINITION('material property','material name',#15856);
#9682=PROPERTY_DEFINITION('material property','density of part',#15856);
#9683=AXIS2_PLACEMENT_3D('',#13172,#10519,#10520);
#9684=AXIS2_PLACEMENT_3D('',#13173,#10521,#10522);
#9685=AXIS2_PLACEMENT_3D('',#13174,#10523,#10524);
#9686=AXIS2_PLACEMENT_3D('',#13183,#10529,#10530);
#9687=AXIS2_PLACEMENT_3D('',#13192,#10535,#10536);
#9688=AXIS2_PLACEMENT_3D('',#13195,#10539,#10540);
#9689=AXIS2_PLACEMENT_3D('',#13197,#10542,#10543);
#9690=AXIS2_PLACEMENT_3D('',#13199,#10545,#10546);
#9691=AXIS2_PLACEMENT_3D('',#13200,#10547,#10548);
#9692=AXIS2_PLACEMENT_3D('',#13209,#10553,#10554);
#9693=AXIS2_PLACEMENT_3D('',#13218,#10559,#10560);
#9694=AXIS2_PLACEMENT_3D('',#13221,#10563,#10564);
#9695=AXIS2_PLACEMENT_3D('',#13223,#10566,#10567);
#9696=AXIS2_PLACEMENT_3D('',#13225,#10569,#10570);
#9697=AXIS2_PLACEMENT_3D('',#13226,#10571,#10572);
#9698=AXIS2_PLACEMENT_3D('',#13235,#10577,#10578);
#9699=AXIS2_PLACEMENT_3D('',#13244,#10583,#10584);
#9700=AXIS2_PLACEMENT_3D('',#13247,#10587,#10588);
#9701=AXIS2_PLACEMENT_3D('',#13249,#10590,#10591);
#9702=AXIS2_PLACEMENT_3D('',#13251,#10593,#10594);
#9703=AXIS2_PLACEMENT_3D('',#13252,#10595,#10596);
#9704=AXIS2_PLACEMENT_3D('',#13253,#10597,#10598);
#9705=AXIS2_PLACEMENT_3D('',#13255,#10599,#10600);
#9706=AXIS2_PLACEMENT_3D('',#13258,#10602,#10603);
#9707=AXIS2_PLACEMENT_3D('',#13259,#10604,#10605);
#9708=AXIS2_PLACEMENT_3D('',#13260,#10606,#10607);
#9709=AXIS2_PLACEMENT_3D('',#13261,#10608,#10609);
#9710=AXIS2_PLACEMENT_3D('',#13270,#10614,#10615);
#9711=AXIS2_PLACEMENT_3D('',#13279,#10620,#10621);
#9712=AXIS2_PLACEMENT_3D('',#13282,#10624,#10625);
#9713=AXIS2_PLACEMENT_3D('',#13284,#10627,#10628);
#9714=AXIS2_PLACEMENT_3D('',#13286,#10630,#10631);
#9715=AXIS2_PLACEMENT_3D('',#13287,#10632,#10633);
#9716=AXIS2_PLACEMENT_3D('',#13296,#10638,#10639);
#9717=AXIS2_PLACEMENT_3D('',#13305,#10644,#10645);
#9718=AXIS2_PLACEMENT_3D('',#13308,#10648,#10649);
#9719=AXIS2_PLACEMENT_3D('',#13310,#10651,#10652);
#9720=AXIS2_PLACEMENT_3D('',#13312,#10654,#10655);
#9721=AXIS2_PLACEMENT_3D('',#13313,#10656,#10657);
#9722=AXIS2_PLACEMENT_3D('',#13314,#10658,#10659);
#9723=AXIS2_PLACEMENT_3D('',#13323,#10664,#10665);
#9724=AXIS2_PLACEMENT_3D('',#13332,#10670,#10671);
#9725=AXIS2_PLACEMENT_3D('',#13335,#10674,#10675);
#9726=AXIS2_PLACEMENT_3D('',#13337,#10677,#10678);
#9727=AXIS2_PLACEMENT_3D('',#13339,#10680,#10681);
#9728=AXIS2_PLACEMENT_3D('',#13340,#10682,#10683);
#9729=AXIS2_PLACEMENT_3D('',#13342,#10684,#10685);
#9730=AXIS2_PLACEMENT_3D('',#13345,#10687,#10688);
#9731=AXIS2_PLACEMENT_3D('',#13346,#10689,#10690);
#9732=AXIS2_PLACEMENT_3D('',#13347,#10691,#10692);
#9733=AXIS2_PLACEMENT_3D('',#13348,#10693,#10694);
#9734=AXIS2_PLACEMENT_3D('',#13350,#10695,#10696);
#9735=AXIS2_PLACEMENT_3D('',#13353,#10698,#10699);
#9736=AXIS2_PLACEMENT_3D('',#13354,#10700,#10701);
#9737=AXIS2_PLACEMENT_3D('',#13355,#10702,#10703);
#9738=AXIS2_PLACEMENT_3D('',#13356,#10704,#10705);
#9739=AXIS2_PLACEMENT_3D('',#13365,#10710,#10711);
#9740=AXIS2_PLACEMENT_3D('',#13374,#10716,#10717);
#9741=AXIS2_PLACEMENT_3D('',#13377,#10720,#10721);
#9742=AXIS2_PLACEMENT_3D('',#13379,#10723,#10724);
#9743=AXIS2_PLACEMENT_3D('',#13381,#10726,#10727);
#9744=AXIS2_PLACEMENT_3D('',#13382,#10728,#10729);
#9745=AXIS2_PLACEMENT_3D('',#13384,#10730,#10731);
#9746=AXIS2_PLACEMENT_3D('',#13387,#10733,#10734);
#9747=AXIS2_PLACEMENT_3D('',#13388,#10735,#10736);
#9748=AXIS2_PLACEMENT_3D('',#13389,#10737,#10738);
#9749=AXIS2_PLACEMENT_3D('',#13390,#10739,#10740);
#9750=AXIS2_PLACEMENT_3D('',#13392,#10741,#10742);
#9751=AXIS2_PLACEMENT_3D('',#13395,#10744,#10745);
#9752=AXIS2_PLACEMENT_3D('',#13396,#10746,#10747);
#9753=AXIS2_PLACEMENT_3D('',#13397,#10748,#10749);
#9754=AXIS2_PLACEMENT_3D('',#13398,#10750,#10751);
#9755=AXIS2_PLACEMENT_3D('',#13407,#10756,#10757);
#9756=AXIS2_PLACEMENT_3D('',#13416,#10762,#10763);
#9757=AXIS2_PLACEMENT_3D('',#13419,#10766,#10767);
#9758=AXIS2_PLACEMENT_3D('',#13421,#10769,#10770);
#9759=AXIS2_PLACEMENT_3D('',#13423,#10772,#10773);
#9760=AXIS2_PLACEMENT_3D('',#13424,#10774,#10775);
#9761=AXIS2_PLACEMENT_3D('',#13426,#10776,#10777);
#9762=AXIS2_PLACEMENT_3D('',#13429,#10779,#10780);
#9763=AXIS2_PLACEMENT_3D('',#13430,#10781,#10782);
#9764=AXIS2_PLACEMENT_3D('',#13431,#10783,#10784);
#9765=AXIS2_PLACEMENT_3D('',#13432,#10785,#10786);
#9766=AXIS2_PLACEMENT_3D('',#13434,#10787,#10788);
#9767=AXIS2_PLACEMENT_3D('',#13437,#10790,#10791);
#9768=AXIS2_PLACEMENT_3D('',#13438,#10792,#10793);
#9769=AXIS2_PLACEMENT_3D('',#13439,#10794,#10795);
#9770=AXIS2_PLACEMENT_3D('',#13440,#10796,#10797);
#9771=AXIS2_PLACEMENT_3D('',#13441,#10798,#10799);
#9772=AXIS2_PLACEMENT_3D('',#13450,#10804,#10805);
#9773=AXIS2_PLACEMENT_3D('',#13459,#10810,#10811);
#9774=AXIS2_PLACEMENT_3D('',#13462,#10814,#10815);
#9775=AXIS2_PLACEMENT_3D('',#13464,#10817,#10818);
#9776=AXIS2_PLACEMENT_3D('',#13466,#10820,#10821);
#9777=AXIS2_PLACEMENT_3D('',#13467,#10822,#10823);
#9778=AXIS2_PLACEMENT_3D('',#13476,#10828,#10829);
#9779=AXIS2_PLACEMENT_3D('',#13485,#10834,#10835);
#9780=AXIS2_PLACEMENT_3D('',#13488,#10838,#10839);
#9781=AXIS2_PLACEMENT_3D('',#13490,#10841,#10842);
#9782=AXIS2_PLACEMENT_3D('',#13492,#10844,#10845);
#9783=AXIS2_PLACEMENT_3D('',#13493,#10846,#10847);
#9784=AXIS2_PLACEMENT_3D('',#13502,#10852,#10853);
#9785=AXIS2_PLACEMENT_3D('',#13511,#10858,#10859);
#9786=AXIS2_PLACEMENT_3D('',#13514,#10862,#10863);
#9787=AXIS2_PLACEMENT_3D('',#13516,#10865,#10866);
#9788=AXIS2_PLACEMENT_3D('',#13518,#10868,#10869);
#9789=AXIS2_PLACEMENT_3D('',#13519,#10870,#10871);
#9790=AXIS2_PLACEMENT_3D('',#13528,#10876,#10877);
#9791=AXIS2_PLACEMENT_3D('',#13537,#10882,#10883);
#9792=AXIS2_PLACEMENT_3D('',#13540,#10886,#10887);
#9793=AXIS2_PLACEMENT_3D('',#13542,#10889,#10890);
#9794=AXIS2_PLACEMENT_3D('',#13544,#10892,#10893);
#9795=AXIS2_PLACEMENT_3D('',#13545,#10894,#10895);
#9796=AXIS2_PLACEMENT_3D('',#13554,#10900,#10901);
#9797=AXIS2_PLACEMENT_3D('',#13563,#10906,#10907);
#9798=AXIS2_PLACEMENT_3D('',#13566,#10910,#10911);
#9799=AXIS2_PLACEMENT_3D('',#13568,#10913,#10914);
#9800=AXIS2_PLACEMENT_3D('',#13570,#10916,#10917);
#9801=AXIS2_PLACEMENT_3D('',#13571,#10918,#10919);
#9802=AXIS2_PLACEMENT_3D('',#13580,#10924,#10925);
#9803=AXIS2_PLACEMENT_3D('',#13589,#10930,#10931);
#9804=AXIS2_PLACEMENT_3D('',#13592,#10934,#10935);
#9805=AXIS2_PLACEMENT_3D('',#13594,#10937,#10938);
#9806=AXIS2_PLACEMENT_3D('',#13596,#10940,#10941);
#9807=AXIS2_PLACEMENT_3D('',#13597,#10942,#10943);
#9808=AXIS2_PLACEMENT_3D('',#13606,#10948,#10949);
#9809=AXIS2_PLACEMENT_3D('',#13615,#10954,#10955);
#9810=AXIS2_PLACEMENT_3D('',#13618,#10958,#10959);
#9811=AXIS2_PLACEMENT_3D('',#13620,#10961,#10962);
#9812=AXIS2_PLACEMENT_3D('',#13622,#10964,#10965);
#9813=AXIS2_PLACEMENT_3D('',#13623,#10966,#10967);
#9814=AXIS2_PLACEMENT_3D('',#13632,#10972,#10973);
#9815=AXIS2_PLACEMENT_3D('',#13641,#10978,#10979);
#9816=AXIS2_PLACEMENT_3D('',#13644,#10982,#10983);
#9817=AXIS2_PLACEMENT_3D('',#13646,#10985,#10986);
#9818=AXIS2_PLACEMENT_3D('',#13648,#10988,#10989);
#9819=AXIS2_PLACEMENT_3D('',#13649,#10990,#10991);
#9820=AXIS2_PLACEMENT_3D('',#13658,#10996,#10997);
#9821=AXIS2_PLACEMENT_3D('',#13667,#11002,#11003);
#9822=AXIS2_PLACEMENT_3D('',#13670,#11006,#11007);
#9823=AXIS2_PLACEMENT_3D('',#13672,#11009,#11010);
#9824=AXIS2_PLACEMENT_3D('',#13674,#11012,#11013);
#9825=AXIS2_PLACEMENT_3D('',#13675,#11014,#11015);
#9826=AXIS2_PLACEMENT_3D('',#13684,#11020,#11021);
#9827=AXIS2_PLACEMENT_3D('',#13693,#11026,#11027);
#9828=AXIS2_PLACEMENT_3D('',#13696,#11030,#11031);
#9829=AXIS2_PLACEMENT_3D('',#13698,#11033,#11034);
#9830=AXIS2_PLACEMENT_3D('',#13700,#11036,#11037);
#9831=AXIS2_PLACEMENT_3D('',#13701,#11038,#11039);
#9832=AXIS2_PLACEMENT_3D('',#13710,#11044,#11045);
#9833=AXIS2_PLACEMENT_3D('',#13719,#11050,#11051);
#9834=AXIS2_PLACEMENT_3D('',#13722,#11054,#11055);
#9835=AXIS2_PLACEMENT_3D('',#13724,#11057,#11058);
#9836=AXIS2_PLACEMENT_3D('',#13726,#11060,#11061);
#9837=AXIS2_PLACEMENT_3D('',#13727,#11062,#11063);
#9838=AXIS2_PLACEMENT_3D('',#13728,#11064,#11065);
#9839=AXIS2_PLACEMENT_3D('',#13737,#11070,#11071);
#9840=AXIS2_PLACEMENT_3D('',#13746,#11076,#11077);
#9841=AXIS2_PLACEMENT_3D('',#13749,#11080,#11081);
#9842=AXIS2_PLACEMENT_3D('',#13751,#11083,#11084);
#9843=AXIS2_PLACEMENT_3D('',#13753,#11086,#11087);
#9844=AXIS2_PLACEMENT_3D('',#13754,#11088,#11089);
#9845=AXIS2_PLACEMENT_3D('',#13763,#11094,#11095);
#9846=AXIS2_PLACEMENT_3D('',#13772,#11100,#11101);
#9847=AXIS2_PLACEMENT_3D('',#13775,#11104,#11105);
#9848=AXIS2_PLACEMENT_3D('',#13777,#11107,#11108);
#9849=AXIS2_PLACEMENT_3D('',#13779,#11110,#11111);
#9850=AXIS2_PLACEMENT_3D('',#13780,#11112,#11113);
#9851=AXIS2_PLACEMENT_3D('',#13789,#11118,#11119);
#9852=AXIS2_PLACEMENT_3D('',#13798,#11124,#11125);
#9853=AXIS2_PLACEMENT_3D('',#13801,#11128,#11129);
#9854=AXIS2_PLACEMENT_3D('',#13803,#11131,#11132);
#9855=AXIS2_PLACEMENT_3D('',#13805,#11134,#11135);
#9856=AXIS2_PLACEMENT_3D('',#13806,#11136,#11137);
#9857=AXIS2_PLACEMENT_3D('',#13815,#11142,#11143);
#9858=AXIS2_PLACEMENT_3D('',#13824,#11148,#11149);
#9859=AXIS2_PLACEMENT_3D('',#13827,#11152,#11153);
#9860=AXIS2_PLACEMENT_3D('',#13829,#11155,#11156);
#9861=AXIS2_PLACEMENT_3D('',#13831,#11158,#11159);
#9862=AXIS2_PLACEMENT_3D('',#13832,#11160,#11161);
#9863=AXIS2_PLACEMENT_3D('',#13841,#11166,#11167);
#9864=AXIS2_PLACEMENT_3D('',#13850,#11172,#11173);
#9865=AXIS2_PLACEMENT_3D('',#13853,#11176,#11177);
#9866=AXIS2_PLACEMENT_3D('',#13855,#11179,#11180);
#9867=AXIS2_PLACEMENT_3D('',#13857,#11182,#11183);
#9868=AXIS2_PLACEMENT_3D('',#13858,#11184,#11185);
#9869=AXIS2_PLACEMENT_3D('',#13867,#11190,#11191);
#9870=AXIS2_PLACEMENT_3D('',#13876,#11196,#11197);
#9871=AXIS2_PLACEMENT_3D('',#13879,#11200,#11201);
#9872=AXIS2_PLACEMENT_3D('',#13881,#11203,#11204);
#9873=AXIS2_PLACEMENT_3D('',#13883,#11206,#11207);
#9874=AXIS2_PLACEMENT_3D('',#13884,#11208,#11209);
#9875=AXIS2_PLACEMENT_3D('',#13893,#11214,#11215);
#9876=AXIS2_PLACEMENT_3D('',#13902,#11220,#11221);
#9877=AXIS2_PLACEMENT_3D('',#13905,#11224,#11225);
#9878=AXIS2_PLACEMENT_3D('',#13907,#11227,#11228);
#9879=AXIS2_PLACEMENT_3D('',#13909,#11230,#11231);
#9880=AXIS2_PLACEMENT_3D('',#13910,#11232,#11233);
#9881=AXIS2_PLACEMENT_3D('',#13919,#11238,#11239);
#9882=AXIS2_PLACEMENT_3D('',#13928,#11244,#11245);
#9883=AXIS2_PLACEMENT_3D('',#13931,#11248,#11249);
#9884=AXIS2_PLACEMENT_3D('',#13933,#11251,#11252);
#9885=AXIS2_PLACEMENT_3D('',#13935,#11254,#11255);
#9886=AXIS2_PLACEMENT_3D('',#13936,#11256,#11257);
#9887=AXIS2_PLACEMENT_3D('',#13937,#11258,#11259);
#9888=AXIS2_PLACEMENT_3D('',#13946,#11264,#11265);
#9889=AXIS2_PLACEMENT_3D('',#13955,#11270,#11271);
#9890=AXIS2_PLACEMENT_3D('',#13958,#11274,#11275);
#9891=AXIS2_PLACEMENT_3D('',#13960,#11277,#11278);
#9892=AXIS2_PLACEMENT_3D('',#13962,#11280,#11281);
#9893=AXIS2_PLACEMENT_3D('',#13963,#11282,#11283);
#9894=AXIS2_PLACEMENT_3D('',#13972,#11288,#11289);
#9895=AXIS2_PLACEMENT_3D('',#13981,#11294,#11295);
#9896=AXIS2_PLACEMENT_3D('',#13984,#11298,#11299);
#9897=AXIS2_PLACEMENT_3D('',#13986,#11301,#11302);
#9898=AXIS2_PLACEMENT_3D('',#13988,#11304,#11305);
#9899=AXIS2_PLACEMENT_3D('',#13989,#11306,#11307);
#9900=AXIS2_PLACEMENT_3D('',#13998,#11312,#11313);
#9901=AXIS2_PLACEMENT_3D('',#14007,#11318,#11319);
#9902=AXIS2_PLACEMENT_3D('',#14010,#11322,#11323);
#9903=AXIS2_PLACEMENT_3D('',#14012,#11325,#11326);
#9904=AXIS2_PLACEMENT_3D('',#14014,#11328,#11329);
#9905=AXIS2_PLACEMENT_3D('',#14015,#11330,#11331);
#9906=AXIS2_PLACEMENT_3D('',#14024,#11336,#11337);
#9907=AXIS2_PLACEMENT_3D('',#14033,#11342,#11343);
#9908=AXIS2_PLACEMENT_3D('',#14036,#11346,#11347);
#9909=AXIS2_PLACEMENT_3D('',#14038,#11349,#11350);
#9910=AXIS2_PLACEMENT_3D('',#14040,#11352,#11353);
#9911=AXIS2_PLACEMENT_3D('',#14041,#11354,#11355);
#9912=AXIS2_PLACEMENT_3D('',#14050,#11360,#11361);
#9913=AXIS2_PLACEMENT_3D('',#14059,#11366,#11367);
#9914=AXIS2_PLACEMENT_3D('',#14062,#11370,#11371);
#9915=AXIS2_PLACEMENT_3D('',#14064,#11373,#11374);
#9916=AXIS2_PLACEMENT_3D('',#14066,#11376,#11377);
#9917=AXIS2_PLACEMENT_3D('',#14067,#11378,#11379);
#9918=AXIS2_PLACEMENT_3D('',#14076,#11384,#11385);
#9919=AXIS2_PLACEMENT_3D('',#14085,#11390,#11391);
#9920=AXIS2_PLACEMENT_3D('',#14088,#11394,#11395);
#9921=AXIS2_PLACEMENT_3D('',#14090,#11397,#11398);
#9922=AXIS2_PLACEMENT_3D('',#14092,#11400,#11401);
#9923=AXIS2_PLACEMENT_3D('',#14093,#11402,#11403);
#9924=AXIS2_PLACEMENT_3D('',#14102,#11408,#11409);
#9925=AXIS2_PLACEMENT_3D('',#14111,#11414,#11415);
#9926=AXIS2_PLACEMENT_3D('',#14114,#11418,#11419);
#9927=AXIS2_PLACEMENT_3D('',#14116,#11421,#11422);
#9928=AXIS2_PLACEMENT_3D('',#14118,#11424,#11425);
#9929=AXIS2_PLACEMENT_3D('',#14119,#11426,#11427);
#9930=AXIS2_PLACEMENT_3D('',#14128,#11432,#11433);
#9931=AXIS2_PLACEMENT_3D('',#14137,#11438,#11439);
#9932=AXIS2_PLACEMENT_3D('',#14140,#11442,#11443);
#9933=AXIS2_PLACEMENT_3D('',#14142,#11445,#11446);
#9934=AXIS2_PLACEMENT_3D('',#14144,#11448,#11449);
#9935=AXIS2_PLACEMENT_3D('',#14145,#11450,#11451);
#9936=AXIS2_PLACEMENT_3D('',#14154,#11456,#11457);
#9937=AXIS2_PLACEMENT_3D('',#14163,#11462,#11463);
#9938=AXIS2_PLACEMENT_3D('',#14166,#11466,#11467);
#9939=AXIS2_PLACEMENT_3D('',#14168,#11469,#11470);
#9940=AXIS2_PLACEMENT_3D('',#14170,#11472,#11473);
#9941=AXIS2_PLACEMENT_3D('',#14171,#11474,#11475);
#9942=AXIS2_PLACEMENT_3D('',#14180,#11480,#11481);
#9943=AXIS2_PLACEMENT_3D('',#14189,#11486,#11487);
#9944=AXIS2_PLACEMENT_3D('',#14192,#11490,#11491);
#9945=AXIS2_PLACEMENT_3D('',#14194,#11493,#11494);
#9946=AXIS2_PLACEMENT_3D('',#14196,#11496,#11497);
#9947=AXIS2_PLACEMENT_3D('',#14197,#11498,#11499);
#9948=AXIS2_PLACEMENT_3D('',#14198,#11500,#11501);
#9949=AXIS2_PLACEMENT_3D('',#14200,#11502,#11503);
#9950=AXIS2_PLACEMENT_3D('',#14203,#11505,#11506);
#9951=AXIS2_PLACEMENT_3D('',#14204,#11507,#11508);
#9952=AXIS2_PLACEMENT_3D('',#14206,#11509,#11510);
#9953=AXIS2_PLACEMENT_3D('',#14209,#11512,#11513);
#9954=AXIS2_PLACEMENT_3D('',#14210,#11514,#11515);
#9955=AXIS2_PLACEMENT_3D('',#14212,#11516,#11517);
#9956=AXIS2_PLACEMENT_3D('',#14215,#11519,#11520);
#9957=AXIS2_PLACEMENT_3D('',#14216,#11521,#11522);
#9958=AXIS2_PLACEMENT_3D('',#14218,#11523,#11524);
#9959=AXIS2_PLACEMENT_3D('',#14221,#11526,#11527);
#9960=AXIS2_PLACEMENT_3D('',#14222,#11528,#11529);
#9961=AXIS2_PLACEMENT_3D('',#14224,#11530,#11531);
#9962=AXIS2_PLACEMENT_3D('',#14227,#11533,#11534);
#9963=AXIS2_PLACEMENT_3D('',#14228,#11535,#11536);
#9964=AXIS2_PLACEMENT_3D('',#14230,#11537,#11538);
#9965=AXIS2_PLACEMENT_3D('',#14233,#11540,#11541);
#9966=AXIS2_PLACEMENT_3D('',#14234,#11542,#11543);
#9967=AXIS2_PLACEMENT_3D('',#14236,#11544,#11545);
#9968=AXIS2_PLACEMENT_3D('',#14239,#11547,#11548);
#9969=AXIS2_PLACEMENT_3D('',#14240,#11549,#11550);
#9970=AXIS2_PLACEMENT_3D('',#14242,#11551,#11552);
#9971=AXIS2_PLACEMENT_3D('',#14245,#11554,#11555);
#9972=AXIS2_PLACEMENT_3D('',#14246,#11556,#11557);
#9973=AXIS2_PLACEMENT_3D('',#14255,#11562,#11563);
#9974=AXIS2_PLACEMENT_3D('',#14264,#11568,#11569);
#9975=AXIS2_PLACEMENT_3D('',#14267,#11572,#11573);
#9976=AXIS2_PLACEMENT_3D('',#14269,#11575,#11576);
#9977=AXIS2_PLACEMENT_3D('',#14271,#11578,#11579);
#9978=AXIS2_PLACEMENT_3D('',#14272,#11580,#11581);
#9979=AXIS2_PLACEMENT_3D('',#14281,#11586,#11587);
#9980=AXIS2_PLACEMENT_3D('',#14290,#11592,#11593);
#9981=AXIS2_PLACEMENT_3D('',#14293,#11596,#11597);
#9982=AXIS2_PLACEMENT_3D('',#14295,#11599,#11600);
#9983=AXIS2_PLACEMENT_3D('',#14297,#11602,#11603);
#9984=AXIS2_PLACEMENT_3D('',#14298,#11604,#11605);
#9985=AXIS2_PLACEMENT_3D('',#14307,#11610,#11611);
#9986=AXIS2_PLACEMENT_3D('',#14316,#11616,#11617);
#9987=AXIS2_PLACEMENT_3D('',#14319,#11620,#11621);
#9988=AXIS2_PLACEMENT_3D('',#14321,#11623,#11624);
#9989=AXIS2_PLACEMENT_3D('',#14323,#11626,#11627);
#9990=AXIS2_PLACEMENT_3D('',#14324,#11628,#11629);
#9991=AXIS2_PLACEMENT_3D('',#14333,#11634,#11635);
#9992=AXIS2_PLACEMENT_3D('',#14342,#11640,#11641);
#9993=AXIS2_PLACEMENT_3D('',#14345,#11644,#11645);
#9994=AXIS2_PLACEMENT_3D('',#14347,#11647,#11648);
#9995=AXIS2_PLACEMENT_3D('',#14349,#11650,#11651);
#9996=AXIS2_PLACEMENT_3D('',#14350,#11652,#11653);
#9997=AXIS2_PLACEMENT_3D('',#14352,#11654,#11655);
#9998=AXIS2_PLACEMENT_3D('',#14355,#11657,#11658);
#9999=AXIS2_PLACEMENT_3D('',#14356,#11659,#11660);
#10000=AXIS2_PLACEMENT_3D('',#14358,#11661,#11662);
#10001=AXIS2_PLACEMENT_3D('',#14361,#11664,#11665);
#10002=AXIS2_PLACEMENT_3D('',#14362,#11666,#11667);
#10003=AXIS2_PLACEMENT_3D('',#14363,#11668,#11669);
#10004=AXIS2_PLACEMENT_3D('',#14364,#11670,#11671);
#10005=AXIS2_PLACEMENT_3D('',#14366,#11672,#11673);
#10006=AXIS2_PLACEMENT_3D('',#14369,#11675,#11676);
#10007=AXIS2_PLACEMENT_3D('',#14370,#11677,#11678);
#10008=AXIS2_PLACEMENT_3D('',#14372,#11679,#11680);
#10009=AXIS2_PLACEMENT_3D('',#14375,#11682,#11683);
#10010=AXIS2_PLACEMENT_3D('',#14376,#11684,#11685);
#10011=AXIS2_PLACEMENT_3D('',#14377,#11686,#11687);
#10012=AXIS2_PLACEMENT_3D('',#14378,#11688,#11689);
#10013=AXIS2_PLACEMENT_3D('',#14380,#11690,#11691);
#10014=AXIS2_PLACEMENT_3D('',#14383,#11693,#11694);
#10015=AXIS2_PLACEMENT_3D('',#14384,#11695,#11696);
#10016=AXIS2_PLACEMENT_3D('',#14386,#11697,#11698);
#10017=AXIS2_PLACEMENT_3D('',#14389,#11700,#11701);
#10018=AXIS2_PLACEMENT_3D('',#14390,#11702,#11703);
#10019=AXIS2_PLACEMENT_3D('',#14391,#11704,#11705);
#10020=AXIS2_PLACEMENT_3D('',#14392,#11706,#11707);
#10021=AXIS2_PLACEMENT_3D('',#14394,#11708,#11709);
#10022=AXIS2_PLACEMENT_3D('',#14397,#11711,#11712);
#10023=AXIS2_PLACEMENT_3D('',#14398,#11713,#11714);
#10024=AXIS2_PLACEMENT_3D('',#14400,#11715,#11716);
#10025=AXIS2_PLACEMENT_3D('',#14403,#11718,#11719);
#10026=AXIS2_PLACEMENT_3D('',#14404,#11720,#11721);
#10027=AXIS2_PLACEMENT_3D('',#14405,#11722,#11723);
#10028=AXIS2_PLACEMENT_3D('',#14406,#11724,#11725);
#10029=AXIS2_PLACEMENT_3D('',#14408,#11726,#11727);
#10030=AXIS2_PLACEMENT_3D('',#14411,#11729,#11730);
#10031=AXIS2_PLACEMENT_3D('',#14412,#11731,#11732);
#10032=AXIS2_PLACEMENT_3D('',#14414,#11733,#11734);
#10033=AXIS2_PLACEMENT_3D('',#14417,#11736,#11737);
#10034=AXIS2_PLACEMENT_3D('',#14418,#11738,#11739);
#10035=AXIS2_PLACEMENT_3D('',#14419,#11740,#11741);
#10036=AXIS2_PLACEMENT_3D('',#14420,#11742,#11743);
#10037=AXIS2_PLACEMENT_3D('',#14422,#11744,#11745);
#10038=AXIS2_PLACEMENT_3D('',#14425,#11747,#11748);
#10039=AXIS2_PLACEMENT_3D('',#14426,#11749,#11750);
#10040=AXIS2_PLACEMENT_3D('',#14428,#11751,#11752);
#10041=AXIS2_PLACEMENT_3D('',#14431,#11754,#11755);
#10042=AXIS2_PLACEMENT_3D('',#14432,#11756,#11757);
#10043=AXIS2_PLACEMENT_3D('',#14433,#11758,#11759);
#10044=AXIS2_PLACEMENT_3D('',#14434,#11760,#11761);
#10045=AXIS2_PLACEMENT_3D('',#14436,#11762,#11763);
#10046=AXIS2_PLACEMENT_3D('',#14439,#11765,#11766);
#10047=AXIS2_PLACEMENT_3D('',#14440,#11767,#11768);
#10048=AXIS2_PLACEMENT_3D('',#14442,#11769,#11770);
#10049=AXIS2_PLACEMENT_3D('',#14445,#11772,#11773);
#10050=AXIS2_PLACEMENT_3D('',#14446,#11774,#11775);
#10051=AXIS2_PLACEMENT_3D('',#14447,#11776,#11777);
#10052=AXIS2_PLACEMENT_3D('',#14448,#11778,#11779);
#10053=AXIS2_PLACEMENT_3D('',#14450,#11780,#11781);
#10054=AXIS2_PLACEMENT_3D('',#14453,#11783,#11784);
#10055=AXIS2_PLACEMENT_3D('',#14454,#11785,#11786);
#10056=AXIS2_PLACEMENT_3D('',#14456,#11787,#11788);
#10057=AXIS2_PLACEMENT_3D('',#14459,#11790,#11791);
#10058=AXIS2_PLACEMENT_3D('',#14460,#11792,#11793);
#10059=AXIS2_PLACEMENT_3D('',#14461,#11794,#11795);
#10060=AXIS2_PLACEMENT_3D('',#14462,#11796,#11797);
#10061=AXIS2_PLACEMENT_3D('',#14464,#11798,#11799);
#10062=AXIS2_PLACEMENT_3D('',#14467,#11801,#11802);
#10063=AXIS2_PLACEMENT_3D('',#14468,#11803,#11804);
#10064=AXIS2_PLACEMENT_3D('',#14470,#11805,#11806);
#10065=AXIS2_PLACEMENT_3D('',#14473,#11808,#11809);
#10066=AXIS2_PLACEMENT_3D('',#14474,#11810,#11811);
#10067=AXIS2_PLACEMENT_3D('',#14476,#11812,#11813);
#10068=AXIS2_PLACEMENT_3D('',#14479,#11815,#11816);
#10069=AXIS2_PLACEMENT_3D('',#14480,#11817,#11818);
#10070=AXIS2_PLACEMENT_3D('',#14482,#11819,#11820);
#10071=AXIS2_PLACEMENT_3D('',#14485,#11822,#11823);
#10072=AXIS2_PLACEMENT_3D('',#14486,#11824,#11825);
#10073=AXIS2_PLACEMENT_3D('',#14495,#11830,#11831);
#10074=AXIS2_PLACEMENT_3D('',#14504,#11836,#11837);
#10075=AXIS2_PLACEMENT_3D('',#14507,#11840,#11841);
#10076=AXIS2_PLACEMENT_3D('',#14509,#11843,#11844);
#10077=AXIS2_PLACEMENT_3D('',#14511,#11846,#11847);
#10078=AXIS2_PLACEMENT_3D('',#14512,#11848,#11849);
#10079=AXIS2_PLACEMENT_3D('',#14514,#11850,#11851);
#10080=AXIS2_PLACEMENT_3D('',#14517,#11853,#11854);
#10081=AXIS2_PLACEMENT_3D('',#14518,#11855,#11856);
#10082=AXIS2_PLACEMENT_3D('',#14520,#11857,#11858);
#10083=AXIS2_PLACEMENT_3D('',#14523,#11860,#11861);
#10084=AXIS2_PLACEMENT_3D('',#14524,#11862,#11863);
#10085=AXIS2_PLACEMENT_3D('',#14526,#11864,#11865);
#10086=AXIS2_PLACEMENT_3D('',#14529,#11867,#11868);
#10087=AXIS2_PLACEMENT_3D('',#14530,#11869,#11870);
#10088=AXIS2_PLACEMENT_3D('',#14532,#11871,#11872);
#10089=AXIS2_PLACEMENT_3D('',#14535,#11874,#11875);
#10090=AXIS2_PLACEMENT_3D('',#14536,#11876,#11877);
#10091=AXIS2_PLACEMENT_3D('',#14545,#11882,#11883);
#10092=AXIS2_PLACEMENT_3D('',#14554,#11888,#11889);
#10093=AXIS2_PLACEMENT_3D('',#14557,#11892,#11893);
#10094=AXIS2_PLACEMENT_3D('',#14559,#11895,#11896);
#10095=AXIS2_PLACEMENT_3D('',#14561,#11898,#11899);
#10096=AXIS2_PLACEMENT_3D('',#14562,#11900,#11901);
#10097=AXIS2_PLACEMENT_3D('',#14564,#11902,#11903);
#10098=AXIS2_PLACEMENT_3D('',#14567,#11905,#11906);
#10099=AXIS2_PLACEMENT_3D('',#14568,#11907,#11908);
#10100=AXIS2_PLACEMENT_3D('',#14570,#11909,#11910);
#10101=AXIS2_PLACEMENT_3D('',#14573,#11912,#11913);
#10102=AXIS2_PLACEMENT_3D('',#14574,#11914,#11915);
#10103=AXIS2_PLACEMENT_3D('',#14575,#11916,#11917);
#10104=AXIS2_PLACEMENT_3D('',#14576,#11918,#11919);
#10105=AXIS2_PLACEMENT_3D('',#14578,#11920,#11921);
#10106=AXIS2_PLACEMENT_3D('',#14581,#11923,#11924);
#10107=AXIS2_PLACEMENT_3D('',#14582,#11925,#11926);
#10108=AXIS2_PLACEMENT_3D('',#14584,#11927,#11928);
#10109=AXIS2_PLACEMENT_3D('',#14587,#11930,#11931);
#10110=AXIS2_PLACEMENT_3D('',#14588,#11932,#11933);
#10111=AXIS2_PLACEMENT_3D('',#14589,#11934,#11935);
#10112=AXIS2_PLACEMENT_3D('',#14590,#11936,#11937);
#10113=AXIS2_PLACEMENT_3D('',#14592,#11938,#11939);
#10114=AXIS2_PLACEMENT_3D('',#14595,#11941,#11942);
#10115=AXIS2_PLACEMENT_3D('',#14596,#11943,#11944);
#10116=AXIS2_PLACEMENT_3D('',#14598,#11945,#11946);
#10117=AXIS2_PLACEMENT_3D('',#14601,#11948,#11949);
#10118=AXIS2_PLACEMENT_3D('',#14602,#11950,#11951);
#10119=AXIS2_PLACEMENT_3D('',#14603,#11952,#11953);
#10120=AXIS2_PLACEMENT_3D('',#14604,#11954,#11955);
#10121=AXIS2_PLACEMENT_3D('',#14606,#11956,#11957);
#10122=AXIS2_PLACEMENT_3D('',#14609,#11959,#11960);
#10123=AXIS2_PLACEMENT_3D('',#14610,#11961,#11962);
#10124=AXIS2_PLACEMENT_3D('',#14612,#11963,#11964);
#10125=AXIS2_PLACEMENT_3D('',#14615,#11966,#11967);
#10126=AXIS2_PLACEMENT_3D('',#14616,#11968,#11969);
#10127=AXIS2_PLACEMENT_3D('',#14617,#11970,#11971);
#10128=AXIS2_PLACEMENT_3D('',#14618,#11972,#11973);
#10129=AXIS2_PLACEMENT_3D('',#14620,#11974,#11975);
#10130=AXIS2_PLACEMENT_3D('',#14623,#11977,#11978);
#10131=AXIS2_PLACEMENT_3D('',#14624,#11979,#11980);
#10132=AXIS2_PLACEMENT_3D('',#14626,#11981,#11982);
#10133=AXIS2_PLACEMENT_3D('',#14629,#11984,#11985);
#10134=AXIS2_PLACEMENT_3D('',#14630,#11986,#11987);
#10135=AXIS2_PLACEMENT_3D('',#14631,#11988,#11989);
#10136=AXIS2_PLACEMENT_3D('',#14632,#11990,#11991);
#10137=AXIS2_PLACEMENT_3D('',#14634,#11992,#11993);
#10138=AXIS2_PLACEMENT_3D('',#14637,#11995,#11996);
#10139=AXIS2_PLACEMENT_3D('',#14638,#11997,#11998);
#10140=AXIS2_PLACEMENT_3D('',#14640,#11999,#12000);
#10141=AXIS2_PLACEMENT_3D('',#14643,#12002,#12003);
#10142=AXIS2_PLACEMENT_3D('',#14644,#12004,#12005);
#10143=AXIS2_PLACEMENT_3D('',#14645,#12006,#12007);
#10144=AXIS2_PLACEMENT_3D('',#14646,#12008,#12009);
#10145=AXIS2_PLACEMENT_3D('',#14648,#12010,#12011);
#10146=AXIS2_PLACEMENT_3D('',#14651,#12013,#12014);
#10147=AXIS2_PLACEMENT_3D('',#14652,#12015,#12016);
#10148=AXIS2_PLACEMENT_3D('',#14654,#12017,#12018);
#10149=AXIS2_PLACEMENT_3D('',#14657,#12020,#12021);
#10150=AXIS2_PLACEMENT_3D('',#14658,#12022,#12023);
#10151=AXIS2_PLACEMENT_3D('',#14659,#12024,#12025);
#10152=AXIS2_PLACEMENT_3D('',#14660,#12026,#12027);
#10153=AXIS2_PLACEMENT_3D('',#14662,#12028,#12029);
#10154=AXIS2_PLACEMENT_3D('',#14665,#12031,#12032);
#10155=AXIS2_PLACEMENT_3D('',#14666,#12033,#12034);
#10156=AXIS2_PLACEMENT_3D('',#14668,#12035,#12036);
#10157=AXIS2_PLACEMENT_3D('',#14671,#12038,#12039);
#10158=AXIS2_PLACEMENT_3D('',#14672,#12040,#12041);
#10159=AXIS2_PLACEMENT_3D('',#14673,#12042,#12043);
#10160=AXIS2_PLACEMENT_3D('',#14674,#12044,#12045);
#10161=AXIS2_PLACEMENT_3D('',#14683,#12050,#12051);
#10162=AXIS2_PLACEMENT_3D('',#14692,#12056,#12057);
#10163=AXIS2_PLACEMENT_3D('',#14695,#12060,#12061);
#10164=AXIS2_PLACEMENT_3D('',#14697,#12063,#12064);
#10165=AXIS2_PLACEMENT_3D('',#14699,#12066,#12067);
#10166=AXIS2_PLACEMENT_3D('',#14700,#12068,#12069);
#10167=AXIS2_PLACEMENT_3D('',#14709,#12074,#12075);
#10168=AXIS2_PLACEMENT_3D('',#14718,#12080,#12081);
#10169=AXIS2_PLACEMENT_3D('',#14721,#12084,#12085);
#10170=AXIS2_PLACEMENT_3D('',#14723,#12087,#12088);
#10171=AXIS2_PLACEMENT_3D('',#14725,#12090,#12091);
#10172=AXIS2_PLACEMENT_3D('',#14726,#12092,#12093);
#10173=AXIS2_PLACEMENT_3D('',#14735,#12098,#12099);
#10174=AXIS2_PLACEMENT_3D('',#14744,#12104,#12105);
#10175=AXIS2_PLACEMENT_3D('',#14747,#12108,#12109);
#10176=AXIS2_PLACEMENT_3D('',#14749,#12111,#12112);
#10177=AXIS2_PLACEMENT_3D('',#14751,#12114,#12115);
#10178=AXIS2_PLACEMENT_3D('',#14752,#12116,#12117);
#10179=AXIS2_PLACEMENT_3D('',#14753,#12118,#12119);
#10180=AXIS2_PLACEMENT_3D('',#14755,#12120,#12121);
#10181=AXIS2_PLACEMENT_3D('',#14758,#12123,#12124);
#10182=AXIS2_PLACEMENT_3D('',#14759,#12125,#12126);
#10183=AXIS2_PLACEMENT_3D('',#14760,#12127,#12128);
#10184=AXIS2_PLACEMENT_3D('',#14761,#12129,#12130);
#10185=AXIS2_PLACEMENT_3D('',#14763,#12131,#12132);
#10186=AXIS2_PLACEMENT_3D('',#14766,#12134,#12135);
#10187=AXIS2_PLACEMENT_3D('',#14767,#12136,#12137);
#10188=AXIS2_PLACEMENT_3D('',#14768,#12138,#12139);
#10189=AXIS2_PLACEMENT_3D('',#14769,#12140,#12141);
#10190=AXIS2_PLACEMENT_3D('',#14771,#12142,#12143);
#10191=AXIS2_PLACEMENT_3D('',#14774,#12145,#12146);
#10192=AXIS2_PLACEMENT_3D('',#14775,#12147,#12148);
#10193=AXIS2_PLACEMENT_3D('',#14776,#12149,#12150);
#10194=AXIS2_PLACEMENT_3D('',#14777,#12151,#12152);
#10195=AXIS2_PLACEMENT_3D('',#14779,#12153,#12154);
#10196=AXIS2_PLACEMENT_3D('',#14782,#12156,#12157);
#10197=AXIS2_PLACEMENT_3D('',#14783,#12158,#12159);
#10198=AXIS2_PLACEMENT_3D('',#14784,#12160,#12161);
#10199=AXIS2_PLACEMENT_3D('',#14785,#12162,#12163);
#10200=AXIS2_PLACEMENT_3D('',#14794,#12168,#12169);
#10201=AXIS2_PLACEMENT_3D('',#14803,#12174,#12175);
#10202=AXIS2_PLACEMENT_3D('',#14806,#12178,#12179);
#10203=AXIS2_PLACEMENT_3D('',#14808,#12181,#12182);
#10204=AXIS2_PLACEMENT_3D('',#14810,#12184,#12185);
#10205=AXIS2_PLACEMENT_3D('',#14811,#12186,#12187);
#10206=AXIS2_PLACEMENT_3D('',#14820,#12192,#12193);
#10207=AXIS2_PLACEMENT_3D('',#14829,#12198,#12199);
#10208=AXIS2_PLACEMENT_3D('',#14832,#12202,#12203);
#10209=AXIS2_PLACEMENT_3D('',#14834,#12205,#12206);
#10210=AXIS2_PLACEMENT_3D('',#14836,#12208,#12209);
#10211=AXIS2_PLACEMENT_3D('',#14837,#12210,#12211);
#10212=AXIS2_PLACEMENT_3D('',#14846,#12216,#12217);
#10213=AXIS2_PLACEMENT_3D('',#14855,#12222,#12223);
#10214=AXIS2_PLACEMENT_3D('',#14858,#12226,#12227);
#10215=AXIS2_PLACEMENT_3D('',#14860,#12229,#12230);
#10216=AXIS2_PLACEMENT_3D('',#14862,#12232,#12233);
#10217=AXIS2_PLACEMENT_3D('',#14863,#12234,#12235);
#10218=AXIS2_PLACEMENT_3D('',#14865,#12236,#12237);
#10219=AXIS2_PLACEMENT_3D('',#14868,#12239,#12240);
#10220=AXIS2_PLACEMENT_3D('',#14869,#12241,#12242);
#10221=AXIS2_PLACEMENT_3D('',#14870,#12243,#12244);
#10222=AXIS2_PLACEMENT_3D('',#14871,#12245,#12246);
#10223=AXIS2_PLACEMENT_3D('',#14880,#12251,#12252);
#10224=AXIS2_PLACEMENT_3D('',#14889,#12257,#12258);
#10225=AXIS2_PLACEMENT_3D('',#14892,#12261,#12262);
#10226=AXIS2_PLACEMENT_3D('',#14894,#12264,#12265);
#10227=AXIS2_PLACEMENT_3D('',#14896,#12267,#12268);
#10228=AXIS2_PLACEMENT_3D('',#14897,#12269,#12270);
#10229=AXIS2_PLACEMENT_3D('',#14899,#12271,#12272);
#10230=AXIS2_PLACEMENT_3D('',#14902,#12274,#12275);
#10231=AXIS2_PLACEMENT_3D('',#14903,#12276,#12277);
#10232=AXIS2_PLACEMENT_3D('',#14904,#12278,#12279);
#10233=AXIS2_PLACEMENT_3D('',#14905,#12280,#12281);
#10234=AXIS2_PLACEMENT_3D('',#14907,#12282,#12283);
#10235=AXIS2_PLACEMENT_3D('',#14910,#12285,#12286);
#10236=AXIS2_PLACEMENT_3D('',#14911,#12287,#12288);
#10237=AXIS2_PLACEMENT_3D('',#14912,#12289,#12290);
#10238=AXIS2_PLACEMENT_3D('',#14913,#12291,#12292);
#10239=AXIS2_PLACEMENT_3D('',#14915,#12293,#12294);
#10240=AXIS2_PLACEMENT_3D('',#14918,#12296,#12297);
#10241=AXIS2_PLACEMENT_3D('',#14919,#12298,#12299);
#10242=AXIS2_PLACEMENT_3D('',#14920,#12300,#12301);
#10243=AXIS2_PLACEMENT_3D('',#14921,#12302,#12303);
#10244=AXIS2_PLACEMENT_3D('',#14923,#12304,#12305);
#10245=AXIS2_PLACEMENT_3D('',#14926,#12307,#12308);
#10246=AXIS2_PLACEMENT_3D('',#14927,#12309,#12310);
#10247=AXIS2_PLACEMENT_3D('',#14928,#12311,#12312);
#10248=AXIS2_PLACEMENT_3D('',#14929,#12313,#12314);
#10249=AXIS2_PLACEMENT_3D('',#14938,#12319,#12320);
#10250=AXIS2_PLACEMENT_3D('',#14947,#12325,#12326);
#10251=AXIS2_PLACEMENT_3D('',#14950,#12329,#12330);
#10252=AXIS2_PLACEMENT_3D('',#14952,#12332,#12333);
#10253=AXIS2_PLACEMENT_3D('',#14954,#12335,#12336);
#10254=AXIS2_PLACEMENT_3D('',#14955,#12337,#12338);
#10255=AXIS2_PLACEMENT_3D('',#14964,#12343,#12344);
#10256=AXIS2_PLACEMENT_3D('',#14973,#12349,#12350);
#10257=AXIS2_PLACEMENT_3D('',#14976,#12353,#12354);
#10258=AXIS2_PLACEMENT_3D('',#14978,#12356,#12357);
#10259=AXIS2_PLACEMENT_3D('',#14980,#12359,#12360);
#10260=AXIS2_PLACEMENT_3D('',#14981,#12361,#12362);
#10261=AXIS2_PLACEMENT_3D('',#14990,#12367,#12368);
#10262=AXIS2_PLACEMENT_3D('',#14999,#12373,#12374);
#10263=AXIS2_PLACEMENT_3D('',#15002,#12377,#12378);
#10264=AXIS2_PLACEMENT_3D('',#15004,#12380,#12381);
#10265=AXIS2_PLACEMENT_3D('',#15006,#12383,#12384);
#10266=AXIS2_PLACEMENT_3D('',#15007,#12385,#12386);
#10267=AXIS2_PLACEMENT_3D('',#15009,#12387,#12388);
#10268=AXIS2_PLACEMENT_3D('',#15012,#12390,#12391);
#10269=AXIS2_PLACEMENT_3D('',#15013,#12392,#12393);
#10270=AXIS2_PLACEMENT_3D('',#15014,#12394,#12395);
#10271=AXIS2_PLACEMENT_3D('',#15015,#12396,#12397);
#10272=AXIS2_PLACEMENT_3D('',#15024,#12402,#12403);
#10273=AXIS2_PLACEMENT_3D('',#15033,#12408,#12409);
#10274=AXIS2_PLACEMENT_3D('',#15036,#12412,#12413);
#10275=AXIS2_PLACEMENT_3D('',#15038,#12415,#12416);
#10276=AXIS2_PLACEMENT_3D('',#15040,#12418,#12419);
#10277=AXIS2_PLACEMENT_3D('',#15041,#12420,#12421);
#10278=AXIS2_PLACEMENT_3D('',#15042,#12422,#12423);
#10279=AXIS2_PLACEMENT_3D('',#15044,#12424,#12425);
#10280=AXIS2_PLACEMENT_3D('',#15047,#12427,#12428);
#10281=AXIS2_PLACEMENT_3D('',#15048,#12429,#12430);
#10282=AXIS2_PLACEMENT_3D('',#15049,#12431,#12432);
#10283=AXIS2_PLACEMENT_3D('',#15050,#12433,#12434);
#10284=AXIS2_PLACEMENT_3D('',#15052,#12435,#12436);
#10285=AXIS2_PLACEMENT_3D('',#15055,#12438,#12439);
#10286=AXIS2_PLACEMENT_3D('',#15056,#12440,#12441);
#10287=AXIS2_PLACEMENT_3D('',#15057,#12442,#12443);
#10288=AXIS2_PLACEMENT_3D('',#15058,#12444,#12445);
#10289=AXIS2_PLACEMENT_3D('',#15060,#12446,#12447);
#10290=AXIS2_PLACEMENT_3D('',#15063,#12449,#12450);
#10291=AXIS2_PLACEMENT_3D('',#15064,#12451,#12452);
#10292=AXIS2_PLACEMENT_3D('',#15065,#12453,#12454);
#10293=AXIS2_PLACEMENT_3D('',#15066,#12455,#12456);
#10294=AXIS2_PLACEMENT_3D('',#15068,#12457,#12458);
#10295=AXIS2_PLACEMENT_3D('',#15071,#12460,#12461);
#10296=AXIS2_PLACEMENT_3D('',#15072,#12462,#12463);
#10297=AXIS2_PLACEMENT_3D('',#15073,#12464,#12465);
#10298=AXIS2_PLACEMENT_3D('',#15074,#12466,#12467);
#10299=AXIS2_PLACEMENT_3D('',#15083,#12472,#12473);
#10300=AXIS2_PLACEMENT_3D('',#15092,#12478,#12479);
#10301=AXIS2_PLACEMENT_3D('',#15095,#12482,#12483);
#10302=AXIS2_PLACEMENT_3D('',#15097,#12485,#12486);
#10303=AXIS2_PLACEMENT_3D('',#15099,#12488,#12489);
#10304=AXIS2_PLACEMENT_3D('',#15100,#12490,#12491);
#10305=AXIS2_PLACEMENT_3D('',#15109,#12496,#12497);
#10306=AXIS2_PLACEMENT_3D('',#15118,#12502,#12503);
#10307=AXIS2_PLACEMENT_3D('',#15121,#12506,#12507);
#10308=AXIS2_PLACEMENT_3D('',#15123,#12509,#12510);
#10309=AXIS2_PLACEMENT_3D('',#15125,#12512,#12513);
#10310=AXIS2_PLACEMENT_3D('',#15126,#12514,#12515);
#10311=AXIS2_PLACEMENT_3D('',#15135,#12520,#12521);
#10312=AXIS2_PLACEMENT_3D('',#15144,#12526,#12527);
#10313=AXIS2_PLACEMENT_3D('',#15147,#12530,#12531);
#10314=AXIS2_PLACEMENT_3D('',#15149,#12533,#12534);
#10315=AXIS2_PLACEMENT_3D('',#15151,#12536,#12537);
#10316=AXIS2_PLACEMENT_3D('',#15152,#12538,#12539);
#10317=AXIS2_PLACEMENT_3D('',#15161,#12544,#12545);
#10318=AXIS2_PLACEMENT_3D('',#15170,#12550,#12551);
#10319=AXIS2_PLACEMENT_3D('',#15173,#12554,#12555);
#10320=AXIS2_PLACEMENT_3D('',#15175,#12557,#12558);
#10321=AXIS2_PLACEMENT_3D('',#15177,#12560,#12561);
#10322=AXIS2_PLACEMENT_3D('',#15178,#12562,#12563);
#10323=AXIS2_PLACEMENT_3D('',#15187,#12568,#12569);
#10324=AXIS2_PLACEMENT_3D('',#15196,#12574,#12575);
#10325=AXIS2_PLACEMENT_3D('',#15199,#12578,#12579);
#10326=AXIS2_PLACEMENT_3D('',#15201,#12581,#12582);
#10327=AXIS2_PLACEMENT_3D('',#15203,#12584,#12585);
#10328=AXIS2_PLACEMENT_3D('',#15204,#12586,#12587);
#10329=AXIS2_PLACEMENT_3D('',#15205,#12588,#12589);
#10330=AXIS2_PLACEMENT_3D('',#15214,#12594,#12595);
#10331=AXIS2_PLACEMENT_3D('',#15223,#12600,#12601);
#10332=AXIS2_PLACEMENT_3D('',#15226,#12604,#12605);
#10333=AXIS2_PLACEMENT_3D('',#15228,#12607,#12608);
#10334=AXIS2_PLACEMENT_3D('',#15230,#12610,#12611);
#10335=AXIS2_PLACEMENT_3D('',#15231,#12612,#12613);
#10336=AXIS2_PLACEMENT_3D('',#15240,#12618,#12619);
#10337=AXIS2_PLACEMENT_3D('',#15249,#12624,#12625);
#10338=AXIS2_PLACEMENT_3D('',#15252,#12628,#12629);
#10339=AXIS2_PLACEMENT_3D('',#15254,#12631,#12632);
#10340=AXIS2_PLACEMENT_3D('',#15256,#12634,#12635);
#10341=AXIS2_PLACEMENT_3D('',#15257,#12636,#12637);
#10342=AXIS2_PLACEMENT_3D('',#15266,#12642,#12643);
#10343=AXIS2_PLACEMENT_3D('',#15275,#12648,#12649);
#10344=AXIS2_PLACEMENT_3D('',#15278,#12652,#12653);
#10345=AXIS2_PLACEMENT_3D('',#15280,#12655,#12656);
#10346=AXIS2_PLACEMENT_3D('',#15282,#12658,#12659);
#10347=AXIS2_PLACEMENT_3D('',#15283,#12660,#12661);
#10348=AXIS2_PLACEMENT_3D('',#15292,#12666,#12667);
#10349=AXIS2_PLACEMENT_3D('',#15301,#12672,#12673);
#10350=AXIS2_PLACEMENT_3D('',#15304,#12676,#12677);
#10351=AXIS2_PLACEMENT_3D('',#15306,#12679,#12680);
#10352=AXIS2_PLACEMENT_3D('',#15308,#12682,#12683);
#10353=AXIS2_PLACEMENT_3D('',#15309,#12684,#12685);
#10354=AXIS2_PLACEMENT_3D('',#15318,#12690,#12691);
#10355=AXIS2_PLACEMENT_3D('',#15327,#12696,#12697);
#10356=AXIS2_PLACEMENT_3D('',#15330,#12700,#12701);
#10357=AXIS2_PLACEMENT_3D('',#15332,#12703,#12704);
#10358=AXIS2_PLACEMENT_3D('',#15334,#12706,#12707);
#10359=AXIS2_PLACEMENT_3D('',#15335,#12708,#12709);
#10360=AXIS2_PLACEMENT_3D('',#15344,#12714,#12715);
#10361=AXIS2_PLACEMENT_3D('',#15353,#12720,#12721);
#10362=AXIS2_PLACEMENT_3D('',#15356,#12724,#12725);
#10363=AXIS2_PLACEMENT_3D('',#15358,#12727,#12728);
#10364=AXIS2_PLACEMENT_3D('',#15360,#12730,#12731);
#10365=AXIS2_PLACEMENT_3D('',#15361,#12732,#12733);
#10366=AXIS2_PLACEMENT_3D('',#15363,#12734,#12735);
#10367=AXIS2_PLACEMENT_3D('',#15366,#12737,#12738);
#10368=AXIS2_PLACEMENT_3D('',#15367,#12739,#12740);
#10369=AXIS2_PLACEMENT_3D('',#15376,#12745,#12746);
#10370=AXIS2_PLACEMENT_3D('',#15385,#12751,#12752);
#10371=AXIS2_PLACEMENT_3D('',#15388,#12755,#12756);
#10372=AXIS2_PLACEMENT_3D('',#15390,#12758,#12759);
#10373=AXIS2_PLACEMENT_3D('',#15392,#12761,#12762);
#10374=AXIS2_PLACEMENT_3D('',#15393,#12763,#12764);
#10375=AXIS2_PLACEMENT_3D('',#15395,#12765,#12766);
#10376=AXIS2_PLACEMENT_3D('',#15398,#12768,#12769);
#10377=AXIS2_PLACEMENT_3D('',#15399,#12770,#12771);
#10378=AXIS2_PLACEMENT_3D('',#15408,#12776,#12777);
#10379=AXIS2_PLACEMENT_3D('',#15417,#12782,#12783);
#10380=AXIS2_PLACEMENT_3D('',#15420,#12786,#12787);
#10381=AXIS2_PLACEMENT_3D('',#15422,#12789,#12790);
#10382=AXIS2_PLACEMENT_3D('',#15424,#12792,#12793);
#10383=AXIS2_PLACEMENT_3D('',#15425,#12794,#12795);
#10384=AXIS2_PLACEMENT_3D('',#15427,#12796,#12797);
#10385=AXIS2_PLACEMENT_3D('',#15430,#12799,#12800);
#10386=AXIS2_PLACEMENT_3D('',#15431,#12801,#12802);
#10387=AXIS2_PLACEMENT_3D('',#15440,#12807,#12808);
#10388=AXIS2_PLACEMENT_3D('',#15449,#12813,#12814);
#10389=AXIS2_PLACEMENT_3D('',#15452,#12817,#12818);
#10390=AXIS2_PLACEMENT_3D('',#15454,#12820,#12821);
#10391=AXIS2_PLACEMENT_3D('',#15456,#12823,#12824);
#10392=AXIS2_PLACEMENT_3D('',#15457,#12825,#12826);
#10393=AXIS2_PLACEMENT_3D('',#15459,#12827,#12828);
#10394=AXIS2_PLACEMENT_3D('',#15462,#12830,#12831);
#10395=AXIS2_PLACEMENT_3D('',#15463,#12832,#12833);
#10396=AXIS2_PLACEMENT_3D('',#15472,#12838,#12839);
#10397=AXIS2_PLACEMENT_3D('',#15481,#12844,#12845);
#10398=AXIS2_PLACEMENT_3D('',#15484,#12848,#12849);
#10399=AXIS2_PLACEMENT_3D('',#15486,#12851,#12852);
#10400=AXIS2_PLACEMENT_3D('',#15488,#12854,#12855);
#10401=AXIS2_PLACEMENT_3D('',#15489,#12856,#12857);
#10402=AXIS2_PLACEMENT_3D('',#15498,#12862,#12863);
#10403=AXIS2_PLACEMENT_3D('',#15507,#12868,#12869);
#10404=AXIS2_PLACEMENT_3D('',#15510,#12872,#12873);
#10405=AXIS2_PLACEMENT_3D('',#15512,#12875,#12876);
#10406=AXIS2_PLACEMENT_3D('',#15514,#12878,#12879);
#10407=AXIS2_PLACEMENT_3D('',#15515,#12880,#12881);
#10408=AXIS2_PLACEMENT_3D('',#15516,#12882,#12883);
#10409=AXIS2_PLACEMENT_3D('',#15518,#12884,#12885);
#10410=AXIS2_PLACEMENT_3D('',#15521,#12887,#12888);
#10411=AXIS2_PLACEMENT_3D('',#15522,#12889,#12890);
#10412=AXIS2_PLACEMENT_3D('',#15531,#12895,#12896);
#10413=AXIS2_PLACEMENT_3D('',#15540,#12901,#12902);
#10414=AXIS2_PLACEMENT_3D('',#15543,#12905,#12906);
#10415=AXIS2_PLACEMENT_3D('',#15545,#12908,#12909);
#10416=AXIS2_PLACEMENT_3D('',#15547,#12911,#12912);
#10417=AXIS2_PLACEMENT_3D('',#15548,#12913,#12914);
#10418=AXIS2_PLACEMENT_3D('',#15550,#12915,#12916);
#10419=AXIS2_PLACEMENT_3D('',#15553,#12918,#12919);
#10420=AXIS2_PLACEMENT_3D('',#15554,#12920,#12921);
#10421=AXIS2_PLACEMENT_3D('',#15556,#12922,#12923);
#10422=AXIS2_PLACEMENT_3D('',#15559,#12925,#12926);
#10423=AXIS2_PLACEMENT_3D('',#15560,#12927,#12928);
#10424=AXIS2_PLACEMENT_3D('',#15561,#12929,#12930);
#10425=AXIS2_PLACEMENT_3D('',#15562,#12931,#12932);
#10426=AXIS2_PLACEMENT_3D('',#15564,#12933,#12934);
#10427=AXIS2_PLACEMENT_3D('',#15567,#12936,#12937);
#10428=AXIS2_PLACEMENT_3D('',#15568,#12938,#12939);
#10429=AXIS2_PLACEMENT_3D('',#15570,#12940,#12941);
#10430=AXIS2_PLACEMENT_3D('',#15573,#12943,#12944);
#10431=AXIS2_PLACEMENT_3D('',#15574,#12945,#12946);
#10432=AXIS2_PLACEMENT_3D('',#15575,#12947,#12948);
#10433=AXIS2_PLACEMENT_3D('',#15576,#12949,#12950);
#10434=AXIS2_PLACEMENT_3D('',#15578,#12951,#12952);
#10435=AXIS2_PLACEMENT_3D('',#15581,#12954,#12955);
#10436=AXIS2_PLACEMENT_3D('',#15582,#12956,#12957);
#10437=AXIS2_PLACEMENT_3D('',#15591,#12962,#12963);
#10438=AXIS2_PLACEMENT_3D('',#15600,#12968,#12969);
#10439=AXIS2_PLACEMENT_3D('',#15603,#12972,#12973);
#10440=AXIS2_PLACEMENT_3D('',#15605,#12975,#12976);
#10441=AXIS2_PLACEMENT_3D('',#15607,#12978,#12979);
#10442=AXIS2_PLACEMENT_3D('',#15608,#12980,#12981);
#10443=AXIS2_PLACEMENT_3D('',#15610,#12982,#12983);
#10444=AXIS2_PLACEMENT_3D('',#15613,#12985,#12986);
#10445=AXIS2_PLACEMENT_3D('',#15614,#12987,#12988);
#10446=AXIS2_PLACEMENT_3D('',#15616,#12989,#12990);
#10447=AXIS2_PLACEMENT_3D('',#15619,#12992,#12993);
#10448=AXIS2_PLACEMENT_3D('',#15620,#12994,#12995);
#10449=AXIS2_PLACEMENT_3D('',#15621,#12996,#12997);
#10450=AXIS2_PLACEMENT_3D('',#15622,#12998,#12999);
#10451=AXIS2_PLACEMENT_3D('',#15624,#13000,#13001);
#10452=AXIS2_PLACEMENT_3D('',#15627,#13003,#13004);
#10453=AXIS2_PLACEMENT_3D('',#15628,#13005,#13006);
#10454=AXIS2_PLACEMENT_3D('',#15630,#13007,#13008);
#10455=AXIS2_PLACEMENT_3D('',#15633,#13010,#13011);
#10456=AXIS2_PLACEMENT_3D('',#15634,#13012,#13013);
#10457=AXIS2_PLACEMENT_3D('',#15635,#13014,#13015);
#10458=AXIS2_PLACEMENT_3D('',#15636,#13016,#13017);
#10459=AXIS2_PLACEMENT_3D('',#15638,#13018,#13019);
#10460=AXIS2_PLACEMENT_3D('',#15641,#13021,#13022);
#10461=AXIS2_PLACEMENT_3D('',#15642,#13023,#13024);
#10462=AXIS2_PLACEMENT_3D('',#15651,#13029,#13030);
#10463=AXIS2_PLACEMENT_3D('',#15660,#13035,#13036);
#10464=AXIS2_PLACEMENT_3D('',#15663,#13039,#13040);
#10465=AXIS2_PLACEMENT_3D('',#15665,#13042,#13043);
#10466=AXIS2_PLACEMENT_3D('',#15667,#13045,#13046);
#10467=AXIS2_PLACEMENT_3D('',#15668,#13047,#13048);
#10468=AXIS2_PLACEMENT_3D('',#15670,#13049,#13050);
#10469=AXIS2_PLACEMENT_3D('',#15673,#13052,#13053);
#10470=AXIS2_PLACEMENT_3D('',#15674,#13054,#13055);
#10471=AXIS2_PLACEMENT_3D('',#15676,#13056,#13057);
#10472=AXIS2_PLACEMENT_3D('',#15679,#13059,#13060);
#10473=AXIS2_PLACEMENT_3D('',#15680,#13061,#13062);
#10474=AXIS2_PLACEMENT_3D('',#15681,#13063,#13064);
#10475=AXIS2_PLACEMENT_3D('',#15682,#13065,#13066);
#10476=AXIS2_PLACEMENT_3D('',#15684,#13067,#13068);
#10477=AXIS2_PLACEMENT_3D('',#15687,#13070,#13071);
#10478=AXIS2_PLACEMENT_3D('',#15688,#13072,#13073);
#10479=AXIS2_PLACEMENT_3D('',#15690,#13074,#13075);
#10480=AXIS2_PLACEMENT_3D('',#15693,#13077,#13078);
#10481=AXIS2_PLACEMENT_3D('',#15694,#13079,#13080);
#10482=AXIS2_PLACEMENT_3D('',#15695,#13081,#13082);
#10483=AXIS2_PLACEMENT_3D('',#15696,#13083,#13084);
#10484=AXIS2_PLACEMENT_3D('',#15698,#13085,#13086);
#10485=AXIS2_PLACEMENT_3D('',#15701,#13088,#13089);
#10486=AXIS2_PLACEMENT_3D('',#15702,#13090,#13091);
#10487=AXIS2_PLACEMENT_3D('',#15711,#13096,#13097);
#10488=AXIS2_PLACEMENT_3D('',#15720,#13102,#13103);
#10489=AXIS2_PLACEMENT_3D('',#15723,#13106,#13107);
#10490=AXIS2_PLACEMENT_3D('',#15725,#13109,#13110);
#10491=AXIS2_PLACEMENT_3D('',#15727,#13112,#13113);
#10492=AXIS2_PLACEMENT_3D('',#15728,#13114,#13115);
#10493=AXIS2_PLACEMENT_3D('',#15730,#13116,#13117);
#10494=AXIS2_PLACEMENT_3D('',#15733,#13119,#13120);
#10495=AXIS2_PLACEMENT_3D('',#15734,#13121,#13122);
#10496=AXIS2_PLACEMENT_3D('',#15736,#13123,#13124);
#10497=AXIS2_PLACEMENT_3D('',#15739,#13126,#13127);
#10498=AXIS2_PLACEMENT_3D('',#15740,#13128,#13129);
#10499=AXIS2_PLACEMENT_3D('',#15741,#13130,#13131);
#10500=AXIS2_PLACEMENT_3D('',#15742,#13132,#13133);
#10501=AXIS2_PLACEMENT_3D('',#15744,#13134,#13135);
#10502=AXIS2_PLACEMENT_3D('',#15747,#13137,#13138);
#10503=AXIS2_PLACEMENT_3D('',#15748,#13139,#13140);
#10504=AXIS2_PLACEMENT_3D('',#15750,#13141,#13142);
#10505=AXIS2_PLACEMENT_3D('',#15753,#13144,#13145);
#10506=AXIS2_PLACEMENT_3D('',#15754,#13146,#13147);
#10507=AXIS2_PLACEMENT_3D('',#15755,#13148,#13149);
#10508=AXIS2_PLACEMENT_3D('',#15756,#13150,#13151);
#10509=AXIS2_PLACEMENT_3D('',#15757,#13152,#13153);
#10510=AXIS2_PLACEMENT_3D('',#15758,#13154,#13155);
#10511=AXIS2_PLACEMENT_3D('',#15759,#13156,#13157);
#10512=AXIS2_PLACEMENT_3D('',#15760,#13158,#13159);
#10513=AXIS2_PLACEMENT_3D('',#15761,#13160,#13161);
#10514=AXIS2_PLACEMENT_3D('',#15762,#13162,#13163);
#10515=AXIS2_PLACEMENT_3D('',#15763,#13164,#13165);
#10516=AXIS2_PLACEMENT_3D('',#15764,#13166,#13167);
#10517=AXIS2_PLACEMENT_3D('',#15765,#13168,#13169);
#10518=AXIS2_PLACEMENT_3D('',#15766,#13170,#13171);
#10519=DIRECTION('axis',(0.,0.,1.));
#10520=DIRECTION('refdir',(1.,0.,0.));
#10521=DIRECTION('axis',(0.,0.,1.));
#10522=DIRECTION('refdir',(1.,0.,0.));
#10523=DIRECTION('center_axis',(0.,0.,1.));
#10524=DIRECTION('ref_axis',(1.,0.,0.));
#10525=DIRECTION('',(0.,1.,0.));
#10526=DIRECTION('',(-1.,0.,0.));
#10527=DIRECTION('',(0.,-1.,0.));
#10528=DIRECTION('',(1.,0.,0.));
#10529=DIRECTION('center_axis',(0.,0.,1.));
#10530=DIRECTION('ref_axis',(1.,0.,0.));
#10531=DIRECTION('',(0.,-1.,0.));
#10532=DIRECTION('',(-1.,0.,0.));
#10533=DIRECTION('',(0.,1.,0.));
#10534=DIRECTION('',(1.,0.,0.));
#10535=DIRECTION('center_axis',(0.,1.,0.));
#10536=DIRECTION('ref_axis',(0.,0.,1.));
#10537=DIRECTION('',(0.,0.,-1.));
#10538=DIRECTION('',(0.,0.,-1.));
#10539=DIRECTION('center_axis',(1.,0.,0.));
#10540=DIRECTION('ref_axis',(0.,0.,-1.));
#10541=DIRECTION('',(0.,0.,-1.));
#10542=DIRECTION('center_axis',(0.,-1.,0.));
#10543=DIRECTION('ref_axis',(0.,0.,-1.));
#10544=DIRECTION('',(0.,0.,-1.));
#10545=DIRECTION('center_axis',(-1.,0.,0.));
#10546=DIRECTION('ref_axis',(0.,0.,1.));
#10547=DIRECTION('center_axis',(0.,0.,1.));
#10548=DIRECTION('ref_axis',(1.,0.,0.));
#10549=DIRECTION('',(0.,1.,0.));
#10550=DIRECTION('',(-1.,0.,0.));
#10551=DIRECTION('',(0.,-1.,0.));
#10552=DIRECTION('',(1.,0.,0.));
#10553=DIRECTION('center_axis',(0.,0.,1.));
#10554=DIRECTION('ref_axis',(1.,0.,0.));
#10555=DIRECTION('',(0.,-1.,0.));
#10556=DIRECTION('',(-1.,0.,0.));
#10557=DIRECTION('',(0.,1.,0.));
#10558=DIRECTION('',(1.,0.,0.));
#10559=DIRECTION('center_axis',(0.,1.,0.));
#10560=DIRECTION('ref_axis',(0.,0.,1.));
#10561=DIRECTION('',(0.,0.,-1.));
#10562=DIRECTION('',(0.,0.,-1.));
#10563=DIRECTION('center_axis',(1.,0.,0.));
#10564=DIRECTION('ref_axis',(0.,0.,-1.));
#10565=DIRECTION('',(0.,0.,-1.));
#10566=DIRECTION('center_axis',(0.,-1.,0.));
#10567=DIRECTION('ref_axis',(0.,0.,-1.));
#10568=DIRECTION('',(0.,0.,-1.));
#10569=DIRECTION('center_axis',(-1.,0.,0.));
#10570=DIRECTION('ref_axis',(0.,0.,1.));
#10571=DIRECTION('center_axis',(0.,0.,1.));
#10572=DIRECTION('ref_axis',(1.,0.,0.));
#10573=DIRECTION('',(0.,1.,0.));
#10574=DIRECTION('',(-1.,0.,0.));
#10575=DIRECTION('',(0.,-1.,0.));
#10576=DIRECTION('',(1.,0.,0.));
#10577=DIRECTION('center_axis',(0.,0.,1.));
#10578=DIRECTION('ref_axis',(1.,0.,0.));
#10579=DIRECTION('',(0.,-1.,0.));
#10580=DIRECTION('',(-1.,0.,0.));
#10581=DIRECTION('',(0.,1.,0.));
#10582=DIRECTION('',(1.,0.,0.));
#10583=DIRECTION('center_axis',(0.,1.,0.));
#10584=DIRECTION('ref_axis',(0.,0.,1.));
#10585=DIRECTION('',(0.,0.,-1.));
#10586=DIRECTION('',(0.,0.,-1.));
#10587=DIRECTION('center_axis',(1.,0.,0.));
#10588=DIRECTION('ref_axis',(0.,0.,-1.));
#10589=DIRECTION('',(0.,0.,-1.));
#10590=DIRECTION('center_axis',(0.,-1.,0.));
#10591=DIRECTION('ref_axis',(0.,0.,-1.));
#10592=DIRECTION('',(0.,0.,-1.));
#10593=DIRECTION('center_axis',(-1.,0.,0.));
#10594=DIRECTION('ref_axis',(0.,0.,1.));
#10595=DIRECTION('axis',(0.,0.,1.));
#10596=DIRECTION('refdir',(1.,0.,0.));
#10597=DIRECTION('center_axis',(0.,0.,1.));
#10598=DIRECTION('ref_axis',(1.,0.,0.));
#10599=DIRECTION('center_axis',(0.,0.,1.));
#10600=DIRECTION('ref_axis',(1.,0.,0.));
#10601=DIRECTION('',(0.,0.,-1.));
#10602=DIRECTION('center_axis',(0.,0.,-1.));
#10603=DIRECTION('ref_axis',(1.,0.,0.));
#10604=DIRECTION('center_axis',(0.,0.,-1.));
#10605=DIRECTION('ref_axis',(-1.,0.,0.));
#10606=DIRECTION('center_axis',(0.,0.,1.));
#10607=DIRECTION('ref_axis',(1.,0.,0.));
#10608=DIRECTION('center_axis',(0.,0.,1.));
#10609=DIRECTION('ref_axis',(1.,0.,0.));
#10610=DIRECTION('',(0.,1.,0.));
#10611=DIRECTION('',(-1.,0.,0.));
#10612=DIRECTION('',(0.,-1.,0.));
#10613=DIRECTION('',(1.,0.,0.));
#10614=DIRECTION('center_axis',(0.,0.,1.));
#10615=DIRECTION('ref_axis',(1.,0.,0.));
#10616=DIRECTION('',(0.,-1.,0.));
#10617=DIRECTION('',(-1.,0.,0.));
#10618=DIRECTION('',(0.,1.,0.));
#10619=DIRECTION('',(1.,0.,0.));
#10620=DIRECTION('center_axis',(0.,1.,0.));
#10621=DIRECTION('ref_axis',(0.,0.,1.));
#10622=DIRECTION('',(0.,0.,-1.));
#10623=DIRECTION('',(0.,0.,-1.));
#10624=DIRECTION('center_axis',(1.,0.,0.));
#10625=DIRECTION('ref_axis',(0.,0.,-1.));
#10626=DIRECTION('',(0.,0.,-1.));
#10627=DIRECTION('center_axis',(0.,-1.,0.));
#10628=DIRECTION('ref_axis',(0.,0.,-1.));
#10629=DIRECTION('',(0.,0.,-1.));
#10630=DIRECTION('center_axis',(-1.,0.,0.));
#10631=DIRECTION('ref_axis',(0.,0.,1.));
#10632=DIRECTION('center_axis',(0.,0.,1.));
#10633=DIRECTION('ref_axis',(1.,0.,0.));
#10634=DIRECTION('',(0.,1.,0.));
#10635=DIRECTION('',(-1.,0.,0.));
#10636=DIRECTION('',(0.,-1.,0.));
#10637=DIRECTION('',(1.,0.,0.));
#10638=DIRECTION('center_axis',(0.,0.,1.));
#10639=DIRECTION('ref_axis',(1.,0.,0.));
#10640=DIRECTION('',(0.,-1.,0.));
#10641=DIRECTION('',(-1.,0.,0.));
#10642=DIRECTION('',(0.,1.,0.));
#10643=DIRECTION('',(1.,0.,0.));
#10644=DIRECTION('center_axis',(0.,1.,0.));
#10645=DIRECTION('ref_axis',(0.,0.,1.));
#10646=DIRECTION('',(0.,0.,-1.));
#10647=DIRECTION('',(0.,0.,-1.));
#10648=DIRECTION('center_axis',(1.,0.,0.));
#10649=DIRECTION('ref_axis',(0.,0.,-1.));
#10650=DIRECTION('',(0.,0.,-1.));
#10651=DIRECTION('center_axis',(0.,-1.,0.));
#10652=DIRECTION('ref_axis',(0.,0.,-1.));
#10653=DIRECTION('',(0.,0.,-1.));
#10654=DIRECTION('center_axis',(-1.,0.,0.));
#10655=DIRECTION('ref_axis',(0.,0.,1.));
#10656=DIRECTION('axis',(0.,0.,1.));
#10657=DIRECTION('refdir',(1.,0.,0.));
#10658=DIRECTION('center_axis',(0.,0.,1.));
#10659=DIRECTION('ref_axis',(1.,0.,0.));
#10660=DIRECTION('',(0.,1.,0.));
#10661=DIRECTION('',(-1.,0.,0.));
#10662=DIRECTION('',(0.,-1.,0.));
#10663=DIRECTION('',(1.,0.,0.));
#10664=DIRECTION('center_axis',(0.,0.,1.));
#10665=DIRECTION('ref_axis',(1.,0.,0.));
#10666=DIRECTION('',(0.,-1.,0.));
#10667=DIRECTION('',(-1.,0.,0.));
#10668=DIRECTION('',(0.,1.,0.));
#10669=DIRECTION('',(1.,0.,0.));
#10670=DIRECTION('center_axis',(0.,1.,0.));
#10671=DIRECTION('ref_axis',(0.,0.,1.));
#10672=DIRECTION('',(0.,0.,-1.));
#10673=DIRECTION('',(0.,0.,-1.));
#10674=DIRECTION('center_axis',(1.,0.,0.));
#10675=DIRECTION('ref_axis',(0.,0.,-1.));
#10676=DIRECTION('',(0.,0.,-1.));
#10677=DIRECTION('center_axis',(0.,-1.,0.));
#10678=DIRECTION('ref_axis',(0.,0.,-1.));
#10679=DIRECTION('',(0.,0.,-1.));
#10680=DIRECTION('center_axis',(-1.,0.,0.));
#10681=DIRECTION('ref_axis',(0.,0.,1.));
#10682=DIRECTION('center_axis',(1.,0.,0.));
#10683=DIRECTION('ref_axis',(0.,0.,-1.));
#10684=DIRECTION('center_axis',(1.,0.,0.));
#10685=DIRECTION('ref_axis',(0.,0.,-1.));
#10686=DIRECTION('',(-1.,0.,0.));
#10687=DIRECTION('center_axis',(-1.,0.,0.));
#10688=DIRECTION('ref_axis',(0.,0.,-1.));
#10689=DIRECTION('center_axis',(-1.,0.,0.));
#10690=DIRECTION('ref_axis',(0.,0.,1.));
#10691=DIRECTION('center_axis',(1.,0.,0.));
#10692=DIRECTION('ref_axis',(0.,0.,-1.));
#10693=DIRECTION('center_axis',(1.,0.,0.));
#10694=DIRECTION('ref_axis',(0.,0.,-1.));
#10695=DIRECTION('center_axis',(1.,0.,0.));
#10696=DIRECTION('ref_axis',(0.,0.,-1.));
#10697=DIRECTION('',(-1.,0.,0.));
#10698=DIRECTION('center_axis',(-1.,0.,0.));
#10699=DIRECTION('ref_axis',(0.,0.,-1.));
#10700=DIRECTION('center_axis',(-1.,0.,0.));
#10701=DIRECTION('ref_axis',(0.,0.,1.));
#10702=DIRECTION('center_axis',(1.,0.,0.));
#10703=DIRECTION('ref_axis',(0.,0.,-1.));
#10704=DIRECTION('center_axis',(0.,0.,1.));
#10705=DIRECTION('ref_axis',(1.,0.,0.));
#10706=DIRECTION('',(0.,1.,0.));
#10707=DIRECTION('',(-1.,0.,0.));
#10708=DIRECTION('',(0.,-1.,0.));
#10709=DIRECTION('',(1.,0.,0.));
#10710=DIRECTION('center_axis',(0.,0.,1.));
#10711=DIRECTION('ref_axis',(1.,0.,0.));
#10712=DIRECTION('',(0.,-1.,0.));
#10713=DIRECTION('',(-1.,0.,0.));
#10714=DIRECTION('',(0.,1.,0.));
#10715=DIRECTION('',(1.,0.,0.));
#10716=DIRECTION('center_axis',(0.,1.,0.));
#10717=DIRECTION('ref_axis',(0.,0.,1.));
#10718=DIRECTION('',(0.,0.,-1.));
#10719=DIRECTION('',(0.,0.,-1.));
#10720=DIRECTION('center_axis',(1.,0.,0.));
#10721=DIRECTION('ref_axis',(0.,0.,-1.));
#10722=DIRECTION('',(0.,0.,-1.));
#10723=DIRECTION('center_axis',(0.,-1.,0.));
#10724=DIRECTION('ref_axis',(0.,0.,-1.));
#10725=DIRECTION('',(0.,0.,-1.));
#10726=DIRECTION('center_axis',(-1.,0.,0.));
#10727=DIRECTION('ref_axis',(0.,0.,1.));
#10728=DIRECTION('center_axis',(0.,1.,0.));
#10729=DIRECTION('ref_axis',(1.,0.,0.));
#10730=DIRECTION('center_axis',(0.,1.,0.));
#10731=DIRECTION('ref_axis',(1.,0.,0.));
#10732=DIRECTION('',(0.,-1.,0.));
#10733=DIRECTION('center_axis',(0.,-1.,0.));
#10734=DIRECTION('ref_axis',(1.,0.,0.));
#10735=DIRECTION('center_axis',(0.,-1.,0.));
#10736=DIRECTION('ref_axis',(-1.,0.,0.));
#10737=DIRECTION('center_axis',(0.,1.,0.));
#10738=DIRECTION('ref_axis',(1.,0.,0.));
#10739=DIRECTION('center_axis',(0.,1.,0.));
#10740=DIRECTION('ref_axis',(1.,0.,0.));
#10741=DIRECTION('center_axis',(0.,1.,0.));
#10742=DIRECTION('ref_axis',(1.,0.,0.));
#10743=DIRECTION('',(0.,-1.,0.));
#10744=DIRECTION('center_axis',(0.,-1.,0.));
#10745=DIRECTION('ref_axis',(1.,0.,0.));
#10746=DIRECTION('center_axis',(0.,-1.,0.));
#10747=DIRECTION('ref_axis',(-1.,0.,0.));
#10748=DIRECTION('center_axis',(0.,1.,0.));
#10749=DIRECTION('ref_axis',(1.,0.,0.));
#10750=DIRECTION('center_axis',(0.,0.,1.));
#10751=DIRECTION('ref_axis',(1.,0.,0.));
#10752=DIRECTION('',(0.,1.,0.));
#10753=DIRECTION('',(-1.,0.,0.));
#10754=DIRECTION('',(0.,-1.,0.));
#10755=DIRECTION('',(1.,0.,0.));
#10756=DIRECTION('center_axis',(0.,0.,1.));
#10757=DIRECTION('ref_axis',(1.,0.,0.));
#10758=DIRECTION('',(0.,-1.,0.));
#10759=DIRECTION('',(-1.,0.,0.));
#10760=DIRECTION('',(0.,1.,0.));
#10761=DIRECTION('',(1.,0.,0.));
#10762=DIRECTION('center_axis',(0.,1.,0.));
#10763=DIRECTION('ref_axis',(0.,0.,1.));
#10764=DIRECTION('',(0.,0.,-1.));
#10765=DIRECTION('',(0.,0.,-1.));
#10766=DIRECTION('center_axis',(1.,0.,0.));
#10767=DIRECTION('ref_axis',(0.,0.,-1.));
#10768=DIRECTION('',(0.,0.,-1.));
#10769=DIRECTION('center_axis',(0.,-1.,0.));
#10770=DIRECTION('ref_axis',(0.,0.,-1.));
#10771=DIRECTION('',(0.,0.,-1.));
#10772=DIRECTION('center_axis',(-1.,0.,0.));
#10773=DIRECTION('ref_axis',(0.,0.,1.));
#10774=DIRECTION('center_axis',(0.,-1.,0.));
#10775=DIRECTION('ref_axis',(1.,0.,0.));
#10776=DIRECTION('center_axis',(0.,-1.,0.));
#10777=DIRECTION('ref_axis',(1.,0.,0.));
#10778=DIRECTION('',(0.,1.,0.));
#10779=DIRECTION('center_axis',(0.,1.,0.));
#10780=DIRECTION('ref_axis',(1.,0.,0.));
#10781=DIRECTION('center_axis',(0.,1.,0.));
#10782=DIRECTION('ref_axis',(-1.,0.,0.));
#10783=DIRECTION('center_axis',(0.,-1.,0.));
#10784=DIRECTION('ref_axis',(1.,0.,0.));
#10785=DIRECTION('center_axis',(0.,-1.,0.));
#10786=DIRECTION('ref_axis',(1.,0.,0.));
#10787=DIRECTION('center_axis',(0.,-1.,0.));
#10788=DIRECTION('ref_axis',(1.,0.,0.));
#10789=DIRECTION('',(0.,1.,0.));
#10790=DIRECTION('center_axis',(0.,1.,0.));
#10791=DIRECTION('ref_axis',(1.,0.,0.));
#10792=DIRECTION('center_axis',(0.,1.,0.));
#10793=DIRECTION('ref_axis',(-1.,0.,0.));
#10794=DIRECTION('center_axis',(0.,-1.,0.));
#10795=DIRECTION('ref_axis',(1.,0.,0.));
#10796=DIRECTION('axis',(0.,0.,1.));
#10797=DIRECTION('refdir',(1.,0.,0.));
#10798=DIRECTION('center_axis',(-0.258969313954337,0.,0.965885549343203));
#10799=DIRECTION('ref_axis',(0.965885549343202,0.,0.258969313954337));
#10800=DIRECTION('',(0.,1.,0.));
#10801=DIRECTION('',(-0.965885549343202,0.,-0.258969313954337));
#10802=DIRECTION('',(0.,-1.,0.));
#10803=DIRECTION('',(0.965885549343202,0.,0.258969313954337));
#10804=DIRECTION('center_axis',(-0.258969313954337,0.,0.965885549343203));
#10805=DIRECTION('ref_axis',(0.965885549343202,0.,0.258969313954337));
#10806=DIRECTION('',(0.,-1.,0.));
#10807=DIRECTION('',(-0.965885549343202,0.,-0.258969313954337));
#10808=DIRECTION('',(0.,1.,0.));
#10809=DIRECTION('',(0.965885549343202,0.,0.258969313954337));
#10810=DIRECTION('center_axis',(0.,1.,0.));
#10811=DIRECTION('ref_axis',(-0.258969313954337,0.,0.965885549343202));
#10812=DIRECTION('',(0.258969313954337,0.,-0.965885549343202));
#10813=DIRECTION('',(0.258969313954337,0.,-0.965885549343202));
#10814=DIRECTION('center_axis',(0.965885549343203,0.,0.258969313954337));
#10815=DIRECTION('ref_axis',(0.258969313954337,0.,-0.965885549343202));
#10816=DIRECTION('',(0.258969313954337,0.,-0.965885549343202));
#10817=DIRECTION('center_axis',(0.,-1.,0.));
#10818=DIRECTION('ref_axis',(0.258969313954337,0.,-0.965885549343202));
#10819=DIRECTION('',(0.258969313954337,0.,-0.965885549343202));
#10820=DIRECTION('center_axis',(-0.965885549343203,0.,-0.258969313954337));
#10821=DIRECTION('ref_axis',(-0.258969313954337,0.,0.965885549343202));
#10822=DIRECTION('center_axis',(-0.258969313954337,0.,0.965885549343203));
#10823=DIRECTION('ref_axis',(0.965885549343202,0.,0.258969313954337));
#10824=DIRECTION('',(0.,1.,0.));
#10825=DIRECTION('',(-0.965885549343202,0.,-0.258969313954337));
#10826=DIRECTION('',(0.,-1.,0.));
#10827=DIRECTION('',(0.965885549343202,0.,0.258969313954337));
#10828=DIRECTION('center_axis',(-0.258969313954337,0.,0.965885549343203));
#10829=DIRECTION('ref_axis',(0.965885549343202,0.,0.258969313954337));
#10830=DIRECTION('',(0.,-1.,0.));
#10831=DIRECTION('',(-0.965885549343202,0.,-0.258969313954337));
#10832=DIRECTION('',(0.,1.,0.));
#10833=DIRECTION('',(0.965885549343202,0.,0.258969313954337));
#10834=DIRECTION('center_axis',(0.,1.,0.));
#10835=DIRECTION('ref_axis',(-0.258969313954337,0.,0.965885549343202));
#10836=DIRECTION('',(0.258969313954337,0.,-0.965885549343202));
#10837=DIRECTION('',(0.258969313954337,0.,-0.965885549343202));
#10838=DIRECTION('center_axis',(0.965885549343203,0.,0.258969313954337));
#10839=DIRECTION('ref_axis',(0.258969313954337,0.,-0.965885549343202));
#10840=DIRECTION('',(0.258969313954337,0.,-0.965885549343202));
#10841=DIRECTION('center_axis',(0.,-1.,0.));
#10842=DIRECTION('ref_axis',(0.258969313954337,0.,-0.965885549343202));
#10843=DIRECTION('',(0.258969313954337,0.,-0.965885549343202));
#10844=DIRECTION('center_axis',(-0.965885549343203,0.,-0.258969313954337));
#10845=DIRECTION('ref_axis',(-0.258969313954337,0.,0.965885549343202));
#10846=DIRECTION('center_axis',(-0.258969313954337,0.,0.965885549343203));
#10847=DIRECTION('ref_axis',(0.965885549343202,0.,0.258969313954337));
#10848=DIRECTION('',(0.,1.,0.));
#10849=DIRECTION('',(-0.965885549343202,0.,-0.258969313954337));
#10850=DIRECTION('',(0.,-1.,0.));
#10851=DIRECTION('',(0.965885549343202,0.,0.258969313954337));
#10852=DIRECTION('center_axis',(-0.258969313954337,0.,0.965885549343203));
#10853=DIRECTION('ref_axis',(0.965885549343202,0.,0.258969313954337));
#10854=DIRECTION('',(0.,-1.,0.));
#10855=DIRECTION('',(-0.965885549343202,0.,-0.258969313954337));
#10856=DIRECTION('',(0.,1.,0.));
#10857=DIRECTION('',(0.965885549343202,0.,0.258969313954337));
#10858=DIRECTION('center_axis',(0.,1.,0.));
#10859=DIRECTION('ref_axis',(-0.258969313954337,0.,0.965885549343202));
#10860=DIRECTION('',(0.258969313954337,0.,-0.965885549343202));
#10861=DIRECTION('',(0.258969313954337,0.,-0.965885549343202));
#10862=DIRECTION('center_axis',(0.965885549343203,0.,0.258969313954337));
#10863=DIRECTION('ref_axis',(0.258969313954337,0.,-0.965885549343202));
#10864=DIRECTION('',(0.258969313954337,0.,-0.965885549343202));
#10865=DIRECTION('center_axis',(0.,-1.,0.));
#10866=DIRECTION('ref_axis',(0.258969313954337,0.,-0.965885549343202));
#10867=DIRECTION('',(0.258969313954337,0.,-0.965885549343202));
#10868=DIRECTION('center_axis',(-0.965885549343203,0.,-0.258969313954337));
#10869=DIRECTION('ref_axis',(-0.258969313954337,0.,0.965885549343202));
#10870=DIRECTION('center_axis',(0.,0.,1.));
#10871=DIRECTION('ref_axis',(1.,0.,0.));
#10872=DIRECTION('',(0.,1.,0.));
#10873=DIRECTION('',(-1.,0.,0.));
#10874=DIRECTION('',(0.,-1.,0.));
#10875=DIRECTION('',(1.,0.,0.));
#10876=DIRECTION('center_axis',(0.,0.,1.));
#10877=DIRECTION('ref_axis',(1.,0.,0.));
#10878=DIRECTION('',(0.,-1.,0.));
#10879=DIRECTION('',(-1.,0.,0.));
#10880=DIRECTION('',(0.,1.,0.));
#10881=DIRECTION('',(1.,0.,0.));
#10882=DIRECTION('center_axis',(0.,1.,0.));
#10883=DIRECTION('ref_axis',(0.,0.,1.));
#10884=DIRECTION('',(0.,0.,-1.));
#10885=DIRECTION('',(0.,0.,-1.));
#10886=DIRECTION('center_axis',(1.,0.,0.));
#10887=DIRECTION('ref_axis',(0.,0.,-1.));
#10888=DIRECTION('',(0.,0.,-1.));
#10889=DIRECTION('center_axis',(0.,-1.,0.));
#10890=DIRECTION('ref_axis',(0.,0.,-1.));
#10891=DIRECTION('',(0.,0.,-1.));
#10892=DIRECTION('center_axis',(-1.,0.,0.));
#10893=DIRECTION('ref_axis',(0.,0.,1.));
#10894=DIRECTION('center_axis',(-0.258969313954337,0.,0.965885549343203));
#10895=DIRECTION('ref_axis',(0.965885549343202,0.,0.258969313954337));
#10896=DIRECTION('',(0.,1.,0.));
#10897=DIRECTION('',(-0.965885549343202,0.,-0.258969313954337));
#10898=DIRECTION('',(0.,-1.,0.));
#10899=DIRECTION('',(0.965885549343202,0.,0.258969313954337));
#10900=DIRECTION('center_axis',(-0.258969313954337,0.,0.965885549343203));
#10901=DIRECTION('ref_axis',(0.965885549343202,0.,0.258969313954337));
#10902=DIRECTION('',(0.,-1.,0.));
#10903=DIRECTION('',(-0.965885549343202,0.,-0.258969313954337));
#10904=DIRECTION('',(0.,1.,0.));
#10905=DIRECTION('',(0.965885549343202,0.,0.258969313954337));
#10906=DIRECTION('center_axis',(0.,1.,0.));
#10907=DIRECTION('ref_axis',(-0.258969313954337,0.,0.965885549343202));
#10908=DIRECTION('',(0.258969313954337,0.,-0.965885549343202));
#10909=DIRECTION('',(0.258969313954337,0.,-0.965885549343202));
#10910=DIRECTION('center_axis',(0.965885549343203,0.,0.258969313954337));
#10911=DIRECTION('ref_axis',(0.258969313954337,0.,-0.965885549343202));
#10912=DIRECTION('',(0.258969313954337,0.,-0.965885549343202));
#10913=DIRECTION('center_axis',(0.,-1.,0.));
#10914=DIRECTION('ref_axis',(0.258969313954337,0.,-0.965885549343202));
#10915=DIRECTION('',(0.258969313954337,0.,-0.965885549343202));
#10916=DIRECTION('center_axis',(-0.965885549343203,0.,-0.258969313954337));
#10917=DIRECTION('ref_axis',(-0.258969313954337,0.,0.965885549343202));
#10918=DIRECTION('center_axis',(-0.258969313954337,0.,0.965885549343203));
#10919=DIRECTION('ref_axis',(0.965885549343202,0.,0.258969313954337));
#10920=DIRECTION('',(0.,1.,0.));
#10921=DIRECTION('',(-0.965885549343202,0.,-0.258969313954337));
#10922=DIRECTION('',(0.,-1.,0.));
#10923=DIRECTION('',(0.965885549343202,0.,0.258969313954337));
#10924=DIRECTION('center_axis',(-0.258969313954337,0.,0.965885549343203));
#10925=DIRECTION('ref_axis',(0.965885549343202,0.,0.258969313954337));
#10926=DIRECTION('',(0.,-1.,0.));
#10927=DIRECTION('',(-0.965885549343202,0.,-0.258969313954337));
#10928=DIRECTION('',(0.,1.,0.));
#10929=DIRECTION('',(0.965885549343202,0.,0.258969313954337));
#10930=DIRECTION('center_axis',(0.,1.,0.));
#10931=DIRECTION('ref_axis',(-0.258969313954337,0.,0.965885549343202));
#10932=DIRECTION('',(0.258969313954337,0.,-0.965885549343202));
#10933=DIRECTION('',(0.258969313954337,0.,-0.965885549343202));
#10934=DIRECTION('center_axis',(0.965885549343203,0.,0.258969313954337));
#10935=DIRECTION('ref_axis',(0.258969313954337,0.,-0.965885549343202));
#10936=DIRECTION('',(0.258969313954337,0.,-0.965885549343202));
#10937=DIRECTION('center_axis',(0.,-1.,0.));
#10938=DIRECTION('ref_axis',(0.258969313954337,0.,-0.965885549343202));
#10939=DIRECTION('',(0.258969313954337,0.,-0.965885549343202));
#10940=DIRECTION('center_axis',(-0.965885549343203,0.,-0.258969313954337));
#10941=DIRECTION('ref_axis',(-0.258969313954337,0.,0.965885549343202));
#10942=DIRECTION('center_axis',(-0.258969313954337,0.,0.965885549343203));
#10943=DIRECTION('ref_axis',(0.965885549343202,0.,0.258969313954337));
#10944=DIRECTION('',(0.,1.,0.));
#10945=DIRECTION('',(-0.965885549343202,0.,-0.258969313954337));
#10946=DIRECTION('',(0.,-1.,0.));
#10947=DIRECTION('',(0.965885549343202,0.,0.258969313954337));
#10948=DIRECTION('center_axis',(-0.258969313954337,0.,0.965885549343203));
#10949=DIRECTION('ref_axis',(0.965885549343202,0.,0.258969313954337));
#10950=DIRECTION('',(0.,-1.,0.));
#10951=DIRECTION('',(-0.965885549343202,0.,-0.258969313954337));
#10952=DIRECTION('',(0.,1.,0.));
#10953=DIRECTION('',(0.965885549343202,0.,0.258969313954337));
#10954=DIRECTION('center_axis',(0.,1.,0.));
#10955=DIRECTION('ref_axis',(-0.258969313954337,0.,0.965885549343202));
#10956=DIRECTION('',(0.258969313954337,0.,-0.965885549343202));
#10957=DIRECTION('',(0.258969313954337,0.,-0.965885549343202));
#10958=DIRECTION('center_axis',(0.965885549343203,0.,0.258969313954337));
#10959=DIRECTION('ref_axis',(0.258969313954337,0.,-0.965885549343202));
#10960=DIRECTION('',(0.258969313954337,0.,-0.965885549343202));
#10961=DIRECTION('center_axis',(0.,-1.,0.));
#10962=DIRECTION('ref_axis',(0.258969313954337,0.,-0.965885549343202));
#10963=DIRECTION('',(0.258969313954337,0.,-0.965885549343202));
#10964=DIRECTION('center_axis',(-0.965885549343203,0.,-0.258969313954337));
#10965=DIRECTION('ref_axis',(-0.258969313954337,0.,0.965885549343202));
#10966=DIRECTION('center_axis',(-0.258969313954337,0.,0.965885549343203));
#10967=DIRECTION('ref_axis',(0.965885549343202,0.,0.258969313954337));
#10968=DIRECTION('',(0.,1.,0.));
#10969=DIRECTION('',(-0.965885549343202,0.,-0.258969313954337));
#10970=DIRECTION('',(0.,-1.,0.));
#10971=DIRECTION('',(0.965885549343202,0.,0.258969313954337));
#10972=DIRECTION('center_axis',(-0.258969313954337,0.,0.965885549343203));
#10973=DIRECTION('ref_axis',(0.965885549343202,0.,0.258969313954337));
#10974=DIRECTION('',(0.,-1.,0.));
#10975=DIRECTION('',(-0.965885549343202,0.,-0.258969313954337));
#10976=DIRECTION('',(0.,1.,0.));
#10977=DIRECTION('',(0.965885549343202,0.,0.258969313954337));
#10978=DIRECTION('center_axis',(0.,1.,0.));
#10979=DIRECTION('ref_axis',(-0.258969313954337,0.,0.965885549343202));
#10980=DIRECTION('',(0.258969313954337,0.,-0.965885549343202));
#10981=DIRECTION('',(0.258969313954337,0.,-0.965885549343202));
#10982=DIRECTION('center_axis',(0.965885549343203,0.,0.258969313954337));
#10983=DIRECTION('ref_axis',(0.258969313954337,0.,-0.965885549343202));
#10984=DIRECTION('',(0.258969313954337,0.,-0.965885549343202));
#10985=DIRECTION('center_axis',(0.,-1.,0.));
#10986=DIRECTION('ref_axis',(0.258969313954337,0.,-0.965885549343202));
#10987=DIRECTION('',(0.258969313954337,0.,-0.965885549343202));
#10988=DIRECTION('center_axis',(-0.965885549343203,0.,-0.258969313954337));
#10989=DIRECTION('ref_axis',(-0.258969313954337,0.,0.965885549343202));
#10990=DIRECTION('center_axis',(-0.258969313954337,0.,0.965885549343203));
#10991=DIRECTION('ref_axis',(0.965885549343202,0.,0.258969313954337));
#10992=DIRECTION('',(0.,1.,0.));
#10993=DIRECTION('',(-0.965885549343202,0.,-0.258969313954337));
#10994=DIRECTION('',(0.,-1.,0.));
#10995=DIRECTION('',(0.965885549343202,0.,0.258969313954337));
#10996=DIRECTION('center_axis',(-0.258969313954337,0.,0.965885549343203));
#10997=DIRECTION('ref_axis',(0.965885549343202,0.,0.258969313954337));
#10998=DIRECTION('',(0.,-1.,0.));
#10999=DIRECTION('',(-0.965885549343202,0.,-0.258969313954337));
#11000=DIRECTION('',(0.,1.,0.));
#11001=DIRECTION('',(0.965885549343202,0.,0.258969313954337));
#11002=DIRECTION('center_axis',(0.,1.,0.));
#11003=DIRECTION('ref_axis',(-0.258969313954337,0.,0.965885549343202));
#11004=DIRECTION('',(0.258969313954337,0.,-0.965885549343202));
#11005=DIRECTION('',(0.258969313954337,0.,-0.965885549343202));
#11006=DIRECTION('center_axis',(0.965885549343203,0.,0.258969313954337));
#11007=DIRECTION('ref_axis',(0.258969313954337,0.,-0.965885549343202));
#11008=DIRECTION('',(0.258969313954337,0.,-0.965885549343202));
#11009=DIRECTION('center_axis',(0.,-1.,0.));
#11010=DIRECTION('ref_axis',(0.258969313954337,0.,-0.965885549343202));
#11011=DIRECTION('',(0.258969313954337,0.,-0.965885549343202));
#11012=DIRECTION('center_axis',(-0.965885549343203,0.,-0.258969313954337));
#11013=DIRECTION('ref_axis',(-0.258969313954337,0.,0.965885549343202));
#11014=DIRECTION('center_axis',(-0.258969313954337,0.,0.965885549343203));
#11015=DIRECTION('ref_axis',(0.965885549343202,0.,0.258969313954337));
#11016=DIRECTION('',(0.,1.,0.));
#11017=DIRECTION('',(-0.965885549343202,0.,-0.258969313954337));
#11018=DIRECTION('',(0.,-1.,0.));
#11019=DIRECTION('',(0.965885549343202,0.,0.258969313954337));
#11020=DIRECTION('center_axis',(-0.258969313954337,0.,0.965885549343203));
#11021=DIRECTION('ref_axis',(0.965885549343202,0.,0.258969313954337));
#11022=DIRECTION('',(0.,-1.,0.));
#11023=DIRECTION('',(-0.965885549343202,0.,-0.258969313954337));
#11024=DIRECTION('',(0.,1.,0.));
#11025=DIRECTION('',(0.965885549343202,0.,0.258969313954337));
#11026=DIRECTION('center_axis',(0.,1.,0.));
#11027=DIRECTION('ref_axis',(-0.258969313954337,0.,0.965885549343202));
#11028=DIRECTION('',(0.258969313954337,0.,-0.965885549343202));
#11029=DIRECTION('',(0.258969313954337,0.,-0.965885549343202));
#11030=DIRECTION('center_axis',(0.965885549343203,0.,0.258969313954337));
#11031=DIRECTION('ref_axis',(0.258969313954337,0.,-0.965885549343202));
#11032=DIRECTION('',(0.258969313954337,0.,-0.965885549343202));
#11033=DIRECTION('center_axis',(0.,-1.,0.));
#11034=DIRECTION('ref_axis',(0.258969313954337,0.,-0.965885549343202));
#11035=DIRECTION('',(0.258969313954337,0.,-0.965885549343202));
#11036=DIRECTION('center_axis',(-0.965885549343203,0.,-0.258969313954337));
#11037=DIRECTION('ref_axis',(-0.258969313954337,0.,0.965885549343202));
#11038=DIRECTION('center_axis',(-0.258969313954337,0.,0.965885549343203));
#11039=DIRECTION('ref_axis',(0.965885549343202,0.,0.258969313954337));
#11040=DIRECTION('',(0.,1.,0.));
#11041=DIRECTION('',(-0.965885549343202,0.,-0.258969313954337));
#11042=DIRECTION('',(0.,-1.,0.));
#11043=DIRECTION('',(0.965885549343202,0.,0.258969313954337));
#11044=DIRECTION('center_axis',(-0.258969313954337,0.,0.965885549343203));
#11045=DIRECTION('ref_axis',(0.965885549343202,0.,0.258969313954337));
#11046=DIRECTION('',(0.,-1.,0.));
#11047=DIRECTION('',(-0.965885549343202,0.,-0.258969313954337));
#11048=DIRECTION('',(0.,1.,0.));
#11049=DIRECTION('',(0.965885549343202,0.,0.258969313954337));
#11050=DIRECTION('center_axis',(0.,1.,0.));
#11051=DIRECTION('ref_axis',(-0.258969313954337,0.,0.965885549343202));
#11052=DIRECTION('',(0.258969313954337,0.,-0.965885549343202));
#11053=DIRECTION('',(0.258969313954337,0.,-0.965885549343202));
#11054=DIRECTION('center_axis',(0.965885549343203,0.,0.258969313954337));
#11055=DIRECTION('ref_axis',(0.258969313954337,0.,-0.965885549343202));
#11056=DIRECTION('',(0.258969313954337,0.,-0.965885549343202));
#11057=DIRECTION('center_axis',(0.,-1.,0.));
#11058=DIRECTION('ref_axis',(0.258969313954337,0.,-0.965885549343202));
#11059=DIRECTION('',(0.258969313954337,0.,-0.965885549343202));
#11060=DIRECTION('center_axis',(-0.965885549343203,0.,-0.258969313954337));
#11061=DIRECTION('ref_axis',(-0.258969313954337,0.,0.965885549343202));
#11062=DIRECTION('axis',(0.,0.,1.));
#11063=DIRECTION('refdir',(1.,0.,0.));
#11064=DIRECTION('center_axis',(0.,0.,1.));
#11065=DIRECTION('ref_axis',(1.,0.,0.));
#11066=DIRECTION('',(0.,1.,0.));
#11067=DIRECTION('',(-1.,0.,0.));
#11068=DIRECTION('',(0.,-1.,0.));
#11069=DIRECTION('',(1.,0.,0.));
#11070=DIRECTION('center_axis',(0.,0.,1.));
#11071=DIRECTION('ref_axis',(1.,0.,0.));
#11072=DIRECTION('',(0.,-1.,0.));
#11073=DIRECTION('',(-1.,0.,0.));
#11074=DIRECTION('',(0.,1.,0.));
#11075=DIRECTION('',(1.,0.,0.));
#11076=DIRECTION('center_axis',(0.,1.,0.));
#11077=DIRECTION('ref_axis',(0.,0.,1.));
#11078=DIRECTION('',(0.,0.,-1.));
#11079=DIRECTION('',(0.,0.,-1.));
#11080=DIRECTION('center_axis',(1.,0.,0.));
#11081=DIRECTION('ref_axis',(0.,0.,-1.));
#11082=DIRECTION('',(0.,0.,-1.));
#11083=DIRECTION('center_axis',(0.,-1.,0.));
#11084=DIRECTION('ref_axis',(0.,0.,-1.));
#11085=DIRECTION('',(0.,0.,-1.));
#11086=DIRECTION('center_axis',(-1.,0.,0.));
#11087=DIRECTION('ref_axis',(0.,0.,1.));
#11088=DIRECTION('center_axis',(0.,0.,1.));
#11089=DIRECTION('ref_axis',(1.,0.,0.));
#11090=DIRECTION('',(0.,1.,0.));
#11091=DIRECTION('',(-1.,0.,0.));
#11092=DIRECTION('',(0.,-1.,0.));
#11093=DIRECTION('',(1.,0.,0.));
#11094=DIRECTION('center_axis',(0.,0.,1.));
#11095=DIRECTION('ref_axis',(1.,0.,0.));
#11096=DIRECTION('',(0.,-1.,0.));
#11097=DIRECTION('',(-1.,0.,0.));
#11098=DIRECTION('',(0.,1.,0.));
#11099=DIRECTION('',(1.,0.,0.));
#11100=DIRECTION('center_axis',(0.,1.,0.));
#11101=DIRECTION('ref_axis',(0.,0.,1.));
#11102=DIRECTION('',(0.,0.,-1.));
#11103=DIRECTION('',(0.,0.,-1.));
#11104=DIRECTION('center_axis',(1.,0.,0.));
#11105=DIRECTION('ref_axis',(0.,0.,-1.));
#11106=DIRECTION('',(0.,0.,-1.));
#11107=DIRECTION('center_axis',(0.,-1.,0.));
#11108=DIRECTION('ref_axis',(0.,0.,-1.));
#11109=DIRECTION('',(0.,0.,-1.));
#11110=DIRECTION('center_axis',(-1.,0.,0.));
#11111=DIRECTION('ref_axis',(0.,0.,1.));
#11112=DIRECTION('center_axis',(0.,0.,1.));
#11113=DIRECTION('ref_axis',(1.,0.,0.));
#11114=DIRECTION('',(0.,1.,0.));
#11115=DIRECTION('',(-1.,0.,0.));
#11116=DIRECTION('',(0.,-1.,0.));
#11117=DIRECTION('',(1.,0.,0.));
#11118=DIRECTION('center_axis',(0.,0.,1.));
#11119=DIRECTION('ref_axis',(1.,0.,0.));
#11120=DIRECTION('',(0.,-1.,0.));
#11121=DIRECTION('',(-1.,0.,0.));
#11122=DIRECTION('',(0.,1.,0.));
#11123=DIRECTION('',(1.,0.,0.));
#11124=DIRECTION('center_axis',(0.,1.,0.));
#11125=DIRECTION('ref_axis',(0.,0.,1.));
#11126=DIRECTION('',(0.,0.,-1.));
#11127=DIRECTION('',(0.,0.,-1.));
#11128=DIRECTION('center_axis',(1.,0.,0.));
#11129=DIRECTION('ref_axis',(0.,0.,-1.));
#11130=DIRECTION('',(0.,0.,-1.));
#11131=DIRECTION('center_axis',(0.,-1.,0.));
#11132=DIRECTION('ref_axis',(0.,0.,-1.));
#11133=DIRECTION('',(0.,0.,-1.));
#11134=DIRECTION('center_axis',(-1.,0.,0.));
#11135=DIRECTION('ref_axis',(0.,0.,1.));
#11136=DIRECTION('center_axis',(0.,0.,1.));
#11137=DIRECTION('ref_axis',(1.,0.,0.));
#11138=DIRECTION('',(0.,1.,0.));
#11139=DIRECTION('',(-1.,0.,0.));
#11140=DIRECTION('',(0.,-1.,0.));
#11141=DIRECTION('',(1.,0.,0.));
#11142=DIRECTION('center_axis',(0.,0.,1.));
#11143=DIRECTION('ref_axis',(1.,0.,0.));
#11144=DIRECTION('',(0.,-1.,0.));
#11145=DIRECTION('',(-1.,0.,0.));
#11146=DIRECTION('',(0.,1.,0.));
#11147=DIRECTION('',(1.,0.,0.));
#11148=DIRECTION('center_axis',(0.,1.,0.));
#11149=DIRECTION('ref_axis',(0.,0.,1.));
#11150=DIRECTION('',(0.,0.,-1.));
#11151=DIRECTION('',(0.,0.,-1.));
#11152=DIRECTION('center_axis',(1.,0.,0.));
#11153=DIRECTION('ref_axis',(0.,0.,-1.));
#11154=DIRECTION('',(0.,0.,-1.));
#11155=DIRECTION('center_axis',(0.,-1.,0.));
#11156=DIRECTION('ref_axis',(0.,0.,-1.));
#11157=DIRECTION('',(0.,0.,-1.));
#11158=DIRECTION('center_axis',(-1.,0.,0.));
#11159=DIRECTION('ref_axis',(0.,0.,1.));
#11160=DIRECTION('center_axis',(0.,0.,1.));
#11161=DIRECTION('ref_axis',(1.,0.,0.));
#11162=DIRECTION('',(0.,1.,0.));
#11163=DIRECTION('',(-1.,0.,0.));
#11164=DIRECTION('',(0.,-1.,0.));
#11165=DIRECTION('',(1.,0.,0.));
#11166=DIRECTION('center_axis',(0.,0.,1.));
#11167=DIRECTION('ref_axis',(1.,0.,0.));
#11168=DIRECTION('',(0.,-1.,0.));
#11169=DIRECTION('',(-1.,0.,0.));
#11170=DIRECTION('',(0.,1.,0.));
#11171=DIRECTION('',(1.,0.,0.));
#11172=DIRECTION('center_axis',(0.,1.,0.));
#11173=DIRECTION('ref_axis',(0.,0.,1.));
#11174=DIRECTION('',(0.,0.,-1.));
#11175=DIRECTION('',(0.,0.,-1.));
#11176=DIRECTION('center_axis',(1.,0.,0.));
#11177=DIRECTION('ref_axis',(0.,0.,-1.));
#11178=DIRECTION('',(0.,0.,-1.));
#11179=DIRECTION('center_axis',(0.,-1.,0.));
#11180=DIRECTION('ref_axis',(0.,0.,-1.));
#11181=DIRECTION('',(0.,0.,-1.));
#11182=DIRECTION('center_axis',(-1.,0.,0.));
#11183=DIRECTION('ref_axis',(0.,0.,1.));
#11184=DIRECTION('center_axis',(0.,0.,1.));
#11185=DIRECTION('ref_axis',(1.,0.,0.));
#11186=DIRECTION('',(0.,1.,0.));
#11187=DIRECTION('',(-1.,0.,0.));
#11188=DIRECTION('',(0.,-1.,0.));
#11189=DIRECTION('',(1.,0.,0.));
#11190=DIRECTION('center_axis',(0.,0.,1.));
#11191=DIRECTION('ref_axis',(1.,0.,0.));
#11192=DIRECTION('',(0.,-1.,0.));
#11193=DIRECTION('',(-1.,0.,0.));
#11194=DIRECTION('',(0.,1.,0.));
#11195=DIRECTION('',(1.,0.,0.));
#11196=DIRECTION('center_axis',(0.,1.,0.));
#11197=DIRECTION('ref_axis',(0.,0.,1.));
#11198=DIRECTION('',(0.,0.,-1.));
#11199=DIRECTION('',(0.,0.,-1.));
#11200=DIRECTION('center_axis',(1.,0.,0.));
#11201=DIRECTION('ref_axis',(0.,0.,-1.));
#11202=DIRECTION('',(0.,0.,-1.));
#11203=DIRECTION('center_axis',(0.,-1.,0.));
#11204=DIRECTION('ref_axis',(0.,0.,-1.));
#11205=DIRECTION('',(0.,0.,-1.));
#11206=DIRECTION('center_axis',(-1.,0.,0.));
#11207=DIRECTION('ref_axis',(0.,0.,1.));
#11208=DIRECTION('center_axis',(0.,0.,1.));
#11209=DIRECTION('ref_axis',(1.,0.,0.));
#11210=DIRECTION('',(0.,1.,0.));
#11211=DIRECTION('',(-1.,0.,0.));
#11212=DIRECTION('',(0.,-1.,0.));
#11213=DIRECTION('',(1.,0.,0.));
#11214=DIRECTION('center_axis',(0.,0.,1.));
#11215=DIRECTION('ref_axis',(1.,0.,0.));
#11216=DIRECTION('',(0.,-1.,0.));
#11217=DIRECTION('',(-1.,0.,0.));
#11218=DIRECTION('',(0.,1.,0.));
#11219=DIRECTION('',(1.,0.,0.));
#11220=DIRECTION('center_axis',(0.,1.,0.));
#11221=DIRECTION('ref_axis',(0.,0.,1.));
#11222=DIRECTION('',(0.,0.,-1.));
#11223=DIRECTION('',(0.,0.,-1.));
#11224=DIRECTION('center_axis',(1.,0.,0.));
#11225=DIRECTION('ref_axis',(0.,0.,-1.));
#11226=DIRECTION('',(0.,0.,-1.));
#11227=DIRECTION('center_axis',(0.,-1.,0.));
#11228=DIRECTION('ref_axis',(0.,0.,-1.));
#11229=DIRECTION('',(0.,0.,-1.));
#11230=DIRECTION('center_axis',(-1.,0.,0.));
#11231=DIRECTION('ref_axis',(0.,0.,1.));
#11232=DIRECTION('center_axis',(0.,0.,1.));
#11233=DIRECTION('ref_axis',(1.,0.,0.));
#11234=DIRECTION('',(0.,1.,0.));
#11235=DIRECTION('',(-1.,0.,0.));
#11236=DIRECTION('',(0.,-1.,0.));
#11237=DIRECTION('',(1.,0.,0.));
#11238=DIRECTION('center_axis',(0.,0.,1.));
#11239=DIRECTION('ref_axis',(1.,0.,0.));
#11240=DIRECTION('',(0.,-1.,0.));
#11241=DIRECTION('',(-1.,0.,0.));
#11242=DIRECTION('',(0.,1.,0.));
#11243=DIRECTION('',(1.,0.,0.));
#11244=DIRECTION('center_axis',(0.,1.,0.));
#11245=DIRECTION('ref_axis',(0.,0.,1.));
#11246=DIRECTION('',(0.,0.,-1.));
#11247=DIRECTION('',(0.,0.,-1.));
#11248=DIRECTION('center_axis',(1.,0.,0.));
#11249=DIRECTION('ref_axis',(0.,0.,-1.));
#11250=DIRECTION('',(0.,0.,-1.));
#11251=DIRECTION('center_axis',(0.,-1.,0.));
#11252=DIRECTION('ref_axis',(0.,0.,-1.));
#11253=DIRECTION('',(0.,0.,-1.));
#11254=DIRECTION('center_axis',(-1.,0.,0.));
#11255=DIRECTION('ref_axis',(0.,0.,1.));
#11256=DIRECTION('axis',(0.,0.,1.));
#11257=DIRECTION('refdir',(1.,0.,0.));
#11258=DIRECTION('center_axis',(0.,0.,1.));
#11259=DIRECTION('ref_axis',(1.,0.,0.));
#11260=DIRECTION('',(0.,1.,0.));
#11261=DIRECTION('',(-1.,0.,0.));
#11262=DIRECTION('',(0.,-1.,0.));
#11263=DIRECTION('',(1.,0.,0.));
#11264=DIRECTION('center_axis',(0.,0.,1.));
#11265=DIRECTION('ref_axis',(1.,0.,0.));
#11266=DIRECTION('',(0.,-1.,0.));
#11267=DIRECTION('',(-1.,0.,0.));
#11268=DIRECTION('',(0.,1.,0.));
#11269=DIRECTION('',(1.,0.,0.));
#11270=DIRECTION('center_axis',(0.,1.,0.));
#11271=DIRECTION('ref_axis',(0.,0.,1.));
#11272=DIRECTION('',(0.,0.,-1.));
#11273=DIRECTION('',(0.,0.,-1.));
#11274=DIRECTION('center_axis',(1.,0.,0.));
#11275=DIRECTION('ref_axis',(0.,0.,-1.));
#11276=DIRECTION('',(0.,0.,-1.));
#11277=DIRECTION('center_axis',(0.,-1.,0.));
#11278=DIRECTION('ref_axis',(0.,0.,-1.));
#11279=DIRECTION('',(0.,0.,-1.));
#11280=DIRECTION('center_axis',(-1.,0.,0.));
#11281=DIRECTION('ref_axis',(0.,0.,1.));
#11282=DIRECTION('center_axis',(-0.341903596776647,0.,0.939735032076165));
#11283=DIRECTION('ref_axis',(0.939735032076165,0.,0.341903596776647));
#11284=DIRECTION('',(0.,1.,0.));
#11285=DIRECTION('',(-0.939735032076165,0.,-0.341903596776647));
#11286=DIRECTION('',(0.,-1.,0.));
#11287=DIRECTION('',(0.939735032076165,0.,0.341903596776647));
#11288=DIRECTION('center_axis',(-0.341903596776647,0.,0.939735032076165));
#11289=DIRECTION('ref_axis',(0.939735032076165,0.,0.341903596776647));
#11290=DIRECTION('',(0.,-1.,0.));
#11291=DIRECTION('',(-0.939735032076165,0.,-0.341903596776647));
#11292=DIRECTION('',(0.,1.,0.));
#11293=DIRECTION('',(0.939735032076165,0.,0.341903596776647));
#11294=DIRECTION('center_axis',(0.,1.,0.));
#11295=DIRECTION('ref_axis',(-0.341903596776647,0.,0.939735032076165));
#11296=DIRECTION('',(0.341903596776647,0.,-0.939735032076165));
#11297=DIRECTION('',(0.341903596776647,0.,-0.939735032076165));
#11298=DIRECTION('center_axis',(0.939735032076165,0.,0.341903596776647));
#11299=DIRECTION('ref_axis',(0.341903596776647,0.,-0.939735032076165));
#11300=DIRECTION('',(0.341903596776647,0.,-0.939735032076165));
#11301=DIRECTION('center_axis',(0.,-1.,0.));
#11302=DIRECTION('ref_axis',(0.341903596776647,0.,-0.939735032076165));
#11303=DIRECTION('',(0.341903596776647,0.,-0.939735032076165));
#11304=DIRECTION('center_axis',(-0.939735032076165,0.,-0.341903596776647));
#11305=DIRECTION('ref_axis',(-0.341903596776647,0.,0.939735032076165));
#11306=DIRECTION('center_axis',(0.,0.,1.));
#11307=DIRECTION('ref_axis',(1.,0.,0.));
#11308=DIRECTION('',(0.,1.,0.));
#11309=DIRECTION('',(-1.,0.,0.));
#11310=DIRECTION('',(0.,-1.,0.));
#11311=DIRECTION('',(1.,0.,0.));
#11312=DIRECTION('center_axis',(0.,0.,1.));
#11313=DIRECTION('ref_axis',(1.,0.,0.));
#11314=DIRECTION('',(0.,-1.,0.));
#11315=DIRECTION('',(-1.,0.,0.));
#11316=DIRECTION('',(0.,1.,0.));
#11317=DIRECTION('',(1.,0.,0.));
#11318=DIRECTION('center_axis',(0.,1.,0.));
#11319=DIRECTION('ref_axis',(0.,0.,1.));
#11320=DIRECTION('',(0.,0.,-1.));
#11321=DIRECTION('',(0.,0.,-1.));
#11322=DIRECTION('center_axis',(1.,0.,0.));
#11323=DIRECTION('ref_axis',(0.,0.,-1.));
#11324=DIRECTION('',(0.,0.,-1.));
#11325=DIRECTION('center_axis',(0.,-1.,0.));
#11326=DIRECTION('ref_axis',(0.,0.,-1.));
#11327=DIRECTION('',(0.,0.,-1.));
#11328=DIRECTION('center_axis',(-1.,0.,0.));
#11329=DIRECTION('ref_axis',(0.,0.,1.));
#11330=DIRECTION('center_axis',(0.,0.,1.));
#11331=DIRECTION('ref_axis',(1.,0.,0.));
#11332=DIRECTION('',(0.,1.,0.));
#11333=DIRECTION('',(-1.,0.,0.));
#11334=DIRECTION('',(0.,-1.,0.));
#11335=DIRECTION('',(1.,0.,0.));
#11336=DIRECTION('center_axis',(0.,0.,1.));
#11337=DIRECTION('ref_axis',(1.,0.,0.));
#11338=DIRECTION('',(0.,-1.,0.));
#11339=DIRECTION('',(-1.,0.,0.));
#11340=DIRECTION('',(0.,1.,0.));
#11341=DIRECTION('',(1.,0.,0.));
#11342=DIRECTION('center_axis',(0.,1.,0.));
#11343=DIRECTION('ref_axis',(0.,0.,1.));
#11344=DIRECTION('',(0.,0.,-1.));
#11345=DIRECTION('',(0.,0.,-1.));
#11346=DIRECTION('center_axis',(1.,0.,0.));
#11347=DIRECTION('ref_axis',(0.,0.,-1.));
#11348=DIRECTION('',(0.,0.,-1.));
#11349=DIRECTION('center_axis',(0.,-1.,0.));
#11350=DIRECTION('ref_axis',(0.,0.,-1.));
#11351=DIRECTION('',(0.,0.,-1.));
#11352=DIRECTION('center_axis',(-1.,0.,0.));
#11353=DIRECTION('ref_axis',(0.,0.,1.));
#11354=DIRECTION('center_axis',(0.,0.,1.));
#11355=DIRECTION('ref_axis',(1.,0.,0.));
#11356=DIRECTION('',(0.,1.,0.));
#11357=DIRECTION('',(-1.,0.,0.));
#11358=DIRECTION('',(0.,-1.,0.));
#11359=DIRECTION('',(1.,0.,0.));
#11360=DIRECTION('center_axis',(0.,0.,1.));
#11361=DIRECTION('ref_axis',(1.,0.,0.));
#11362=DIRECTION('',(0.,-1.,0.));
#11363=DIRECTION('',(-1.,0.,0.));
#11364=DIRECTION('',(0.,1.,0.));
#11365=DIRECTION('',(1.,0.,0.));
#11366=DIRECTION('center_axis',(0.,1.,0.));
#11367=DIRECTION('ref_axis',(0.,0.,1.));
#11368=DIRECTION('',(0.,0.,-1.));
#11369=DIRECTION('',(0.,0.,-1.));
#11370=DIRECTION('center_axis',(1.,0.,0.));
#11371=DIRECTION('ref_axis',(0.,0.,-1.));
#11372=DIRECTION('',(0.,0.,-1.));
#11373=DIRECTION('center_axis',(0.,-1.,0.));
#11374=DIRECTION('ref_axis',(0.,0.,-1.));
#11375=DIRECTION('',(0.,0.,-1.));
#11376=DIRECTION('center_axis',(-1.,0.,0.));
#11377=DIRECTION('ref_axis',(0.,0.,1.));
#11378=DIRECTION('center_axis',(0.,0.,1.));
#11379=DIRECTION('ref_axis',(1.,0.,0.));
#11380=DIRECTION('',(0.,1.,0.));
#11381=DIRECTION('',(-1.,0.,0.));
#11382=DIRECTION('',(0.,-1.,0.));
#11383=DIRECTION('',(1.,0.,0.));
#11384=DIRECTION('center_axis',(0.,0.,1.));
#11385=DIRECTION('ref_axis',(1.,0.,0.));
#11386=DIRECTION('',(0.,-1.,0.));
#11387=DIRECTION('',(-1.,0.,0.));
#11388=DIRECTION('',(0.,1.,0.));
#11389=DIRECTION('',(1.,0.,0.));
#11390=DIRECTION('center_axis',(0.,1.,0.));
#11391=DIRECTION('ref_axis',(0.,0.,1.));
#11392=DIRECTION('',(0.,0.,-1.));
#11393=DIRECTION('',(0.,0.,-1.));
#11394=DIRECTION('center_axis',(1.,0.,0.));
#11395=DIRECTION('ref_axis',(0.,0.,-1.));
#11396=DIRECTION('',(0.,0.,-1.));
#11397=DIRECTION('center_axis',(0.,-1.,0.));
#11398=DIRECTION('ref_axis',(0.,0.,-1.));
#11399=DIRECTION('',(0.,0.,-1.));
#11400=DIRECTION('center_axis',(-1.,0.,0.));
#11401=DIRECTION('ref_axis',(0.,0.,1.));
#11402=DIRECTION('center_axis',(-0.341903596776647,0.,0.939735032076165));
#11403=DIRECTION('ref_axis',(0.939735032076165,0.,0.341903596776647));
#11404=DIRECTION('',(0.,1.,0.));
#11405=DIRECTION('',(-0.939735032076165,0.,-0.341903596776647));
#11406=DIRECTION('',(0.,-1.,0.));
#11407=DIRECTION('',(0.939735032076165,0.,0.341903596776647));
#11408=DIRECTION('center_axis',(-0.341903596776647,0.,0.939735032076165));
#11409=DIRECTION('ref_axis',(0.939735032076165,0.,0.341903596776647));
#11410=DIRECTION('',(0.,-1.,0.));
#11411=DIRECTION('',(-0.939735032076165,0.,-0.341903596776647));
#11412=DIRECTION('',(0.,1.,0.));
#11413=DIRECTION('',(0.939735032076165,0.,0.341903596776647));
#11414=DIRECTION('center_axis',(0.,1.,0.));
#11415=DIRECTION('ref_axis',(-0.341903596776647,0.,0.939735032076165));
#11416=DIRECTION('',(0.341903596776647,0.,-0.939735032076165));
#11417=DIRECTION('',(0.341903596776647,0.,-0.939735032076165));
#11418=DIRECTION('center_axis',(0.939735032076165,0.,0.341903596776647));
#11419=DIRECTION('ref_axis',(0.341903596776647,0.,-0.939735032076165));
#11420=DIRECTION('',(0.341903596776647,0.,-0.939735032076165));
#11421=DIRECTION('center_axis',(0.,-1.,0.));
#11422=DIRECTION('ref_axis',(0.341903596776647,0.,-0.939735032076165));
#11423=DIRECTION('',(0.341903596776647,0.,-0.939735032076165));
#11424=DIRECTION('center_axis',(-0.939735032076165,0.,-0.341903596776647));
#11425=DIRECTION('ref_axis',(-0.341903596776647,0.,0.939735032076165));
#11426=DIRECTION('center_axis',(0.,0.,1.));
#11427=DIRECTION('ref_axis',(1.,0.,0.));
#11428=DIRECTION('',(0.,1.,0.));
#11429=DIRECTION('',(-1.,0.,0.));
#11430=DIRECTION('',(0.,-1.,0.));
#11431=DIRECTION('',(1.,0.,0.));
#11432=DIRECTION('center_axis',(0.,0.,1.));
#11433=DIRECTION('ref_axis',(1.,0.,0.));
#11434=DIRECTION('',(0.,-1.,0.));
#11435=DIRECTION('',(-1.,0.,0.));
#11436=DIRECTION('',(0.,1.,0.));
#11437=DIRECTION('',(1.,0.,0.));
#11438=DIRECTION('center_axis',(0.,1.,0.));
#11439=DIRECTION('ref_axis',(0.,0.,1.));
#11440=DIRECTION('',(0.,0.,-1.));
#11441=DIRECTION('',(0.,0.,-1.));
#11442=DIRECTION('center_axis',(1.,0.,0.));
#11443=DIRECTION('ref_axis',(0.,0.,-1.));
#11444=DIRECTION('',(0.,0.,-1.));
#11445=DIRECTION('center_axis',(0.,-1.,0.));
#11446=DIRECTION('ref_axis',(0.,0.,-1.));
#11447=DIRECTION('',(0.,0.,-1.));
#11448=DIRECTION('center_axis',(-1.,0.,0.));
#11449=DIRECTION('ref_axis',(0.,0.,1.));
#11450=DIRECTION('center_axis',(0.,0.,1.));
#11451=DIRECTION('ref_axis',(1.,0.,0.));
#11452=DIRECTION('',(0.,1.,0.));
#11453=DIRECTION('',(-1.,0.,0.));
#11454=DIRECTION('',(0.,-1.,0.));
#11455=DIRECTION('',(1.,0.,0.));
#11456=DIRECTION('center_axis',(0.,0.,1.));
#11457=DIRECTION('ref_axis',(1.,0.,0.));
#11458=DIRECTION('',(0.,-1.,0.));
#11459=DIRECTION('',(-1.,0.,0.));
#11460=DIRECTION('',(0.,1.,0.));
#11461=DIRECTION('',(1.,0.,0.));
#11462=DIRECTION('center_axis',(0.,1.,0.));
#11463=DIRECTION('ref_axis',(0.,0.,1.));
#11464=DIRECTION('',(0.,0.,-1.));
#11465=DIRECTION('',(0.,0.,-1.));
#11466=DIRECTION('center_axis',(1.,0.,0.));
#11467=DIRECTION('ref_axis',(0.,0.,-1.));
#11468=DIRECTION('',(0.,0.,-1.));
#11469=DIRECTION('center_axis',(0.,-1.,0.));
#11470=DIRECTION('ref_axis',(0.,0.,-1.));
#11471=DIRECTION('',(0.,0.,-1.));
#11472=DIRECTION('center_axis',(-1.,0.,0.));
#11473=DIRECTION('ref_axis',(0.,0.,1.));
#11474=DIRECTION('center_axis',(0.,0.,1.));
#11475=DIRECTION('ref_axis',(1.,0.,0.));
#11476=DIRECTION('',(0.,1.,0.));
#11477=DIRECTION('',(-1.,0.,0.));
#11478=DIRECTION('',(0.,-1.,0.));
#11479=DIRECTION('',(1.,0.,0.));
#11480=DIRECTION('center_axis',(0.,0.,1.));
#11481=DIRECTION('ref_axis',(1.,0.,0.));
#11482=DIRECTION('',(0.,-1.,0.));
#11483=DIRECTION('',(-1.,0.,0.));
#11484=DIRECTION('',(0.,1.,0.));
#11485=DIRECTION('',(1.,0.,0.));
#11486=DIRECTION('center_axis',(0.,1.,0.));
#11487=DIRECTION('ref_axis',(0.,0.,1.));
#11488=DIRECTION('',(0.,0.,-1.));
#11489=DIRECTION('',(0.,0.,-1.));
#11490=DIRECTION('center_axis',(1.,0.,0.));
#11491=DIRECTION('ref_axis',(0.,0.,-1.));
#11492=DIRECTION('',(0.,0.,-1.));
#11493=DIRECTION('center_axis',(0.,-1.,0.));
#11494=DIRECTION('ref_axis',(0.,0.,-1.));
#11495=DIRECTION('',(0.,0.,-1.));
#11496=DIRECTION('center_axis',(-1.,0.,0.));
#11497=DIRECTION('ref_axis',(0.,0.,1.));
#11498=DIRECTION('axis',(0.,0.,1.));
#11499=DIRECTION('refdir',(1.,0.,0.));
#11500=DIRECTION('center_axis',(0.,0.,1.));
#11501=DIRECTION('ref_axis',(1.,0.,0.));
#11502=DIRECTION('center_axis',(0.,0.,1.));
#11503=DIRECTION('ref_axis',(1.,0.,0.));
#11504=DIRECTION('',(0.,0.,1.));
#11505=DIRECTION('center_axis',(0.,0.,-1.));
#11506=DIRECTION('ref_axis',(1.,0.,0.));
#11507=DIRECTION('center_axis',(0.,0.,1.));
#11508=DIRECTION('ref_axis',(1.,0.,0.));
#11509=DIRECTION('center_axis',(0.,0.,1.));
#11510=DIRECTION('ref_axis',(1.,0.,0.));
#11511=DIRECTION('',(0.,0.,1.));
#11512=DIRECTION('center_axis',(0.,0.,-1.));
#11513=DIRECTION('ref_axis',(1.,0.,0.));
#11514=DIRECTION('center_axis',(0.,0.,1.));
#11515=DIRECTION('ref_axis',(1.,0.,0.));
#11516=DIRECTION('center_axis',(0.,0.,1.));
#11517=DIRECTION('ref_axis',(1.,0.,0.));
#11518=DIRECTION('',(0.,0.,1.));
#11519=DIRECTION('center_axis',(0.,0.,-1.));
#11520=DIRECTION('ref_axis',(1.,0.,0.));
#11521=DIRECTION('center_axis',(0.,0.,1.));
#11522=DIRECTION('ref_axis',(1.,0.,0.));
#11523=DIRECTION('center_axis',(0.,0.,1.));
#11524=DIRECTION('ref_axis',(1.,0.,0.));
#11525=DIRECTION('',(0.,0.,1.));
#11526=DIRECTION('center_axis',(0.,0.,-1.));
#11527=DIRECTION('ref_axis',(1.,0.,0.));
#11528=DIRECTION('center_axis',(0.,0.,1.));
#11529=DIRECTION('ref_axis',(1.,0.,0.));
#11530=DIRECTION('center_axis',(0.,0.,1.));
#11531=DIRECTION('ref_axis',(1.,0.,0.));
#11532=DIRECTION('',(0.,0.,1.));
#11533=DIRECTION('center_axis',(0.,0.,-1.));
#11534=DIRECTION('ref_axis',(1.,0.,0.));
#11535=DIRECTION('center_axis',(0.,0.,1.));
#11536=DIRECTION('ref_axis',(1.,0.,0.));
#11537=DIRECTION('center_axis',(0.,0.,1.));
#11538=DIRECTION('ref_axis',(1.,0.,0.));
#11539=DIRECTION('',(0.,0.,1.));
#11540=DIRECTION('center_axis',(0.,0.,-1.));
#11541=DIRECTION('ref_axis',(1.,0.,0.));
#11542=DIRECTION('center_axis',(0.,0.,1.));
#11543=DIRECTION('ref_axis',(1.,0.,0.));
#11544=DIRECTION('center_axis',(0.,0.,1.));
#11545=DIRECTION('ref_axis',(1.,0.,0.));
#11546=DIRECTION('',(0.,0.,1.));
#11547=DIRECTION('center_axis',(0.,0.,-1.));
#11548=DIRECTION('ref_axis',(1.,0.,0.));
#11549=DIRECTION('center_axis',(0.,0.,1.));
#11550=DIRECTION('ref_axis',(1.,0.,0.));
#11551=DIRECTION('center_axis',(0.,0.,1.));
#11552=DIRECTION('ref_axis',(1.,0.,0.));
#11553=DIRECTION('',(0.,0.,1.));
#11554=DIRECTION('center_axis',(0.,0.,-1.));
#11555=DIRECTION('ref_axis',(1.,0.,0.));
#11556=DIRECTION('center_axis',(0.,0.,1.));
#11557=DIRECTION('ref_axis',(1.,0.,0.));
#11558=DIRECTION('',(0.,1.,0.));
#11559=DIRECTION('',(-1.,0.,0.));
#11560=DIRECTION('',(0.,-1.,0.));
#11561=DIRECTION('',(1.,0.,0.));
#11562=DIRECTION('center_axis',(0.,0.,1.));
#11563=DIRECTION('ref_axis',(1.,0.,0.));
#11564=DIRECTION('',(0.,-1.,0.));
#11565=DIRECTION('',(-1.,0.,0.));
#11566=DIRECTION('',(0.,1.,0.));
#11567=DIRECTION('',(1.,0.,0.));
#11568=DIRECTION('center_axis',(0.,1.,0.));
#11569=DIRECTION('ref_axis',(0.,0.,1.));
#11570=DIRECTION('',(0.,0.,-1.));
#11571=DIRECTION('',(0.,0.,-1.));
#11572=DIRECTION('center_axis',(1.,0.,0.));
#11573=DIRECTION('ref_axis',(0.,0.,-1.));
#11574=DIRECTION('',(0.,0.,-1.));
#11575=DIRECTION('center_axis',(0.,-1.,0.));
#11576=DIRECTION('ref_axis',(0.,0.,-1.));
#11577=DIRECTION('',(0.,0.,-1.));
#11578=DIRECTION('center_axis',(-1.,0.,0.));
#11579=DIRECTION('ref_axis',(0.,0.,1.));
#11580=DIRECTION('center_axis',(0.,0.,1.));
#11581=DIRECTION('ref_axis',(1.,0.,0.));
#11582=DIRECTION('',(0.,1.,0.));
#11583=DIRECTION('',(-1.,0.,0.));
#11584=DIRECTION('',(0.,-1.,0.));
#11585=DIRECTION('',(1.,0.,0.));
#11586=DIRECTION('center_axis',(0.,0.,1.));
#11587=DIRECTION('ref_axis',(1.,0.,0.));
#11588=DIRECTION('',(0.,-1.,0.));
#11589=DIRECTION('',(-1.,0.,0.));
#11590=DIRECTION('',(0.,1.,0.));
#11591=DIRECTION('',(1.,0.,0.));
#11592=DIRECTION('center_axis',(0.,1.,0.));
#11593=DIRECTION('ref_axis',(0.,0.,1.));
#11594=DIRECTION('',(0.,0.,-1.));
#11595=DIRECTION('',(0.,0.,-1.));
#11596=DIRECTION('center_axis',(1.,0.,0.));
#11597=DIRECTION('ref_axis',(0.,0.,-1.));
#11598=DIRECTION('',(0.,0.,-1.));
#11599=DIRECTION('center_axis',(0.,-1.,0.));
#11600=DIRECTION('ref_axis',(0.,0.,-1.));
#11601=DIRECTION('',(0.,0.,-1.));
#11602=DIRECTION('center_axis',(-1.,0.,0.));
#11603=DIRECTION('ref_axis',(0.,0.,1.));
#11604=DIRECTION('center_axis',(0.,0.,1.));
#11605=DIRECTION('ref_axis',(1.,0.,0.));
#11606=DIRECTION('',(0.,1.,0.));
#11607=DIRECTION('',(-1.,0.,0.));
#11608=DIRECTION('',(0.,-1.,0.));
#11609=DIRECTION('',(1.,0.,0.));
#11610=DIRECTION('center_axis',(0.,0.,1.));
#11611=DIRECTION('ref_axis',(1.,0.,0.));
#11612=DIRECTION('',(0.,-1.,0.));
#11613=DIRECTION('',(-1.,0.,0.));
#11614=DIRECTION('',(0.,1.,0.));
#11615=DIRECTION('',(1.,0.,0.));
#11616=DIRECTION('center_axis',(0.,1.,0.));
#11617=DIRECTION('ref_axis',(0.,0.,1.));
#11618=DIRECTION('',(0.,0.,-1.));
#11619=DIRECTION('',(0.,0.,-1.));
#11620=DIRECTION('center_axis',(1.,0.,0.));
#11621=DIRECTION('ref_axis',(0.,0.,-1.));
#11622=DIRECTION('',(0.,0.,-1.));
#11623=DIRECTION('center_axis',(0.,-1.,0.));
#11624=DIRECTION('ref_axis',(0.,0.,-1.));
#11625=DIRECTION('',(0.,0.,-1.));
#11626=DIRECTION('center_axis',(-1.,0.,0.));
#11627=DIRECTION('ref_axis',(0.,0.,1.));
#11628=DIRECTION('center_axis',(0.,0.,1.));
#11629=DIRECTION('ref_axis',(1.,0.,0.));
#11630=DIRECTION('',(0.,1.,0.));
#11631=DIRECTION('',(-1.,0.,0.));
#11632=DIRECTION('',(0.,-1.,0.));
#11633=DIRECTION('',(1.,0.,0.));
#11634=DIRECTION('center_axis',(0.,0.,1.));
#11635=DIRECTION('ref_axis',(1.,0.,0.));
#11636=DIRECTION('',(0.,-1.,0.));
#11637=DIRECTION('',(-1.,0.,0.));
#11638=DIRECTION('',(0.,1.,0.));
#11639=DIRECTION('',(1.,0.,0.));
#11640=DIRECTION('center_axis',(0.,1.,0.));
#11641=DIRECTION('ref_axis',(0.,0.,1.));
#11642=DIRECTION('',(0.,0.,-1.));
#11643=DIRECTION('',(0.,0.,-1.));
#11644=DIRECTION('center_axis',(1.,0.,0.));
#11645=DIRECTION('ref_axis',(0.,0.,-1.));
#11646=DIRECTION('',(0.,0.,-1.));
#11647=DIRECTION('center_axis',(0.,-1.,0.));
#11648=DIRECTION('ref_axis',(0.,0.,-1.));
#11649=DIRECTION('',(0.,0.,-1.));
#11650=DIRECTION('center_axis',(-1.,0.,0.));
#11651=DIRECTION('ref_axis',(0.,0.,1.));
#11652=DIRECTION('center_axis',(0.,0.,1.));
#11653=DIRECTION('ref_axis',(1.,0.,0.));
#11654=DIRECTION('center_axis',(0.,0.,1.));
#11655=DIRECTION('ref_axis',(1.,0.,0.));
#11656=DIRECTION('',(0.,0.,1.));
#11657=DIRECTION('center_axis',(0.,0.,-1.));
#11658=DIRECTION('ref_axis',(1.,0.,0.));
#11659=DIRECTION('center_axis',(0.,0.,1.));
#11660=DIRECTION('ref_axis',(1.,0.,0.));
#11661=DIRECTION('center_axis',(0.,0.,1.));
#11662=DIRECTION('ref_axis',(1.,0.,0.));
#11663=DIRECTION('',(0.,0.,-1.));
#11664=DIRECTION('center_axis',(0.,0.,-1.));
#11665=DIRECTION('ref_axis',(1.,0.,0.));
#11666=DIRECTION('center_axis',(0.,0.,-1.));
#11667=DIRECTION('ref_axis',(-1.,0.,0.));
#11668=DIRECTION('center_axis',(0.,0.,1.));
#11669=DIRECTION('ref_axis',(1.,0.,0.));
#11670=DIRECTION('center_axis',(0.,0.,1.));
#11671=DIRECTION('ref_axis',(1.,0.,0.));
#11672=DIRECTION('center_axis',(0.,0.,1.));
#11673=DIRECTION('ref_axis',(1.,0.,0.));
#11674=DIRECTION('',(0.,0.,1.));
#11675=DIRECTION('center_axis',(0.,0.,-1.));
#11676=DIRECTION('ref_axis',(1.,0.,0.));
#11677=DIRECTION('center_axis',(0.,0.,1.));
#11678=DIRECTION('ref_axis',(1.,0.,0.));
#11679=DIRECTION('center_axis',(0.,0.,1.));
#11680=DIRECTION('ref_axis',(1.,0.,0.));
#11681=DIRECTION('',(0.,0.,-1.));
#11682=DIRECTION('center_axis',(0.,0.,-1.));
#11683=DIRECTION('ref_axis',(1.,0.,0.));
#11684=DIRECTION('center_axis',(0.,0.,-1.));
#11685=DIRECTION('ref_axis',(-1.,0.,0.));
#11686=DIRECTION('center_axis',(0.,0.,1.));
#11687=DIRECTION('ref_axis',(1.,0.,0.));
#11688=DIRECTION('center_axis',(0.,0.,1.));
#11689=DIRECTION('ref_axis',(1.,0.,0.));
#11690=DIRECTION('center_axis',(0.,0.,1.));
#11691=DIRECTION('ref_axis',(1.,0.,0.));
#11692=DIRECTION('',(0.,0.,1.));
#11693=DIRECTION('center_axis',(0.,0.,-1.));
#11694=DIRECTION('ref_axis',(1.,0.,0.));
#11695=DIRECTION('center_axis',(0.,0.,1.));
#11696=DIRECTION('ref_axis',(1.,0.,0.));
#11697=DIRECTION('center_axis',(0.,0.,1.));
#11698=DIRECTION('ref_axis',(1.,0.,0.));
#11699=DIRECTION('',(0.,0.,-1.));
#11700=DIRECTION('center_axis',(0.,0.,-1.));
#11701=DIRECTION('ref_axis',(1.,0.,0.));
#11702=DIRECTION('center_axis',(0.,0.,-1.));
#11703=DIRECTION('ref_axis',(-1.,0.,0.));
#11704=DIRECTION('center_axis',(0.,0.,1.));
#11705=DIRECTION('ref_axis',(1.,0.,0.));
#11706=DIRECTION('center_axis',(0.,0.,1.));
#11707=DIRECTION('ref_axis',(1.,0.,0.));
#11708=DIRECTION('center_axis',(0.,0.,1.));
#11709=DIRECTION('ref_axis',(1.,0.,0.));
#11710=DIRECTION('',(0.,0.,1.));
#11711=DIRECTION('center_axis',(0.,0.,-1.));
#11712=DIRECTION('ref_axis',(1.,0.,0.));
#11713=DIRECTION('center_axis',(0.,0.,1.));
#11714=DIRECTION('ref_axis',(1.,0.,0.));
#11715=DIRECTION('center_axis',(0.,0.,1.));
#11716=DIRECTION('ref_axis',(1.,0.,0.));
#11717=DIRECTION('',(0.,0.,-1.));
#11718=DIRECTION('center_axis',(0.,0.,-1.));
#11719=DIRECTION('ref_axis',(1.,0.,0.));
#11720=DIRECTION('center_axis',(0.,0.,-1.));
#11721=DIRECTION('ref_axis',(-1.,0.,0.));
#11722=DIRECTION('center_axis',(0.,0.,1.));
#11723=DIRECTION('ref_axis',(1.,0.,0.));
#11724=DIRECTION('center_axis',(0.,0.,1.));
#11725=DIRECTION('ref_axis',(1.,0.,0.));
#11726=DIRECTION('center_axis',(0.,0.,1.));
#11727=DIRECTION('ref_axis',(1.,0.,0.));
#11728=DIRECTION('',(0.,0.,1.));
#11729=DIRECTION('center_axis',(0.,0.,-1.));
#11730=DIRECTION('ref_axis',(1.,0.,0.));
#11731=DIRECTION('center_axis',(0.,0.,1.));
#11732=DIRECTION('ref_axis',(1.,0.,0.));
#11733=DIRECTION('center_axis',(0.,0.,1.));
#11734=DIRECTION('ref_axis',(1.,0.,0.));
#11735=DIRECTION('',(0.,0.,-1.));
#11736=DIRECTION('center_axis',(0.,0.,-1.));
#11737=DIRECTION('ref_axis',(1.,0.,0.));
#11738=DIRECTION('center_axis',(0.,0.,-1.));
#11739=DIRECTION('ref_axis',(-1.,0.,0.));
#11740=DIRECTION('center_axis',(0.,0.,1.));
#11741=DIRECTION('ref_axis',(1.,0.,0.));
#11742=DIRECTION('center_axis',(0.,0.,1.));
#11743=DIRECTION('ref_axis',(1.,0.,0.));
#11744=DIRECTION('center_axis',(0.,0.,1.));
#11745=DIRECTION('ref_axis',(1.,0.,0.));
#11746=DIRECTION('',(0.,0.,1.));
#11747=DIRECTION('center_axis',(0.,0.,-1.));
#11748=DIRECTION('ref_axis',(1.,0.,0.));
#11749=DIRECTION('center_axis',(0.,0.,1.));
#11750=DIRECTION('ref_axis',(1.,0.,0.));
#11751=DIRECTION('center_axis',(0.,0.,1.));
#11752=DIRECTION('ref_axis',(1.,0.,0.));
#11753=DIRECTION('',(0.,0.,-1.));
#11754=DIRECTION('center_axis',(0.,0.,-1.));
#11755=DIRECTION('ref_axis',(1.,0.,0.));
#11756=DIRECTION('center_axis',(0.,0.,-1.));
#11757=DIRECTION('ref_axis',(-1.,0.,0.));
#11758=DIRECTION('center_axis',(0.,0.,1.));
#11759=DIRECTION('ref_axis',(1.,0.,0.));
#11760=DIRECTION('center_axis',(0.,0.,1.));
#11761=DIRECTION('ref_axis',(1.,0.,0.));
#11762=DIRECTION('center_axis',(0.,0.,1.));
#11763=DIRECTION('ref_axis',(1.,0.,0.));
#11764=DIRECTION('',(0.,0.,1.));
#11765=DIRECTION('center_axis',(0.,0.,-1.));
#11766=DIRECTION('ref_axis',(1.,0.,0.));
#11767=DIRECTION('center_axis',(0.,0.,1.));
#11768=DIRECTION('ref_axis',(1.,0.,0.));
#11769=DIRECTION('center_axis',(0.,0.,1.));
#11770=DIRECTION('ref_axis',(1.,0.,0.));
#11771=DIRECTION('',(0.,0.,-1.));
#11772=DIRECTION('center_axis',(0.,0.,-1.));
#11773=DIRECTION('ref_axis',(1.,0.,0.));
#11774=DIRECTION('center_axis',(0.,0.,-1.));
#11775=DIRECTION('ref_axis',(-1.,0.,0.));
#11776=DIRECTION('center_axis',(0.,0.,1.));
#11777=DIRECTION('ref_axis',(1.,0.,0.));
#11778=DIRECTION('center_axis',(0.,0.,1.));
#11779=DIRECTION('ref_axis',(1.,0.,0.));
#11780=DIRECTION('center_axis',(0.,0.,1.));
#11781=DIRECTION('ref_axis',(1.,0.,0.));
#11782=DIRECTION('',(0.,0.,1.));
#11783=DIRECTION('center_axis',(0.,0.,-1.));
#11784=DIRECTION('ref_axis',(1.,0.,0.));
#11785=DIRECTION('center_axis',(0.,0.,1.));
#11786=DIRECTION('ref_axis',(1.,0.,0.));
#11787=DIRECTION('center_axis',(0.,0.,1.));
#11788=DIRECTION('ref_axis',(1.,0.,0.));
#11789=DIRECTION('',(0.,0.,-1.));
#11790=DIRECTION('center_axis',(0.,0.,-1.));
#11791=DIRECTION('ref_axis',(1.,0.,0.));
#11792=DIRECTION('center_axis',(0.,0.,-1.));
#11793=DIRECTION('ref_axis',(-1.,0.,0.));
#11794=DIRECTION('center_axis',(0.,0.,1.));
#11795=DIRECTION('ref_axis',(1.,0.,0.));
#11796=DIRECTION('center_axis',(0.,0.,1.));
#11797=DIRECTION('ref_axis',(1.,0.,0.));
#11798=DIRECTION('center_axis',(0.,0.,1.));
#11799=DIRECTION('ref_axis',(1.,0.,0.));
#11800=DIRECTION('',(0.,0.,1.));
#11801=DIRECTION('center_axis',(0.,0.,-1.));
#11802=DIRECTION('ref_axis',(1.,0.,0.));
#11803=DIRECTION('center_axis',(0.,0.,1.));
#11804=DIRECTION('ref_axis',(1.,0.,0.));
#11805=DIRECTION('center_axis',(0.,0.,1.));
#11806=DIRECTION('ref_axis',(1.,0.,0.));
#11807=DIRECTION('',(0.,0.,1.));
#11808=DIRECTION('center_axis',(0.,0.,-1.));
#11809=DIRECTION('ref_axis',(1.,0.,0.));
#11810=DIRECTION('center_axis',(0.,0.,1.));
#11811=DIRECTION('ref_axis',(1.,0.,0.));
#11812=DIRECTION('center_axis',(0.,0.,1.));
#11813=DIRECTION('ref_axis',(1.,0.,0.));
#11814=DIRECTION('',(0.,0.,1.));
#11815=DIRECTION('center_axis',(0.,0.,-1.));
#11816=DIRECTION('ref_axis',(1.,0.,0.));
#11817=DIRECTION('center_axis',(0.,0.,1.));
#11818=DIRECTION('ref_axis',(1.,0.,0.));
#11819=DIRECTION('center_axis',(0.,0.,1.));
#11820=DIRECTION('ref_axis',(1.,0.,0.));
#11821=DIRECTION('',(0.,0.,1.));
#11822=DIRECTION('center_axis',(0.,0.,-1.));
#11823=DIRECTION('ref_axis',(1.,0.,0.));
#11824=DIRECTION('center_axis',(0.,0.,1.));
#11825=DIRECTION('ref_axis',(1.,0.,0.));
#11826=DIRECTION('',(0.,1.,0.));
#11827=DIRECTION('',(-1.,0.,0.));
#11828=DIRECTION('',(0.,-1.,0.));
#11829=DIRECTION('',(1.,0.,0.));
#11830=DIRECTION('center_axis',(0.,0.,1.));
#11831=DIRECTION('ref_axis',(1.,0.,0.));
#11832=DIRECTION('',(0.,-1.,0.));
#11833=DIRECTION('',(-1.,0.,0.));
#11834=DIRECTION('',(0.,1.,0.));
#11835=DIRECTION('',(1.,0.,0.));
#11836=DIRECTION('center_axis',(0.,1.,0.));
#11837=DIRECTION('ref_axis',(0.,0.,1.));
#11838=DIRECTION('',(0.,0.,-1.));
#11839=DIRECTION('',(0.,0.,-1.));
#11840=DIRECTION('center_axis',(1.,0.,0.));
#11841=DIRECTION('ref_axis',(0.,0.,-1.));
#11842=DIRECTION('',(0.,0.,-1.));
#11843=DIRECTION('center_axis',(0.,-1.,0.));
#11844=DIRECTION('ref_axis',(0.,0.,-1.));
#11845=DIRECTION('',(0.,0.,-1.));
#11846=DIRECTION('center_axis',(-1.,0.,0.));
#11847=DIRECTION('ref_axis',(0.,0.,1.));
#11848=DIRECTION('center_axis',(0.,0.,1.));
#11849=DIRECTION('ref_axis',(1.,0.,0.));
#11850=DIRECTION('center_axis',(0.,0.,1.));
#11851=DIRECTION('ref_axis',(1.,0.,0.));
#11852=DIRECTION('',(0.,0.,1.));
#11853=DIRECTION('center_axis',(0.,0.,-1.));
#11854=DIRECTION('ref_axis',(1.,0.,0.));
#11855=DIRECTION('center_axis',(0.,0.,1.));
#11856=DIRECTION('ref_axis',(1.,0.,0.));
#11857=DIRECTION('center_axis',(0.,0.,1.));
#11858=DIRECTION('ref_axis',(1.,0.,0.));
#11859=DIRECTION('',(0.,0.,1.));
#11860=DIRECTION('center_axis',(0.,0.,-1.));
#11861=DIRECTION('ref_axis',(1.,0.,0.));
#11862=DIRECTION('center_axis',(0.,0.,1.));
#11863=DIRECTION('ref_axis',(1.,0.,0.));
#11864=DIRECTION('center_axis',(0.,0.,1.));
#11865=DIRECTION('ref_axis',(1.,0.,0.));
#11866=DIRECTION('',(0.,0.,1.));
#11867=DIRECTION('center_axis',(0.,0.,-1.));
#11868=DIRECTION('ref_axis',(1.,0.,0.));
#11869=DIRECTION('center_axis',(0.,0.,1.));
#11870=DIRECTION('ref_axis',(1.,0.,0.));
#11871=DIRECTION('center_axis',(0.,0.,1.));
#11872=DIRECTION('ref_axis',(1.,0.,0.));
#11873=DIRECTION('',(0.,0.,1.));
#11874=DIRECTION('center_axis',(0.,0.,-1.));
#11875=DIRECTION('ref_axis',(1.,0.,0.));
#11876=DIRECTION('center_axis',(0.,0.,1.));
#11877=DIRECTION('ref_axis',(1.,0.,0.));
#11878=DIRECTION('',(0.,1.,0.));
#11879=DIRECTION('',(-1.,0.,0.));
#11880=DIRECTION('',(0.,-1.,0.));
#11881=DIRECTION('',(1.,0.,0.));
#11882=DIRECTION('center_axis',(0.,0.,1.));
#11883=DIRECTION('ref_axis',(1.,0.,0.));
#11884=DIRECTION('',(0.,-1.,0.));
#11885=DIRECTION('',(-1.,0.,0.));
#11886=DIRECTION('',(0.,1.,0.));
#11887=DIRECTION('',(1.,0.,0.));
#11888=DIRECTION('center_axis',(0.,1.,0.));
#11889=DIRECTION('ref_axis',(0.,0.,1.));
#11890=DIRECTION('',(0.,0.,-1.));
#11891=DIRECTION('',(0.,0.,-1.));
#11892=DIRECTION('center_axis',(1.,0.,0.));
#11893=DIRECTION('ref_axis',(0.,0.,-1.));
#11894=DIRECTION('',(0.,0.,-1.));
#11895=DIRECTION('center_axis',(0.,-1.,0.));
#11896=DIRECTION('ref_axis',(0.,0.,-1.));
#11897=DIRECTION('',(0.,0.,-1.));
#11898=DIRECTION('center_axis',(-1.,0.,0.));
#11899=DIRECTION('ref_axis',(0.,0.,1.));
#11900=DIRECTION('center_axis',(0.,0.,1.));
#11901=DIRECTION('ref_axis',(1.,0.,0.));
#11902=DIRECTION('center_axis',(0.,0.,1.));
#11903=DIRECTION('ref_axis',(1.,0.,0.));
#11904=DIRECTION('',(0.,0.,1.));
#11905=DIRECTION('center_axis',(0.,0.,-1.));
#11906=DIRECTION('ref_axis',(1.,0.,0.));
#11907=DIRECTION('center_axis',(0.,0.,1.));
#11908=DIRECTION('ref_axis',(1.,0.,0.));
#11909=DIRECTION('center_axis',(0.,0.,1.));
#11910=DIRECTION('ref_axis',(1.,0.,0.));
#11911=DIRECTION('',(0.,0.,-1.));
#11912=DIRECTION('center_axis',(0.,0.,-1.));
#11913=DIRECTION('ref_axis',(1.,0.,0.));
#11914=DIRECTION('center_axis',(0.,0.,-1.));
#11915=DIRECTION('ref_axis',(-1.,0.,0.));
#11916=DIRECTION('center_axis',(0.,0.,1.));
#11917=DIRECTION('ref_axis',(1.,0.,0.));
#11918=DIRECTION('center_axis',(0.,0.,1.));
#11919=DIRECTION('ref_axis',(1.,0.,0.));
#11920=DIRECTION('center_axis',(0.,0.,1.));
#11921=DIRECTION('ref_axis',(1.,0.,0.));
#11922=DIRECTION('',(0.,0.,1.));
#11923=DIRECTION('center_axis',(0.,0.,-1.));
#11924=DIRECTION('ref_axis',(1.,0.,0.));
#11925=DIRECTION('center_axis',(0.,0.,1.));
#11926=DIRECTION('ref_axis',(1.,0.,0.));
#11927=DIRECTION('center_axis',(0.,0.,1.));
#11928=DIRECTION('ref_axis',(1.,0.,0.));
#11929=DIRECTION('',(0.,0.,-1.));
#11930=DIRECTION('center_axis',(0.,0.,-1.));
#11931=DIRECTION('ref_axis',(1.,0.,0.));
#11932=DIRECTION('center_axis',(0.,0.,-1.));
#11933=DIRECTION('ref_axis',(-1.,0.,0.));
#11934=DIRECTION('center_axis',(0.,0.,1.));
#11935=DIRECTION('ref_axis',(1.,0.,0.));
#11936=DIRECTION('center_axis',(0.,0.,1.));
#11937=DIRECTION('ref_axis',(1.,0.,0.));
#11938=DIRECTION('center_axis',(0.,0.,1.));
#11939=DIRECTION('ref_axis',(1.,0.,0.));
#11940=DIRECTION('',(0.,0.,1.));
#11941=DIRECTION('center_axis',(0.,0.,-1.));
#11942=DIRECTION('ref_axis',(1.,0.,0.));
#11943=DIRECTION('center_axis',(0.,0.,1.));
#11944=DIRECTION('ref_axis',(1.,0.,0.));
#11945=DIRECTION('center_axis',(0.,0.,1.));
#11946=DIRECTION('ref_axis',(1.,0.,0.));
#11947=DIRECTION('',(0.,0.,-1.));
#11948=DIRECTION('center_axis',(0.,0.,-1.));
#11949=DIRECTION('ref_axis',(1.,0.,0.));
#11950=DIRECTION('center_axis',(0.,0.,-1.));
#11951=DIRECTION('ref_axis',(-1.,0.,0.));
#11952=DIRECTION('center_axis',(0.,0.,1.));
#11953=DIRECTION('ref_axis',(1.,0.,0.));
#11954=DIRECTION('center_axis',(0.,0.,1.));
#11955=DIRECTION('ref_axis',(1.,0.,0.));
#11956=DIRECTION('center_axis',(0.,0.,1.));
#11957=DIRECTION('ref_axis',(1.,0.,0.));
#11958=DIRECTION('',(0.,0.,1.));
#11959=DIRECTION('center_axis',(0.,0.,-1.));
#11960=DIRECTION('ref_axis',(1.,0.,0.));
#11961=DIRECTION('center_axis',(0.,0.,1.));
#11962=DIRECTION('ref_axis',(1.,0.,0.));
#11963=DIRECTION('center_axis',(0.,0.,1.));
#11964=DIRECTION('ref_axis',(1.,0.,0.));
#11965=DIRECTION('',(0.,0.,-1.));
#11966=DIRECTION('center_axis',(0.,0.,-1.));
#11967=DIRECTION('ref_axis',(1.,0.,0.));
#11968=DIRECTION('center_axis',(0.,0.,-1.));
#11969=DIRECTION('ref_axis',(-1.,0.,0.));
#11970=DIRECTION('center_axis',(0.,0.,1.));
#11971=DIRECTION('ref_axis',(1.,0.,0.));
#11972=DIRECTION('center_axis',(0.,0.,1.));
#11973=DIRECTION('ref_axis',(1.,0.,0.));
#11974=DIRECTION('center_axis',(0.,0.,1.));
#11975=DIRECTION('ref_axis',(1.,0.,0.));
#11976=DIRECTION('',(0.,0.,1.));
#11977=DIRECTION('center_axis',(0.,0.,-1.));
#11978=DIRECTION('ref_axis',(1.,0.,0.));
#11979=DIRECTION('center_axis',(0.,0.,1.));
#11980=DIRECTION('ref_axis',(1.,0.,0.));
#11981=DIRECTION('center_axis',(0.,0.,1.));
#11982=DIRECTION('ref_axis',(1.,0.,0.));
#11983=DIRECTION('',(0.,0.,-1.));
#11984=DIRECTION('center_axis',(0.,0.,-1.));
#11985=DIRECTION('ref_axis',(1.,0.,0.));
#11986=DIRECTION('center_axis',(0.,0.,-1.));
#11987=DIRECTION('ref_axis',(-1.,0.,0.));
#11988=DIRECTION('center_axis',(0.,0.,1.));
#11989=DIRECTION('ref_axis',(1.,0.,0.));
#11990=DIRECTION('center_axis',(0.,0.,1.));
#11991=DIRECTION('ref_axis',(1.,0.,0.));
#11992=DIRECTION('center_axis',(0.,0.,1.));
#11993=DIRECTION('ref_axis',(1.,0.,0.));
#11994=DIRECTION('',(0.,0.,1.));
#11995=DIRECTION('center_axis',(0.,0.,-1.));
#11996=DIRECTION('ref_axis',(1.,0.,0.));
#11997=DIRECTION('center_axis',(0.,0.,1.));
#11998=DIRECTION('ref_axis',(1.,0.,0.));
#11999=DIRECTION('center_axis',(0.,0.,1.));
#12000=DIRECTION('ref_axis',(1.,0.,0.));
#12001=DIRECTION('',(0.,0.,-1.));
#12002=DIRECTION('center_axis',(0.,0.,-1.));
#12003=DIRECTION('ref_axis',(1.,0.,0.));
#12004=DIRECTION('center_axis',(0.,0.,-1.));
#12005=DIRECTION('ref_axis',(-1.,0.,0.));
#12006=DIRECTION('center_axis',(0.,0.,1.));
#12007=DIRECTION('ref_axis',(1.,0.,0.));
#12008=DIRECTION('center_axis',(0.,0.,1.));
#12009=DIRECTION('ref_axis',(1.,0.,0.));
#12010=DIRECTION('center_axis',(0.,0.,1.));
#12011=DIRECTION('ref_axis',(1.,0.,0.));
#12012=DIRECTION('',(0.,0.,1.));
#12013=DIRECTION('center_axis',(0.,0.,-1.));
#12014=DIRECTION('ref_axis',(1.,0.,0.));
#12015=DIRECTION('center_axis',(0.,0.,1.));
#12016=DIRECTION('ref_axis',(1.,0.,0.));
#12017=DIRECTION('center_axis',(0.,0.,1.));
#12018=DIRECTION('ref_axis',(1.,0.,0.));
#12019=DIRECTION('',(0.,0.,-1.));
#12020=DIRECTION('center_axis',(0.,0.,-1.));
#12021=DIRECTION('ref_axis',(1.,0.,0.));
#12022=DIRECTION('center_axis',(0.,0.,-1.));
#12023=DIRECTION('ref_axis',(-1.,0.,0.));
#12024=DIRECTION('center_axis',(0.,0.,1.));
#12025=DIRECTION('ref_axis',(1.,0.,0.));
#12026=DIRECTION('center_axis',(0.,0.,1.));
#12027=DIRECTION('ref_axis',(1.,0.,0.));
#12028=DIRECTION('center_axis',(0.,0.,1.));
#12029=DIRECTION('ref_axis',(1.,0.,0.));
#12030=DIRECTION('',(0.,0.,1.));
#12031=DIRECTION('center_axis',(0.,0.,-1.));
#12032=DIRECTION('ref_axis',(1.,0.,0.));
#12033=DIRECTION('center_axis',(0.,0.,1.));
#12034=DIRECTION('ref_axis',(1.,0.,0.));
#12035=DIRECTION('center_axis',(0.,0.,1.));
#12036=DIRECTION('ref_axis',(1.,0.,0.));
#12037=DIRECTION('',(0.,0.,-1.));
#12038=DIRECTION('center_axis',(0.,0.,-1.));
#12039=DIRECTION('ref_axis',(1.,0.,0.));
#12040=DIRECTION('center_axis',(0.,0.,-1.));
#12041=DIRECTION('ref_axis',(-1.,0.,0.));
#12042=DIRECTION('center_axis',(0.,0.,1.));
#12043=DIRECTION('ref_axis',(1.,0.,0.));
#12044=DIRECTION('center_axis',(0.,0.,1.));
#12045=DIRECTION('ref_axis',(1.,0.,0.));
#12046=DIRECTION('',(0.,1.,0.));
#12047=DIRECTION('',(-1.,0.,0.));
#12048=DIRECTION('',(0.,-1.,0.));
#12049=DIRECTION('',(1.,0.,0.));
#12050=DIRECTION('center_axis',(0.,0.,1.));
#12051=DIRECTION('ref_axis',(1.,0.,0.));
#12052=DIRECTION('',(0.,-1.,0.));
#12053=DIRECTION('',(-1.,0.,0.));
#12054=DIRECTION('',(0.,1.,0.));
#12055=DIRECTION('',(1.,0.,0.));
#12056=DIRECTION('center_axis',(0.,1.,0.));
#12057=DIRECTION('ref_axis',(0.,0.,1.));
#12058=DIRECTION('',(0.,0.,-1.));
#12059=DIRECTION('',(0.,0.,-1.));
#12060=DIRECTION('center_axis',(1.,0.,0.));
#12061=DIRECTION('ref_axis',(0.,0.,-1.));
#12062=DIRECTION('',(0.,0.,-1.));
#12063=DIRECTION('center_axis',(0.,-1.,0.));
#12064=DIRECTION('ref_axis',(0.,0.,-1.));
#12065=DIRECTION('',(0.,0.,-1.));
#12066=DIRECTION('center_axis',(-1.,0.,0.));
#12067=DIRECTION('ref_axis',(0.,0.,1.));
#12068=DIRECTION('center_axis',(0.,0.,1.));
#12069=DIRECTION('ref_axis',(1.,0.,0.));
#12070=DIRECTION('',(0.,1.,0.));
#12071=DIRECTION('',(-1.,0.,0.));
#12072=DIRECTION('',(0.,-1.,0.));
#12073=DIRECTION('',(1.,0.,0.));
#12074=DIRECTION('center_axis',(0.,0.,1.));
#12075=DIRECTION('ref_axis',(1.,0.,0.));
#12076=DIRECTION('',(0.,-1.,0.));
#12077=DIRECTION('',(-1.,0.,0.));
#12078=DIRECTION('',(0.,1.,0.));
#12079=DIRECTION('',(1.,0.,0.));
#12080=DIRECTION('center_axis',(0.,1.,0.));
#12081=DIRECTION('ref_axis',(0.,0.,1.));
#12082=DIRECTION('',(0.,0.,-1.));
#12083=DIRECTION('',(0.,0.,-1.));
#12084=DIRECTION('center_axis',(1.,0.,0.));
#12085=DIRECTION('ref_axis',(0.,0.,-1.));
#12086=DIRECTION('',(0.,0.,-1.));
#12087=DIRECTION('center_axis',(0.,-1.,0.));
#12088=DIRECTION('ref_axis',(0.,0.,-1.));
#12089=DIRECTION('',(0.,0.,-1.));
#12090=DIRECTION('center_axis',(-1.,0.,0.));
#12091=DIRECTION('ref_axis',(0.,0.,1.));
#12092=DIRECTION('center_axis',(0.,0.,1.));
#12093=DIRECTION('ref_axis',(1.,0.,0.));
#12094=DIRECTION('',(0.,1.,0.));
#12095=DIRECTION('',(-1.,0.,0.));
#12096=DIRECTION('',(0.,-1.,0.));
#12097=DIRECTION('',(1.,0.,0.));
#12098=DIRECTION('center_axis',(0.,0.,1.));
#12099=DIRECTION('ref_axis',(1.,0.,0.));
#12100=DIRECTION('',(0.,-1.,0.));
#12101=DIRECTION('',(-1.,0.,0.));
#12102=DIRECTION('',(0.,1.,0.));
#12103=DIRECTION('',(1.,0.,0.));
#12104=DIRECTION('center_axis',(0.,1.,0.));
#12105=DIRECTION('ref_axis',(0.,0.,1.));
#12106=DIRECTION('',(0.,0.,-1.));
#12107=DIRECTION('',(0.,0.,-1.));
#12108=DIRECTION('center_axis',(1.,0.,0.));
#12109=DIRECTION('ref_axis',(0.,0.,-1.));
#12110=DIRECTION('',(0.,0.,-1.));
#12111=DIRECTION('center_axis',(0.,-1.,0.));
#12112=DIRECTION('ref_axis',(0.,0.,-1.));
#12113=DIRECTION('',(0.,0.,-1.));
#12114=DIRECTION('center_axis',(-1.,0.,0.));
#12115=DIRECTION('ref_axis',(0.,0.,1.));
#12116=DIRECTION('axis',(0.,0.,1.));
#12117=DIRECTION('refdir',(1.,0.,0.));
#12118=DIRECTION('center_axis',(-1.,0.,0.));
#12119=DIRECTION('ref_axis',(0.,0.,1.));
#12120=DIRECTION('center_axis',(-1.,0.,0.));
#12121=DIRECTION('ref_axis',(0.,0.,1.));
#12122=DIRECTION('',(1.,0.,0.));
#12123=DIRECTION('center_axis',(1.,0.,0.));
#12124=DIRECTION('ref_axis',(0.,0.,1.));
#12125=DIRECTION('center_axis',(1.,0.,0.));
#12126=DIRECTION('ref_axis',(0.,0.,-1.));
#12127=DIRECTION('center_axis',(-1.,0.,0.));
#12128=DIRECTION('ref_axis',(0.,0.,1.));
#12129=DIRECTION('center_axis',(-1.,0.,0.));
#12130=DIRECTION('ref_axis',(0.,0.,1.));
#12131=DIRECTION('center_axis',(-1.,0.,0.));
#12132=DIRECTION('ref_axis',(0.,0.,1.));
#12133=DIRECTION('',(1.,0.,0.));
#12134=DIRECTION('center_axis',(1.,0.,0.));
#12135=DIRECTION('ref_axis',(0.,0.,1.));
#12136=DIRECTION('center_axis',(1.,0.,0.));
#12137=DIRECTION('ref_axis',(0.,0.,-1.));
#12138=DIRECTION('center_axis',(-1.,0.,0.));
#12139=DIRECTION('ref_axis',(0.,0.,1.));
#12140=DIRECTION('center_axis',(-1.,0.,0.));
#12141=DIRECTION('ref_axis',(0.,0.,1.));
#12142=DIRECTION('center_axis',(-1.,0.,0.));
#12143=DIRECTION('ref_axis',(0.,0.,1.));
#12144=DIRECTION('',(1.,0.,0.));
#12145=DIRECTION('center_axis',(1.,0.,0.));
#12146=DIRECTION('ref_axis',(0.,0.,1.));
#12147=DIRECTION('center_axis',(1.,0.,0.));
#12148=DIRECTION('ref_axis',(0.,0.,-1.));
#12149=DIRECTION('center_axis',(-1.,0.,0.));
#12150=DIRECTION('ref_axis',(0.,0.,1.));
#12151=DIRECTION('center_axis',(-1.,0.,0.));
#12152=DIRECTION('ref_axis',(0.,0.,1.));
#12153=DIRECTION('center_axis',(-1.,0.,0.));
#12154=DIRECTION('ref_axis',(0.,0.,1.));
#12155=DIRECTION('',(1.,0.,0.));
#12156=DIRECTION('center_axis',(1.,0.,0.));
#12157=DIRECTION('ref_axis',(0.,0.,1.));
#12158=DIRECTION('center_axis',(1.,0.,0.));
#12159=DIRECTION('ref_axis',(0.,0.,-1.));
#12160=DIRECTION('center_axis',(-1.,0.,0.));
#12161=DIRECTION('ref_axis',(0.,0.,1.));
#12162=DIRECTION('center_axis',(1.,0.,0.));
#12163=DIRECTION('ref_axis',(0.,1.,0.));
#12164=DIRECTION('',(0.,0.,1.));
#12165=DIRECTION('',(0.,-1.,0.));
#12166=DIRECTION('',(0.,0.,-1.));
#12167=DIRECTION('',(0.,1.,0.));
#12168=DIRECTION('center_axis',(1.,0.,0.));
#12169=DIRECTION('ref_axis',(0.,1.,0.));
#12170=DIRECTION('',(0.,0.,-1.));
#12171=DIRECTION('',(0.,-1.,0.));
#12172=DIRECTION('',(0.,0.,1.));
#12173=DIRECTION('',(0.,1.,0.));
#12174=DIRECTION('center_axis',(0.,0.,1.));
#12175=DIRECTION('ref_axis',(1.,0.,0.));
#12176=DIRECTION('',(-1.,0.,0.));
#12177=DIRECTION('',(-1.,0.,0.));
#12178=DIRECTION('center_axis',(0.,1.,0.));
#12179=DIRECTION('ref_axis',(-1.,0.,0.));
#12180=DIRECTION('',(-1.,0.,0.));
#12181=DIRECTION('center_axis',(0.,0.,-1.));
#12182=DIRECTION('ref_axis',(-1.,0.,0.));
#12183=DIRECTION('',(-1.,0.,0.));
#12184=DIRECTION('center_axis',(0.,-1.,0.));
#12185=DIRECTION('ref_axis',(1.,0.,0.));
#12186=DIRECTION('center_axis',(1.,0.,0.));
#12187=DIRECTION('ref_axis',(0.,-0.5,0.866025403784439));
#12188=DIRECTION('',(0.,-0.866025403784439,-0.5));
#12189=DIRECTION('',(0.,0.5,-0.866025403784439));
#12190=DIRECTION('',(0.,0.866025403784439,0.5));
#12191=DIRECTION('',(0.,-0.5,0.866025403784439));
#12192=DIRECTION('center_axis',(1.,0.,0.));
#12193=DIRECTION('ref_axis',(0.,-0.5,0.866025403784439));
#12194=DIRECTION('',(0.,0.866025403784439,0.5));
#12195=DIRECTION('',(0.,0.5,-0.866025403784439));
#12196=DIRECTION('',(0.,-0.866025403784439,-0.5));
#12197=DIRECTION('',(0.,-0.5,0.866025403784439));
#12198=DIRECTION('center_axis',(0.,-0.866025403784439,-0.5));
#12199=DIRECTION('ref_axis',(1.,0.,0.));
#12200=DIRECTION('',(-1.,0.,0.));
#12201=DIRECTION('',(-1.,0.,0.));
#12202=DIRECTION('center_axis',(0.,-0.5,0.866025403784439));
#12203=DIRECTION('ref_axis',(-1.,0.,0.));
#12204=DIRECTION('',(-1.,0.,0.));
#12205=DIRECTION('center_axis',(0.,0.866025403784439,0.5));
#12206=DIRECTION('ref_axis',(-1.,0.,0.));
#12207=DIRECTION('',(-1.,0.,0.));
#12208=DIRECTION('center_axis',(0.,0.5,-0.866025403784439));
#12209=DIRECTION('ref_axis',(1.,0.,0.));
#12210=DIRECTION('center_axis',(1.,0.,0.));
#12211=DIRECTION('ref_axis',(0.,-0.5,-0.866025403784438));
#12212=DIRECTION('',(0.,0.866025403784438,-0.5));
#12213=DIRECTION('',(0.,0.5,0.866025403784438));
#12214=DIRECTION('',(0.,-0.866025403784438,0.5));
#12215=DIRECTION('',(0.,-0.5,-0.866025403784438));
#12216=DIRECTION('center_axis',(1.,0.,0.));
#12217=DIRECTION('ref_axis',(0.,-0.5,-0.866025403784438));
#12218=DIRECTION('',(0.,-0.866025403784438,0.5));
#12219=DIRECTION('',(0.,0.5,0.866025403784438));
#12220=DIRECTION('',(0.,0.866025403784438,-0.5));
#12221=DIRECTION('',(0.,-0.5,-0.866025403784438));
#12222=DIRECTION('center_axis',(0.,0.866025403784438,-0.5));
#12223=DIRECTION('ref_axis',(1.,0.,0.));
#12224=DIRECTION('',(-1.,0.,0.));
#12225=DIRECTION('',(-1.,0.,0.));
#12226=DIRECTION('center_axis',(0.,-0.5,-0.866025403784438));
#12227=DIRECTION('ref_axis',(-1.,0.,0.));
#12228=DIRECTION('',(-1.,0.,0.));
#12229=DIRECTION('center_axis',(0.,-0.866025403784438,0.5));
#12230=DIRECTION('ref_axis',(-1.,0.,0.));
#12231=DIRECTION('',(-1.,0.,0.));
#12232=DIRECTION('center_axis',(0.,0.5,0.866025403784438));
#12233=DIRECTION('ref_axis',(1.,0.,0.));
#12234=DIRECTION('center_axis',(-1.,0.,0.));
#12235=DIRECTION('ref_axis',(0.,0.,1.));
#12236=DIRECTION('center_axis',(-1.,0.,0.));
#12237=DIRECTION('ref_axis',(0.,0.,1.));
#12238=DIRECTION('',(1.,0.,0.));
#12239=DIRECTION('center_axis',(1.,0.,0.));
#12240=DIRECTION('ref_axis',(0.,0.,1.));
#12241=DIRECTION('center_axis',(1.,0.,0.));
#12242=DIRECTION('ref_axis',(0.,0.,-1.));
#12243=DIRECTION('center_axis',(-1.,0.,0.));
#12244=DIRECTION('ref_axis',(0.,0.,1.));
#12245=DIRECTION('center_axis',(0.,0.,1.));
#12246=DIRECTION('ref_axis',(1.,0.,0.));
#12247=DIRECTION('',(0.,1.,0.));
#12248=DIRECTION('',(-1.,0.,0.));
#12249=DIRECTION('',(0.,-1.,0.));
#12250=DIRECTION('',(1.,0.,0.));
#12251=DIRECTION('center_axis',(0.,0.,1.));
#12252=DIRECTION('ref_axis',(1.,0.,0.));
#12253=DIRECTION('',(0.,-1.,0.));
#12254=DIRECTION('',(-1.,0.,0.));
#12255=DIRECTION('',(0.,1.,0.));
#12256=DIRECTION('',(1.,0.,0.));
#12257=DIRECTION('center_axis',(0.,1.,0.));
#12258=DIRECTION('ref_axis',(0.,0.,1.));
#12259=DIRECTION('',(0.,0.,-1.));
#12260=DIRECTION('',(0.,0.,-1.));
#12261=DIRECTION('center_axis',(1.,0.,0.));
#12262=DIRECTION('ref_axis',(0.,0.,-1.));
#12263=DIRECTION('',(0.,0.,-1.));
#12264=DIRECTION('center_axis',(0.,-1.,0.));
#12265=DIRECTION('ref_axis',(0.,0.,-1.));
#12266=DIRECTION('',(0.,0.,-1.));
#12267=DIRECTION('center_axis',(-1.,0.,0.));
#12268=DIRECTION('ref_axis',(0.,0.,1.));
#12269=DIRECTION('center_axis',(-1.,0.,0.));
#12270=DIRECTION('ref_axis',(0.,0.,1.));
#12271=DIRECTION('center_axis',(-1.,0.,0.));
#12272=DIRECTION('ref_axis',(0.,0.,1.));
#12273=DIRECTION('',(1.,0.,0.));
#12274=DIRECTION('center_axis',(1.,0.,0.));
#12275=DIRECTION('ref_axis',(0.,0.,1.));
#12276=DIRECTION('center_axis',(1.,0.,0.));
#12277=DIRECTION('ref_axis',(0.,0.,-1.));
#12278=DIRECTION('center_axis',(-1.,0.,0.));
#12279=DIRECTION('ref_axis',(0.,0.,1.));
#12280=DIRECTION('center_axis',(-1.,0.,0.));
#12281=DIRECTION('ref_axis',(0.,0.,1.));
#12282=DIRECTION('center_axis',(-1.,0.,0.));
#12283=DIRECTION('ref_axis',(0.,0.,1.));
#12284=DIRECTION('',(1.,0.,0.));
#12285=DIRECTION('center_axis',(1.,0.,0.));
#12286=DIRECTION('ref_axis',(0.,0.,1.));
#12287=DIRECTION('center_axis',(1.,0.,0.));
#12288=DIRECTION('ref_axis',(0.,0.,-1.));
#12289=DIRECTION('center_axis',(-1.,0.,0.));
#12290=DIRECTION('ref_axis',(0.,0.,1.));
#12291=DIRECTION('center_axis',(-1.,0.,0.));
#12292=DIRECTION('ref_axis',(0.,0.,1.));
#12293=DIRECTION('center_axis',(-1.,0.,0.));
#12294=DIRECTION('ref_axis',(0.,0.,1.));
#12295=DIRECTION('',(1.,0.,0.));
#12296=DIRECTION('center_axis',(1.,0.,0.));
#12297=DIRECTION('ref_axis',(0.,0.,1.));
#12298=DIRECTION('center_axis',(1.,0.,0.));
#12299=DIRECTION('ref_axis',(0.,0.,-1.));
#12300=DIRECTION('center_axis',(-1.,0.,0.));
#12301=DIRECTION('ref_axis',(0.,0.,1.));
#12302=DIRECTION('center_axis',(-1.,0.,0.));
#12303=DIRECTION('ref_axis',(0.,0.,1.));
#12304=DIRECTION('center_axis',(-1.,0.,0.));
#12305=DIRECTION('ref_axis',(0.,0.,1.));
#12306=DIRECTION('',(1.,0.,0.));
#12307=DIRECTION('center_axis',(1.,0.,0.));
#12308=DIRECTION('ref_axis',(0.,0.,1.));
#12309=DIRECTION('center_axis',(1.,0.,0.));
#12310=DIRECTION('ref_axis',(0.,0.,-1.));
#12311=DIRECTION('center_axis',(-1.,0.,0.));
#12312=DIRECTION('ref_axis',(0.,0.,1.));
#12313=DIRECTION('center_axis',(1.,0.,0.));
#12314=DIRECTION('ref_axis',(0.,1.,0.));
#12315=DIRECTION('',(0.,0.,1.));
#12316=DIRECTION('',(0.,-1.,0.));
#12317=DIRECTION('',(0.,0.,-1.));
#12318=DIRECTION('',(0.,1.,0.));
#12319=DIRECTION('center_axis',(1.,0.,0.));
#12320=DIRECTION('ref_axis',(0.,1.,0.));
#12321=DIRECTION('',(0.,0.,-1.));
#12322=DIRECTION('',(0.,-1.,0.));
#12323=DIRECTION('',(0.,0.,1.));
#12324=DIRECTION('',(0.,1.,0.));
#12325=DIRECTION('center_axis',(0.,0.,1.));
#12326=DIRECTION('ref_axis',(1.,0.,0.));
#12327=DIRECTION('',(-1.,0.,0.));
#12328=DIRECTION('',(-1.,0.,0.));
#12329=DIRECTION('center_axis',(0.,1.,0.));
#12330=DIRECTION('ref_axis',(-1.,0.,0.));
#12331=DIRECTION('',(-1.,0.,0.));
#12332=DIRECTION('center_axis',(0.,0.,-1.));
#12333=DIRECTION('ref_axis',(-1.,0.,0.));
#12334=DIRECTION('',(-1.,0.,0.));
#12335=DIRECTION('center_axis',(0.,-1.,0.));
#12336=DIRECTION('ref_axis',(1.,0.,0.));
#12337=DIRECTION('center_axis',(1.,0.,0.));
#12338=DIRECTION('ref_axis',(0.,-0.5,0.866025403784439));
#12339=DIRECTION('',(0.,-0.866025403784439,-0.5));
#12340=DIRECTION('',(0.,0.5,-0.866025403784439));
#12341=DIRECTION('',(0.,0.866025403784439,0.5));
#12342=DIRECTION('',(0.,-0.5,0.866025403784439));
#12343=DIRECTION('center_axis',(1.,0.,0.));
#12344=DIRECTION('ref_axis',(0.,-0.5,0.866025403784439));
#12345=DIRECTION('',(0.,0.866025403784439,0.5));
#12346=DIRECTION('',(0.,0.5,-0.866025403784439));
#12347=DIRECTION('',(0.,-0.866025403784439,-0.5));
#12348=DIRECTION('',(0.,-0.5,0.866025403784439));
#12349=DIRECTION('center_axis',(0.,-0.866025403784439,-0.5));
#12350=DIRECTION('ref_axis',(1.,0.,0.));
#12351=DIRECTION('',(-1.,0.,0.));
#12352=DIRECTION('',(-1.,0.,0.));
#12353=DIRECTION('center_axis',(0.,-0.5,0.866025403784439));
#12354=DIRECTION('ref_axis',(-1.,0.,0.));
#12355=DIRECTION('',(-1.,0.,0.));
#12356=DIRECTION('center_axis',(0.,0.866025403784439,0.5));
#12357=DIRECTION('ref_axis',(-1.,0.,0.));
#12358=DIRECTION('',(-1.,0.,0.));
#12359=DIRECTION('center_axis',(0.,0.5,-0.866025403784439));
#12360=DIRECTION('ref_axis',(1.,0.,0.));
#12361=DIRECTION('center_axis',(1.,0.,0.));
#12362=DIRECTION('ref_axis',(0.,-0.5,-0.866025403784438));
#12363=DIRECTION('',(0.,0.866025403784438,-0.5));
#12364=DIRECTION('',(0.,0.5,0.866025403784438));
#12365=DIRECTION('',(0.,-0.866025403784438,0.5));
#12366=DIRECTION('',(0.,-0.5,-0.866025403784438));
#12367=DIRECTION('center_axis',(1.,0.,0.));
#12368=DIRECTION('ref_axis',(0.,-0.5,-0.866025403784438));
#12369=DIRECTION('',(0.,-0.866025403784438,0.5));
#12370=DIRECTION('',(0.,0.5,0.866025403784438));
#12371=DIRECTION('',(0.,0.866025403784438,-0.5));
#12372=DIRECTION('',(0.,-0.5,-0.866025403784438));
#12373=DIRECTION('center_axis',(0.,0.866025403784438,-0.5));
#12374=DIRECTION('ref_axis',(1.,0.,0.));
#12375=DIRECTION('',(-1.,0.,0.));
#12376=DIRECTION('',(-1.,0.,0.));
#12377=DIRECTION('center_axis',(0.,-0.5,-0.866025403784438));
#12378=DIRECTION('ref_axis',(-1.,0.,0.));
#12379=DIRECTION('',(-1.,0.,0.));
#12380=DIRECTION('center_axis',(0.,-0.866025403784438,0.5));
#12381=DIRECTION('ref_axis',(-1.,0.,0.));
#12382=DIRECTION('',(-1.,0.,0.));
#12383=DIRECTION('center_axis',(0.,0.5,0.866025403784438));
#12384=DIRECTION('ref_axis',(1.,0.,0.));
#12385=DIRECTION('center_axis',(-1.,0.,0.));
#12386=DIRECTION('ref_axis',(0.,0.,1.));
#12387=DIRECTION('center_axis',(-1.,0.,0.));
#12388=DIRECTION('ref_axis',(0.,0.,1.));
#12389=DIRECTION('',(1.,0.,0.));
#12390=DIRECTION('center_axis',(1.,0.,0.));
#12391=DIRECTION('ref_axis',(0.,0.,1.));
#12392=DIRECTION('center_axis',(1.,0.,0.));
#12393=DIRECTION('ref_axis',(0.,0.,-1.));
#12394=DIRECTION('center_axis',(-1.,0.,0.));
#12395=DIRECTION('ref_axis',(0.,0.,1.));
#12396=DIRECTION('center_axis',(0.,0.,1.));
#12397=DIRECTION('ref_axis',(1.,0.,0.));
#12398=DIRECTION('',(0.,1.,0.));
#12399=DIRECTION('',(-1.,0.,0.));
#12400=DIRECTION('',(0.,-1.,0.));
#12401=DIRECTION('',(1.,0.,0.));
#12402=DIRECTION('center_axis',(0.,0.,1.));
#12403=DIRECTION('ref_axis',(1.,0.,0.));
#12404=DIRECTION('',(0.,-1.,0.));
#12405=DIRECTION('',(-1.,0.,0.));
#12406=DIRECTION('',(0.,1.,0.));
#12407=DIRECTION('',(1.,0.,0.));
#12408=DIRECTION('center_axis',(0.,1.,0.));
#12409=DIRECTION('ref_axis',(0.,0.,1.));
#12410=DIRECTION('',(0.,0.,-1.));
#12411=DIRECTION('',(0.,0.,-1.));
#12412=DIRECTION('center_axis',(1.,0.,0.));
#12413=DIRECTION('ref_axis',(0.,0.,-1.));
#12414=DIRECTION('',(0.,0.,-1.));
#12415=DIRECTION('center_axis',(0.,-1.,0.));
#12416=DIRECTION('ref_axis',(0.,0.,-1.));
#12417=DIRECTION('',(0.,0.,-1.));
#12418=DIRECTION('center_axis',(-1.,0.,0.));
#12419=DIRECTION('ref_axis',(0.,0.,1.));
#12420=DIRECTION('axis',(0.,0.,1.));
#12421=DIRECTION('refdir',(1.,0.,0.));
#12422=DIRECTION('center_axis',(0.,1.,0.));
#12423=DIRECTION('ref_axis',(1.,0.,0.));
#12424=DIRECTION('center_axis',(0.,1.,0.));
#12425=DIRECTION('ref_axis',(1.,0.,0.));
#12426=DIRECTION('',(0.,-1.,0.));
#12427=DIRECTION('center_axis',(0.,-1.,0.));
#12428=DIRECTION('ref_axis',(1.,0.,0.));
#12429=DIRECTION('center_axis',(0.,-1.,0.));
#12430=DIRECTION('ref_axis',(-1.,0.,0.));
#12431=DIRECTION('center_axis',(0.,1.,0.));
#12432=DIRECTION('ref_axis',(1.,0.,0.));
#12433=DIRECTION('center_axis',(0.,1.,0.));
#12434=DIRECTION('ref_axis',(1.,0.,0.));
#12435=DIRECTION('center_axis',(0.,1.,0.));
#12436=DIRECTION('ref_axis',(1.,0.,0.));
#12437=DIRECTION('',(0.,-1.,0.));
#12438=DIRECTION('center_axis',(0.,-1.,0.));
#12439=DIRECTION('ref_axis',(1.,0.,0.));
#12440=DIRECTION('center_axis',(0.,-1.,0.));
#12441=DIRECTION('ref_axis',(-1.,0.,0.));
#12442=DIRECTION('center_axis',(0.,1.,0.));
#12443=DIRECTION('ref_axis',(1.,0.,0.));
#12444=DIRECTION('center_axis',(0.,-1.,0.));
#12445=DIRECTION('ref_axis',(1.,0.,0.));
#12446=DIRECTION('center_axis',(0.,-1.,0.));
#12447=DIRECTION('ref_axis',(1.,0.,0.));
#12448=DIRECTION('',(0.,1.,0.));
#12449=DIRECTION('center_axis',(0.,1.,0.));
#12450=DIRECTION('ref_axis',(1.,0.,0.));
#12451=DIRECTION('center_axis',(0.,1.,0.));
#12452=DIRECTION('ref_axis',(-1.,0.,0.));
#12453=DIRECTION('center_axis',(0.,-1.,0.));
#12454=DIRECTION('ref_axis',(1.,0.,0.));
#12455=DIRECTION('center_axis',(0.,1.,0.));
#12456=DIRECTION('ref_axis',(1.,0.,0.));
#12457=DIRECTION('center_axis',(0.,1.,0.));
#12458=DIRECTION('ref_axis',(1.,0.,0.));
#12459=DIRECTION('',(0.,-1.,0.));
#12460=DIRECTION('center_axis',(0.,-1.,0.));
#12461=DIRECTION('ref_axis',(1.,0.,0.));
#12462=DIRECTION('center_axis',(0.,-1.,0.));
#12463=DIRECTION('ref_axis',(-1.,0.,0.));
#12464=DIRECTION('center_axis',(0.,1.,0.));
#12465=DIRECTION('ref_axis',(1.,0.,0.));
#12466=DIRECTION('center_axis',(0.,0.,1.));
#12467=DIRECTION('ref_axis',(1.,0.,0.));
#12468=DIRECTION('',(0.,1.,0.));
#12469=DIRECTION('',(-1.,0.,0.));
#12470=DIRECTION('',(0.,-1.,0.));
#12471=DIRECTION('',(1.,0.,0.));
#12472=DIRECTION('center_axis',(0.,0.,1.));
#12473=DIRECTION('ref_axis',(1.,0.,0.));
#12474=DIRECTION('',(0.,-1.,0.));
#12475=DIRECTION('',(-1.,0.,0.));
#12476=DIRECTION('',(0.,1.,0.));
#12477=DIRECTION('',(1.,0.,0.));
#12478=DIRECTION('center_axis',(0.,1.,0.));
#12479=DIRECTION('ref_axis',(0.,0.,1.));
#12480=DIRECTION('',(0.,0.,-1.));
#12481=DIRECTION('',(0.,0.,-1.));
#12482=DIRECTION('center_axis',(1.,0.,0.));
#12483=DIRECTION('ref_axis',(0.,0.,-1.));
#12484=DIRECTION('',(0.,0.,-1.));
#12485=DIRECTION('center_axis',(0.,-1.,0.));
#12486=DIRECTION('ref_axis',(0.,0.,-1.));
#12487=DIRECTION('',(0.,0.,-1.));
#12488=DIRECTION('center_axis',(-1.,0.,0.));
#12489=DIRECTION('ref_axis',(0.,0.,1.));
#12490=DIRECTION('center_axis',(0.,0.,1.));
#12491=DIRECTION('ref_axis',(1.,0.,0.));
#12492=DIRECTION('',(0.,1.,0.));
#12493=DIRECTION('',(-1.,0.,0.));
#12494=DIRECTION('',(0.,-1.,0.));
#12495=DIRECTION('',(1.,0.,0.));
#12496=DIRECTION('center_axis',(0.,0.,1.));
#12497=DIRECTION('ref_axis',(1.,0.,0.));
#12498=DIRECTION('',(0.,-1.,0.));
#12499=DIRECTION('',(-1.,0.,0.));
#12500=DIRECTION('',(0.,1.,0.));
#12501=DIRECTION('',(1.,0.,0.));
#12502=DIRECTION('center_axis',(0.,1.,0.));
#12503=DIRECTION('ref_axis',(0.,0.,1.));
#12504=DIRECTION('',(0.,0.,-1.));
#12505=DIRECTION('',(0.,0.,-1.));
#12506=DIRECTION('center_axis',(1.,0.,0.));
#12507=DIRECTION('ref_axis',(0.,0.,-1.));
#12508=DIRECTION('',(0.,0.,-1.));
#12509=DIRECTION('center_axis',(0.,-1.,0.));
#12510=DIRECTION('ref_axis',(0.,0.,-1.));
#12511=DIRECTION('',(0.,0.,-1.));
#12512=DIRECTION('center_axis',(-1.,0.,0.));
#12513=DIRECTION('ref_axis',(0.,0.,1.));
#12514=DIRECTION('center_axis',(0.,0.,1.));
#12515=DIRECTION('ref_axis',(1.,0.,0.));
#12516=DIRECTION('',(0.,1.,0.));
#12517=DIRECTION('',(-1.,0.,0.));
#12518=DIRECTION('',(0.,-1.,0.));
#12519=DIRECTION('',(1.,0.,0.));
#12520=DIRECTION('center_axis',(0.,0.,1.));
#12521=DIRECTION('ref_axis',(1.,0.,0.));
#12522=DIRECTION('',(0.,-1.,0.));
#12523=DIRECTION('',(-1.,0.,0.));
#12524=DIRECTION('',(0.,1.,0.));
#12525=DIRECTION('',(1.,0.,0.));
#12526=DIRECTION('center_axis',(0.,1.,0.));
#12527=DIRECTION('ref_axis',(0.,0.,1.));
#12528=DIRECTION('',(0.,0.,-1.));
#12529=DIRECTION('',(0.,0.,-1.));
#12530=DIRECTION('center_axis',(1.,0.,0.));
#12531=DIRECTION('ref_axis',(0.,0.,-1.));
#12532=DIRECTION('',(0.,0.,-1.));
#12533=DIRECTION('center_axis',(0.,-1.,0.));
#12534=DIRECTION('ref_axis',(0.,0.,-1.));
#12535=DIRECTION('',(0.,0.,-1.));
#12536=DIRECTION('center_axis',(-1.,0.,0.));
#12537=DIRECTION('ref_axis',(0.,0.,1.));
#12538=DIRECTION('center_axis',(0.341903596776647,0.,0.939735032076165));
#12539=DIRECTION('ref_axis',(0.939735032076165,0.,-0.341903596776647));
#12540=DIRECTION('',(0.,1.,0.));
#12541=DIRECTION('',(-0.939735032076165,0.,0.341903596776647));
#12542=DIRECTION('',(0.,-1.,0.));
#12543=DIRECTION('',(0.939735032076165,0.,-0.341903596776647));
#12544=DIRECTION('center_axis',(0.341903596776647,0.,0.939735032076165));
#12545=DIRECTION('ref_axis',(0.939735032076165,0.,-0.341903596776647));
#12546=DIRECTION('',(0.,-1.,0.));
#12547=DIRECTION('',(-0.939735032076165,0.,0.341903596776647));
#12548=DIRECTION('',(0.,1.,0.));
#12549=DIRECTION('',(0.939735032076165,0.,-0.341903596776647));
#12550=DIRECTION('center_axis',(0.,1.,0.));
#12551=DIRECTION('ref_axis',(0.341903596776647,0.,0.939735032076165));
#12552=DIRECTION('',(-0.341903596776647,0.,-0.939735032076165));
#12553=DIRECTION('',(-0.341903596776647,0.,-0.939735032076165));
#12554=DIRECTION('center_axis',(0.939735032076165,0.,-0.341903596776647));
#12555=DIRECTION('ref_axis',(-0.341903596776647,0.,-0.939735032076165));
#12556=DIRECTION('',(-0.341903596776647,0.,-0.939735032076165));
#12557=DIRECTION('center_axis',(0.,-1.,0.));
#12558=DIRECTION('ref_axis',(-0.341903596776647,0.,-0.939735032076165));
#12559=DIRECTION('',(-0.341903596776647,0.,-0.939735032076165));
#12560=DIRECTION('center_axis',(-0.939735032076165,0.,0.341903596776647));
#12561=DIRECTION('ref_axis',(0.341903596776647,0.,0.939735032076165));
#12562=DIRECTION('center_axis',(0.341903596776647,0.,0.939735032076165));
#12563=DIRECTION('ref_axis',(0.939735032076165,0.,-0.341903596776647));
#12564=DIRECTION('',(0.,1.,0.));
#12565=DIRECTION('',(-0.939735032076165,0.,0.341903596776647));
#12566=DIRECTION('',(0.,-1.,0.));
#12567=DIRECTION('',(0.939735032076165,0.,-0.341903596776647));
#12568=DIRECTION('center_axis',(0.341903596776647,0.,0.939735032076165));
#12569=DIRECTION('ref_axis',(0.939735032076165,0.,-0.341903596776647));
#12570=DIRECTION('',(0.,-1.,0.));
#12571=DIRECTION('',(-0.939735032076165,0.,0.341903596776647));
#12572=DIRECTION('',(0.,1.,0.));
#12573=DIRECTION('',(0.939735032076165,0.,-0.341903596776647));
#12574=DIRECTION('center_axis',(0.,1.,0.));
#12575=DIRECTION('ref_axis',(0.341903596776647,0.,0.939735032076165));
#12576=DIRECTION('',(-0.341903596776647,0.,-0.939735032076165));
#12577=DIRECTION('',(-0.341903596776647,0.,-0.939735032076165));
#12578=DIRECTION('center_axis',(0.939735032076165,0.,-0.341903596776647));
#12579=DIRECTION('ref_axis',(-0.341903596776647,0.,-0.939735032076165));
#12580=DIRECTION('',(-0.341903596776647,0.,-0.939735032076165));
#12581=DIRECTION('center_axis',(0.,-1.,0.));
#12582=DIRECTION('ref_axis',(-0.341903596776647,0.,-0.939735032076165));
#12583=DIRECTION('',(-0.341903596776647,0.,-0.939735032076165));
#12584=DIRECTION('center_axis',(-0.939735032076165,0.,0.341903596776647));
#12585=DIRECTION('ref_axis',(0.341903596776647,0.,0.939735032076165));
#12586=DIRECTION('axis',(0.,0.,1.));
#12587=DIRECTION('refdir',(1.,0.,0.));
#12588=DIRECTION('center_axis',(0.,0.,1.));
#12589=DIRECTION('ref_axis',(1.,0.,0.));
#12590=DIRECTION('',(0.,1.,0.));
#12591=DIRECTION('',(-1.,0.,0.));
#12592=DIRECTION('',(0.,-1.,0.));
#12593=DIRECTION('',(1.,0.,0.));
#12594=DIRECTION('center_axis',(0.,0.,1.));
#12595=DIRECTION('ref_axis',(1.,0.,0.));
#12596=DIRECTION('',(0.,-1.,0.));
#12597=DIRECTION('',(-1.,0.,0.));
#12598=DIRECTION('',(0.,1.,0.));
#12599=DIRECTION('',(1.,0.,0.));
#12600=DIRECTION('center_axis',(0.,1.,0.));
#12601=DIRECTION('ref_axis',(0.,0.,1.));
#12602=DIRECTION('',(0.,0.,-1.));
#12603=DIRECTION('',(0.,0.,-1.));
#12604=DIRECTION('center_axis',(1.,0.,0.));
#12605=DIRECTION('ref_axis',(0.,0.,-1.));
#12606=DIRECTION('',(0.,0.,-1.));
#12607=DIRECTION('center_axis',(0.,-1.,0.));
#12608=DIRECTION('ref_axis',(0.,0.,-1.));
#12609=DIRECTION('',(0.,0.,-1.));
#12610=DIRECTION('center_axis',(-1.,0.,0.));
#12611=DIRECTION('ref_axis',(0.,0.,1.));
#12612=DIRECTION('center_axis',(0.,0.,1.));
#12613=DIRECTION('ref_axis',(1.,0.,0.));
#12614=DIRECTION('',(0.,1.,0.));
#12615=DIRECTION('',(-1.,0.,0.));
#12616=DIRECTION('',(0.,-1.,0.));
#12617=DIRECTION('',(1.,0.,0.));
#12618=DIRECTION('center_axis',(0.,0.,1.));
#12619=DIRECTION('ref_axis',(1.,0.,0.));
#12620=DIRECTION('',(0.,-1.,0.));
#12621=DIRECTION('',(-1.,0.,0.));
#12622=DIRECTION('',(0.,1.,0.));
#12623=DIRECTION('',(1.,0.,0.));
#12624=DIRECTION('center_axis',(0.,1.,0.));
#12625=DIRECTION('ref_axis',(0.,0.,1.));
#12626=DIRECTION('',(0.,0.,-1.));
#12627=DIRECTION('',(0.,0.,-1.));
#12628=DIRECTION('center_axis',(1.,0.,0.));
#12629=DIRECTION('ref_axis',(0.,0.,-1.));
#12630=DIRECTION('',(0.,0.,-1.));
#12631=DIRECTION('center_axis',(0.,-1.,0.));
#12632=DIRECTION('ref_axis',(0.,0.,-1.));
#12633=DIRECTION('',(0.,0.,-1.));
#12634=DIRECTION('center_axis',(-1.,0.,0.));
#12635=DIRECTION('ref_axis',(0.,0.,1.));
#12636=DIRECTION('center_axis',(0.,0.,1.));
#12637=DIRECTION('ref_axis',(1.,0.,0.));
#12638=DIRECTION('',(0.,1.,0.));
#12639=DIRECTION('',(-1.,0.,0.));
#12640=DIRECTION('',(0.,-1.,0.));
#12641=DIRECTION('',(1.,0.,0.));
#12642=DIRECTION('center_axis',(0.,0.,1.));
#12643=DIRECTION('ref_axis',(1.,0.,0.));
#12644=DIRECTION('',(0.,-1.,0.));
#12645=DIRECTION('',(-1.,0.,0.));
#12646=DIRECTION('',(0.,1.,0.));
#12647=DIRECTION('',(1.,0.,0.));
#12648=DIRECTION('center_axis',(0.,1.,0.));
#12649=DIRECTION('ref_axis',(0.,0.,1.));
#12650=DIRECTION('',(0.,0.,-1.));
#12651=DIRECTION('',(0.,0.,-1.));
#12652=DIRECTION('center_axis',(1.,0.,0.));
#12653=DIRECTION('ref_axis',(0.,0.,-1.));
#12654=DIRECTION('',(0.,0.,-1.));
#12655=DIRECTION('center_axis',(0.,-1.,0.));
#12656=DIRECTION('ref_axis',(0.,0.,-1.));
#12657=DIRECTION('',(0.,0.,-1.));
#12658=DIRECTION('center_axis',(-1.,0.,0.));
#12659=DIRECTION('ref_axis',(0.,0.,1.));
#12660=DIRECTION('center_axis',(0.,0.,1.));
#12661=DIRECTION('ref_axis',(1.,0.,0.));
#12662=DIRECTION('',(0.,1.,0.));
#12663=DIRECTION('',(-1.,0.,0.));
#12664=DIRECTION('',(0.,-1.,0.));
#12665=DIRECTION('',(1.,0.,0.));
#12666=DIRECTION('center_axis',(0.,0.,1.));
#12667=DIRECTION('ref_axis',(1.,0.,0.));
#12668=DIRECTION('',(0.,-1.,0.));
#12669=DIRECTION('',(-1.,0.,0.));
#12670=DIRECTION('',(0.,1.,0.));
#12671=DIRECTION('',(1.,0.,0.));
#12672=DIRECTION('center_axis',(0.,1.,0.));
#12673=DIRECTION('ref_axis',(0.,0.,1.));
#12674=DIRECTION('',(0.,0.,-1.));
#12675=DIRECTION('',(0.,0.,-1.));
#12676=DIRECTION('center_axis',(1.,0.,0.));
#12677=DIRECTION('ref_axis',(0.,0.,-1.));
#12678=DIRECTION('',(0.,0.,-1.));
#12679=DIRECTION('center_axis',(0.,-1.,0.));
#12680=DIRECTION('ref_axis',(0.,0.,-1.));
#12681=DIRECTION('',(0.,0.,-1.));
#12682=DIRECTION('center_axis',(-1.,0.,0.));
#12683=DIRECTION('ref_axis',(0.,0.,1.));
#12684=DIRECTION('center_axis',(0.,0.,1.));
#12685=DIRECTION('ref_axis',(1.,0.,0.));
#12686=DIRECTION('',(0.,1.,0.));
#12687=DIRECTION('',(-1.,0.,0.));
#12688=DIRECTION('',(0.,-1.,0.));
#12689=DIRECTION('',(1.,0.,0.));
#12690=DIRECTION('center_axis',(0.,0.,1.));
#12691=DIRECTION('ref_axis',(1.,0.,0.));
#12692=DIRECTION('',(0.,-1.,0.));
#12693=DIRECTION('',(-1.,0.,0.));
#12694=DIRECTION('',(0.,1.,0.));
#12695=DIRECTION('',(1.,0.,0.));
#12696=DIRECTION('center_axis',(0.,1.,0.));
#12697=DIRECTION('ref_axis',(0.,0.,1.));
#12698=DIRECTION('',(0.,0.,-1.));
#12699=DIRECTION('',(0.,0.,-1.));
#12700=DIRECTION('center_axis',(1.,0.,0.));
#12701=DIRECTION('ref_axis',(0.,0.,-1.));
#12702=DIRECTION('',(0.,0.,-1.));
#12703=DIRECTION('center_axis',(0.,-1.,0.));
#12704=DIRECTION('ref_axis',(0.,0.,-1.));
#12705=DIRECTION('',(0.,0.,-1.));
#12706=DIRECTION('center_axis',(-1.,0.,0.));
#12707=DIRECTION('ref_axis',(0.,0.,1.));
#12708=DIRECTION('center_axis',(0.,0.,1.));
#12709=DIRECTION('ref_axis',(1.,0.,0.));
#12710=DIRECTION('',(0.,1.,0.));
#12711=DIRECTION('',(-1.,0.,0.));
#12712=DIRECTION('',(0.,-1.,0.));
#12713=DIRECTION('',(1.,0.,0.));
#12714=DIRECTION('center_axis',(0.,0.,1.));
#12715=DIRECTION('ref_axis',(1.,0.,0.));
#12716=DIRECTION('',(0.,-1.,0.));
#12717=DIRECTION('',(-1.,0.,0.));
#12718=DIRECTION('',(0.,1.,0.));
#12719=DIRECTION('',(1.,0.,0.));
#12720=DIRECTION('center_axis',(0.,1.,0.));
#12721=DIRECTION('ref_axis',(0.,0.,1.));
#12722=DIRECTION('',(0.,0.,-1.));
#12723=DIRECTION('',(0.,0.,-1.));
#12724=DIRECTION('center_axis',(1.,0.,0.));
#12725=DIRECTION('ref_axis',(0.,0.,-1.));
#12726=DIRECTION('',(0.,0.,-1.));
#12727=DIRECTION('center_axis',(0.,-1.,0.));
#12728=DIRECTION('ref_axis',(0.,0.,-1.));
#12729=DIRECTION('',(0.,0.,-1.));
#12730=DIRECTION('center_axis',(-1.,0.,0.));
#12731=DIRECTION('ref_axis',(0.,0.,1.));
#12732=DIRECTION('center_axis',(0.,0.,1.));
#12733=DIRECTION('ref_axis',(1.,0.,0.));
#12734=DIRECTION('center_axis',(0.,0.,1.));
#12735=DIRECTION('ref_axis',(1.,0.,0.));
#12736=DIRECTION('',(0.,0.,1.));
#12737=DIRECTION('center_axis',(0.,0.,-1.));
#12738=DIRECTION('ref_axis',(1.,0.,0.));
#12739=DIRECTION('center_axis',(0.,0.,1.));
#12740=DIRECTION('ref_axis',(1.,0.,0.));
#12741=DIRECTION('',(0.,1.,0.));
#12742=DIRECTION('',(-1.,0.,0.));
#12743=DIRECTION('',(0.,-1.,0.));
#12744=DIRECTION('',(1.,0.,0.));
#12745=DIRECTION('center_axis',(0.,0.,1.));
#12746=DIRECTION('ref_axis',(1.,0.,0.));
#12747=DIRECTION('',(0.,-1.,0.));
#12748=DIRECTION('',(-1.,0.,0.));
#12749=DIRECTION('',(0.,1.,0.));
#12750=DIRECTION('',(1.,0.,0.));
#12751=DIRECTION('center_axis',(0.,1.,0.));
#12752=DIRECTION('ref_axis',(0.,0.,1.));
#12753=DIRECTION('',(0.,0.,-1.));
#12754=DIRECTION('',(0.,0.,-1.));
#12755=DIRECTION('center_axis',(1.,0.,0.));
#12756=DIRECTION('ref_axis',(0.,0.,-1.));
#12757=DIRECTION('',(0.,0.,-1.));
#12758=DIRECTION('center_axis',(0.,-1.,0.));
#12759=DIRECTION('ref_axis',(0.,0.,-1.));
#12760=DIRECTION('',(0.,0.,-1.));
#12761=DIRECTION('center_axis',(-1.,0.,0.));
#12762=DIRECTION('ref_axis',(0.,0.,1.));
#12763=DIRECTION('center_axis',(0.,0.,1.));
#12764=DIRECTION('ref_axis',(1.,0.,0.));
#12765=DIRECTION('center_axis',(0.,0.,1.));
#12766=DIRECTION('ref_axis',(1.,0.,0.));
#12767=DIRECTION('',(0.,0.,1.));
#12768=DIRECTION('center_axis',(0.,0.,-1.));
#12769=DIRECTION('ref_axis',(1.,0.,0.));
#12770=DIRECTION('center_axis',(0.,0.,1.));
#12771=DIRECTION('ref_axis',(1.,0.,0.));
#12772=DIRECTION('',(0.,1.,0.));
#12773=DIRECTION('',(-1.,0.,0.));
#12774=DIRECTION('',(0.,-1.,0.));
#12775=DIRECTION('',(1.,0.,0.));
#12776=DIRECTION('center_axis',(0.,0.,1.));
#12777=DIRECTION('ref_axis',(1.,0.,0.));
#12778=DIRECTION('',(0.,-1.,0.));
#12779=DIRECTION('',(-1.,0.,0.));
#12780=DIRECTION('',(0.,1.,0.));
#12781=DIRECTION('',(1.,0.,0.));
#12782=DIRECTION('center_axis',(0.,1.,0.));
#12783=DIRECTION('ref_axis',(0.,0.,1.));
#12784=DIRECTION('',(0.,0.,-1.));
#12785=DIRECTION('',(0.,0.,-1.));
#12786=DIRECTION('center_axis',(1.,0.,0.));
#12787=DIRECTION('ref_axis',(0.,0.,-1.));
#12788=DIRECTION('',(0.,0.,-1.));
#12789=DIRECTION('center_axis',(0.,-1.,0.));
#12790=DIRECTION('ref_axis',(0.,0.,-1.));
#12791=DIRECTION('',(0.,0.,-1.));
#12792=DIRECTION('center_axis',(-1.,0.,0.));
#12793=DIRECTION('ref_axis',(0.,0.,1.));
#12794=DIRECTION('center_axis',(0.,0.,1.));
#12795=DIRECTION('ref_axis',(1.,0.,0.));
#12796=DIRECTION('center_axis',(0.,0.,1.));
#12797=DIRECTION('ref_axis',(1.,0.,0.));
#12798=DIRECTION('',(0.,0.,1.));
#12799=DIRECTION('center_axis',(0.,0.,-1.));
#12800=DIRECTION('ref_axis',(1.,0.,0.));
#12801=DIRECTION('center_axis',(0.,0.,1.));
#12802=DIRECTION('ref_axis',(1.,0.,0.));
#12803=DIRECTION('',(0.,1.,0.));
#12804=DIRECTION('',(-1.,0.,0.));
#12805=DIRECTION('',(0.,-1.,0.));
#12806=DIRECTION('',(1.,0.,0.));
#12807=DIRECTION('center_axis',(0.,0.,1.));
#12808=DIRECTION('ref_axis',(1.,0.,0.));
#12809=DIRECTION('',(0.,-1.,0.));
#12810=DIRECTION('',(-1.,0.,0.));
#12811=DIRECTION('',(0.,1.,0.));
#12812=DIRECTION('',(1.,0.,0.));
#12813=DIRECTION('center_axis',(0.,1.,0.));
#12814=DIRECTION('ref_axis',(0.,0.,1.));
#12815=DIRECTION('',(0.,0.,-1.));
#12816=DIRECTION('',(0.,0.,-1.));
#12817=DIRECTION('center_axis',(1.,0.,0.));
#12818=DIRECTION('ref_axis',(0.,0.,-1.));
#12819=DIRECTION('',(0.,0.,-1.));
#12820=DIRECTION('center_axis',(0.,-1.,0.));
#12821=DIRECTION('ref_axis',(0.,0.,-1.));
#12822=DIRECTION('',(0.,0.,-1.));
#12823=DIRECTION('center_axis',(-1.,0.,0.));
#12824=DIRECTION('ref_axis',(0.,0.,1.));
#12825=DIRECTION('center_axis',(0.,0.,1.));
#12826=DIRECTION('ref_axis',(1.,0.,0.));
#12827=DIRECTION('center_axis',(0.,0.,1.));
#12828=DIRECTION('ref_axis',(1.,0.,0.));
#12829=DIRECTION('',(0.,0.,1.));
#12830=DIRECTION('center_axis',(0.,0.,-1.));
#12831=DIRECTION('ref_axis',(1.,0.,0.));
#12832=DIRECTION('center_axis',(0.,0.,1.));
#12833=DIRECTION('ref_axis',(1.,0.,0.));
#12834=DIRECTION('',(0.,1.,0.));
#12835=DIRECTION('',(-1.,0.,0.));
#12836=DIRECTION('',(0.,-1.,0.));
#12837=DIRECTION('',(1.,0.,0.));
#12838=DIRECTION('center_axis',(0.,0.,1.));
#12839=DIRECTION('ref_axis',(1.,0.,0.));
#12840=DIRECTION('',(0.,-1.,0.));
#12841=DIRECTION('',(-1.,0.,0.));
#12842=DIRECTION('',(0.,1.,0.));
#12843=DIRECTION('',(1.,0.,0.));
#12844=DIRECTION('center_axis',(0.,1.,0.));
#12845=DIRECTION('ref_axis',(0.,0.,1.));
#12846=DIRECTION('',(0.,0.,-1.));
#12847=DIRECTION('',(0.,0.,-1.));
#12848=DIRECTION('center_axis',(1.,0.,0.));
#12849=DIRECTION('ref_axis',(0.,0.,-1.));
#12850=DIRECTION('',(0.,0.,-1.));
#12851=DIRECTION('center_axis',(0.,-1.,0.));
#12852=DIRECTION('ref_axis',(0.,0.,-1.));
#12853=DIRECTION('',(0.,0.,-1.));
#12854=DIRECTION('center_axis',(-1.,0.,0.));
#12855=DIRECTION('ref_axis',(0.,0.,1.));
#12856=DIRECTION('center_axis',(0.,0.,1.));
#12857=DIRECTION('ref_axis',(1.,0.,0.));
#12858=DIRECTION('',(0.,1.,0.));
#12859=DIRECTION('',(-1.,0.,0.));
#12860=DIRECTION('',(0.,-1.,0.));
#12861=DIRECTION('',(1.,0.,0.));
#12862=DIRECTION('center_axis',(0.,0.,1.));
#12863=DIRECTION('ref_axis',(1.,0.,0.));
#12864=DIRECTION('',(0.,-1.,0.));
#12865=DIRECTION('',(-1.,0.,0.));
#12866=DIRECTION('',(0.,1.,0.));
#12867=DIRECTION('',(1.,0.,0.));
#12868=DIRECTION('center_axis',(0.,1.,0.));
#12869=DIRECTION('ref_axis',(0.,0.,1.));
#12870=DIRECTION('',(0.,0.,-1.));
#12871=DIRECTION('',(0.,0.,-1.));
#12872=DIRECTION('center_axis',(1.,0.,0.));
#12873=DIRECTION('ref_axis',(0.,0.,-1.));
#12874=DIRECTION('',(0.,0.,-1.));
#12875=DIRECTION('center_axis',(0.,-1.,0.));
#12876=DIRECTION('ref_axis',(0.,0.,-1.));
#12877=DIRECTION('',(0.,0.,-1.));
#12878=DIRECTION('center_axis',(-1.,0.,0.));
#12879=DIRECTION('ref_axis',(0.,0.,1.));
#12880=DIRECTION('axis',(0.,0.,1.));
#12881=DIRECTION('refdir',(1.,0.,0.));
#12882=DIRECTION('center_axis',(0.,0.,1.));
#12883=DIRECTION('ref_axis',(1.,0.,0.));
#12884=DIRECTION('center_axis',(0.,0.,1.));
#12885=DIRECTION('ref_axis',(1.,0.,0.));
#12886=DIRECTION('',(0.,0.,1.));
#12887=DIRECTION('center_axis',(0.,0.,-1.));
#12888=DIRECTION('ref_axis',(1.,0.,0.));
#12889=DIRECTION('center_axis',(0.,0.,1.));
#12890=DIRECTION('ref_axis',(1.,0.,0.));
#12891=DIRECTION('',(0.,1.,0.));
#12892=DIRECTION('',(-1.,0.,0.));
#12893=DIRECTION('',(0.,-1.,0.));
#12894=DIRECTION('',(1.,0.,0.));
#12895=DIRECTION('center_axis',(0.,0.,1.));
#12896=DIRECTION('ref_axis',(1.,0.,0.));
#12897=DIRECTION('',(0.,-1.,0.));
#12898=DIRECTION('',(-1.,0.,0.));
#12899=DIRECTION('',(0.,1.,0.));
#12900=DIRECTION('',(1.,0.,0.));
#12901=DIRECTION('center_axis',(0.,1.,0.));
#12902=DIRECTION('ref_axis',(0.,0.,1.));
#12903=DIRECTION('',(0.,0.,-1.));
#12904=DIRECTION('',(0.,0.,-1.));
#12905=DIRECTION('center_axis',(1.,0.,0.));
#12906=DIRECTION('ref_axis',(0.,0.,-1.));
#12907=DIRECTION('',(0.,0.,-1.));
#12908=DIRECTION('center_axis',(0.,-1.,0.));
#12909=DIRECTION('ref_axis',(0.,0.,-1.));
#12910=DIRECTION('',(0.,0.,-1.));
#12911=DIRECTION('center_axis',(-1.,0.,0.));
#12912=DIRECTION('ref_axis',(0.,0.,1.));
#12913=DIRECTION('center_axis',(0.,0.,1.));
#12914=DIRECTION('ref_axis',(1.,0.,0.));
#12915=DIRECTION('center_axis',(0.,0.,1.));
#12916=DIRECTION('ref_axis',(1.,0.,0.));
#12917=DIRECTION('',(0.,0.,1.));
#12918=DIRECTION('center_axis',(0.,0.,-1.));
#12919=DIRECTION('ref_axis',(1.,0.,0.));
#12920=DIRECTION('center_axis',(0.,0.,1.));
#12921=DIRECTION('ref_axis',(1.,0.,0.));
#12922=DIRECTION('center_axis',(0.,0.,1.));
#12923=DIRECTION('ref_axis',(1.,0.,0.));
#12924=DIRECTION('',(0.,0.,-1.));
#12925=DIRECTION('center_axis',(0.,0.,-1.));
#12926=DIRECTION('ref_axis',(1.,0.,0.));
#12927=DIRECTION('center_axis',(0.,0.,-1.));
#12928=DIRECTION('ref_axis',(-1.,0.,0.));
#12929=DIRECTION('center_axis',(0.,0.,1.));
#12930=DIRECTION('ref_axis',(1.,0.,0.));
#12931=DIRECTION('center_axis',(0.,0.,1.));
#12932=DIRECTION('ref_axis',(1.,0.,0.));
#12933=DIRECTION('center_axis',(0.,0.,1.));
#12934=DIRECTION('ref_axis',(1.,0.,0.));
#12935=DIRECTION('',(0.,0.,1.));
#12936=DIRECTION('center_axis',(0.,0.,-1.));
#12937=DIRECTION('ref_axis',(1.,0.,0.));
#12938=DIRECTION('center_axis',(0.,0.,1.));
#12939=DIRECTION('ref_axis',(1.,0.,0.));
#12940=DIRECTION('center_axis',(0.,0.,1.));
#12941=DIRECTION('ref_axis',(1.,0.,0.));
#12942=DIRECTION('',(0.,0.,-1.));
#12943=DIRECTION('center_axis',(0.,0.,-1.));
#12944=DIRECTION('ref_axis',(1.,0.,0.));
#12945=DIRECTION('center_axis',(0.,0.,-1.));
#12946=DIRECTION('ref_axis',(-1.,0.,0.));
#12947=DIRECTION('center_axis',(0.,0.,1.));
#12948=DIRECTION('ref_axis',(1.,0.,0.));
#12949=DIRECTION('center_axis',(0.,0.,1.));
#12950=DIRECTION('ref_axis',(1.,0.,0.));
#12951=DIRECTION('center_axis',(0.,0.,1.));
#12952=DIRECTION('ref_axis',(1.,0.,0.));
#12953=DIRECTION('',(0.,0.,1.));
#12954=DIRECTION('center_axis',(0.,0.,-1.));
#12955=DIRECTION('ref_axis',(1.,0.,0.));
#12956=DIRECTION('center_axis',(0.,0.,1.));
#12957=DIRECTION('ref_axis',(1.,0.,0.));
#12958=DIRECTION('',(0.,1.,0.));
#12959=DIRECTION('',(-1.,0.,0.));
#12960=DIRECTION('',(0.,-1.,0.));
#12961=DIRECTION('',(1.,0.,0.));
#12962=DIRECTION('center_axis',(0.,0.,1.));
#12963=DIRECTION('ref_axis',(1.,0.,0.));
#12964=DIRECTION('',(0.,-1.,0.));
#12965=DIRECTION('',(-1.,0.,0.));
#12966=DIRECTION('',(0.,1.,0.));
#12967=DIRECTION('',(1.,0.,0.));
#12968=DIRECTION('center_axis',(0.,1.,0.));
#12969=DIRECTION('ref_axis',(0.,0.,1.));
#12970=DIRECTION('',(0.,0.,-1.));
#12971=DIRECTION('',(0.,0.,-1.));
#12972=DIRECTION('center_axis',(1.,0.,0.));
#12973=DIRECTION('ref_axis',(0.,0.,-1.));
#12974=DIRECTION('',(0.,0.,-1.));
#12975=DIRECTION('center_axis',(0.,-1.,0.));
#12976=DIRECTION('ref_axis',(0.,0.,-1.));
#12977=DIRECTION('',(0.,0.,-1.));
#12978=DIRECTION('center_axis',(-1.,0.,0.));
#12979=DIRECTION('ref_axis',(0.,0.,1.));
#12980=DIRECTION('center_axis',(0.,0.,1.));
#12981=DIRECTION('ref_axis',(1.,0.,0.));
#12982=DIRECTION('center_axis',(0.,0.,1.));
#12983=DIRECTION('ref_axis',(1.,0.,0.));
#12984=DIRECTION('',(0.,0.,1.));
#12985=DIRECTION('center_axis',(0.,0.,-1.));
#12986=DIRECTION('ref_axis',(1.,0.,0.));
#12987=DIRECTION('center_axis',(0.,0.,1.));
#12988=DIRECTION('ref_axis',(1.,0.,0.));
#12989=DIRECTION('center_axis',(0.,0.,1.));
#12990=DIRECTION('ref_axis',(1.,0.,0.));
#12991=DIRECTION('',(0.,0.,-1.));
#12992=DIRECTION('center_axis',(0.,0.,-1.));
#12993=DIRECTION('ref_axis',(1.,0.,0.));
#12994=DIRECTION('center_axis',(0.,0.,-1.));
#12995=DIRECTION('ref_axis',(-1.,0.,0.));
#12996=DIRECTION('center_axis',(0.,0.,1.));
#12997=DIRECTION('ref_axis',(1.,0.,0.));
#12998=DIRECTION('center_axis',(0.,0.,1.));
#12999=DIRECTION('ref_axis',(1.,0.,0.));
#13000=DIRECTION('center_axis',(0.,0.,1.));
#13001=DIRECTION('ref_axis',(1.,0.,0.));
#13002=DIRECTION('',(0.,0.,1.));
#13003=DIRECTION('center_axis',(0.,0.,-1.));
#13004=DIRECTION('ref_axis',(1.,0.,0.));
#13005=DIRECTION('center_axis',(0.,0.,1.));
#13006=DIRECTION('ref_axis',(1.,0.,0.));
#13007=DIRECTION('center_axis',(0.,0.,1.));
#13008=DIRECTION('ref_axis',(1.,0.,0.));
#13009=DIRECTION('',(0.,0.,-1.));
#13010=DIRECTION('center_axis',(0.,0.,-1.));
#13011=DIRECTION('ref_axis',(1.,0.,0.));
#13012=DIRECTION('center_axis',(0.,0.,-1.));
#13013=DIRECTION('ref_axis',(-1.,0.,0.));
#13014=DIRECTION('center_axis',(0.,0.,1.));
#13015=DIRECTION('ref_axis',(1.,0.,0.));
#13016=DIRECTION('center_axis',(0.,0.,1.));
#13017=DIRECTION('ref_axis',(1.,0.,0.));
#13018=DIRECTION('center_axis',(0.,0.,1.));
#13019=DIRECTION('ref_axis',(1.,0.,0.));
#13020=DIRECTION('',(0.,0.,1.));
#13021=DIRECTION('center_axis',(0.,0.,-1.));
#13022=DIRECTION('ref_axis',(1.,0.,0.));
#13023=DIRECTION('center_axis',(0.,0.,1.));
#13024=DIRECTION('ref_axis',(1.,0.,0.));
#13025=DIRECTION('',(0.,1.,0.));
#13026=DIRECTION('',(-1.,0.,0.));
#13027=DIRECTION('',(0.,-1.,0.));
#13028=DIRECTION('',(1.,0.,0.));
#13029=DIRECTION('center_axis',(0.,0.,1.));
#13030=DIRECTION('ref_axis',(1.,0.,0.));
#13031=DIRECTION('',(0.,-1.,0.));
#13032=DIRECTION('',(-1.,0.,0.));
#13033=DIRECTION('',(0.,1.,0.));
#13034=DIRECTION('',(1.,0.,0.));
#13035=DIRECTION('center_axis',(0.,1.,0.));
#13036=DIRECTION('ref_axis',(0.,0.,1.));
#13037=DIRECTION('',(0.,0.,-1.));
#13038=DIRECTION('',(0.,0.,-1.));
#13039=DIRECTION('center_axis',(1.,0.,0.));
#13040=DIRECTION('ref_axis',(0.,0.,-1.));
#13041=DIRECTION('',(0.,0.,-1.));
#13042=DIRECTION('center_axis',(0.,-1.,0.));
#13043=DIRECTION('ref_axis',(0.,0.,-1.));
#13044=DIRECTION('',(0.,0.,-1.));
#13045=DIRECTION('center_axis',(-1.,0.,0.));
#13046=DIRECTION('ref_axis',(0.,0.,1.));
#13047=DIRECTION('center_axis',(0.,0.,1.));
#13048=DIRECTION('ref_axis',(1.,0.,0.));
#13049=DIRECTION('center_axis',(0.,0.,1.));
#13050=DIRECTION('ref_axis',(1.,0.,0.));
#13051=DIRECTION('',(0.,0.,1.));
#13052=DIRECTION('center_axis',(0.,0.,-1.));
#13053=DIRECTION('ref_axis',(1.,0.,0.));
#13054=DIRECTION('center_axis',(0.,0.,1.));
#13055=DIRECTION('ref_axis',(1.,0.,0.));
#13056=DIRECTION('center_axis',(0.,0.,1.));
#13057=DIRECTION('ref_axis',(1.,0.,0.));
#13058=DIRECTION('',(0.,0.,-1.));
#13059=DIRECTION('center_axis',(0.,0.,-1.));
#13060=DIRECTION('ref_axis',(1.,0.,0.));
#13061=DIRECTION('center_axis',(0.,0.,-1.));
#13062=DIRECTION('ref_axis',(-1.,0.,0.));
#13063=DIRECTION('center_axis',(0.,0.,1.));
#13064=DIRECTION('ref_axis',(1.,0.,0.));
#13065=DIRECTION('center_axis',(0.,0.,1.));
#13066=DIRECTION('ref_axis',(1.,0.,0.));
#13067=DIRECTION('center_axis',(0.,0.,1.));
#13068=DIRECTION('ref_axis',(1.,0.,0.));
#13069=DIRECTION('',(0.,0.,1.));
#13070=DIRECTION('center_axis',(0.,0.,-1.));
#13071=DIRECTION('ref_axis',(1.,0.,0.));
#13072=DIRECTION('center_axis',(0.,0.,1.));
#13073=DIRECTION('ref_axis',(1.,0.,0.));
#13074=DIRECTION('center_axis',(0.,0.,1.));
#13075=DIRECTION('ref_axis',(1.,0.,0.));
#13076=DIRECTION('',(0.,0.,-1.));
#13077=DIRECTION('center_axis',(0.,0.,-1.));
#13078=DIRECTION('ref_axis',(1.,0.,0.));
#13079=DIRECTION('center_axis',(0.,0.,-1.));
#13080=DIRECTION('ref_axis',(-1.,0.,0.));
#13081=DIRECTION('center_axis',(0.,0.,1.));
#13082=DIRECTION('ref_axis',(1.,0.,0.));
#13083=DIRECTION('center_axis',(0.,0.,1.));
#13084=DIRECTION('ref_axis',(1.,0.,0.));
#13085=DIRECTION('center_axis',(0.,0.,1.));
#13086=DIRECTION('ref_axis',(1.,0.,0.));
#13087=DIRECTION('',(0.,0.,1.));
#13088=DIRECTION('center_axis',(0.,0.,-1.));
#13089=DIRECTION('ref_axis',(1.,0.,0.));
#13090=DIRECTION('center_axis',(0.,0.,1.));
#13091=DIRECTION('ref_axis',(1.,0.,0.));
#13092=DIRECTION('',(0.,1.,0.));
#13093=DIRECTION('',(-1.,0.,0.));
#13094=DIRECTION('',(0.,-1.,0.));
#13095=DIRECTION('',(1.,0.,0.));
#13096=DIRECTION('center_axis',(0.,0.,1.));
#13097=DIRECTION('ref_axis',(1.,0.,0.));
#13098=DIRECTION('',(0.,-1.,0.));
#13099=DIRECTION('',(-1.,0.,0.));
#13100=DIRECTION('',(0.,1.,0.));
#13101=DIRECTION('',(1.,0.,0.));
#13102=DIRECTION('center_axis',(0.,1.,0.));
#13103=DIRECTION('ref_axis',(0.,0.,1.));
#13104=DIRECTION('',(0.,0.,-1.));
#13105=DIRECTION('',(0.,0.,-1.));
#13106=DIRECTION('center_axis',(1.,0.,0.));
#13107=DIRECTION('ref_axis',(0.,0.,-1.));
#13108=DIRECTION('',(0.,0.,-1.));
#13109=DIRECTION('center_axis',(0.,-1.,0.));
#13110=DIRECTION('ref_axis',(0.,0.,-1.));
#13111=DIRECTION('',(0.,0.,-1.));
#13112=DIRECTION('center_axis',(-1.,0.,0.));
#13113=DIRECTION('ref_axis',(0.,0.,1.));
#13114=DIRECTION('center_axis',(0.,0.,1.));
#13115=DIRECTION('ref_axis',(1.,0.,0.));
#13116=DIRECTION('center_axis',(0.,0.,1.));
#13117=DIRECTION('ref_axis',(1.,0.,0.));
#13118=DIRECTION('',(0.,0.,1.));
#13119=DIRECTION('center_axis',(0.,0.,-1.));
#13120=DIRECTION('ref_axis',(1.,0.,0.));
#13121=DIRECTION('center_axis',(0.,0.,1.));
#13122=DIRECTION('ref_axis',(1.,0.,0.));
#13123=DIRECTION('center_axis',(0.,0.,1.));
#13124=DIRECTION('ref_axis',(1.,0.,0.));
#13125=DIRECTION('',(0.,0.,-1.));
#13126=DIRECTION('center_axis',(0.,0.,-1.));
#13127=DIRECTION('ref_axis',(1.,0.,0.));
#13128=DIRECTION('center_axis',(0.,0.,-1.));
#13129=DIRECTION('ref_axis',(-1.,0.,0.));
#13130=DIRECTION('center_axis',(0.,0.,1.));
#13131=DIRECTION('ref_axis',(1.,0.,0.));
#13132=DIRECTION('center_axis',(0.,0.,1.));
#13133=DIRECTION('ref_axis',(1.,0.,0.));
#13134=DIRECTION('center_axis',(0.,0.,1.));
#13135=DIRECTION('ref_axis',(1.,0.,0.));
#13136=DIRECTION('',(0.,0.,1.));
#13137=DIRECTION('center_axis',(0.,0.,-1.));
#13138=DIRECTION('ref_axis',(1.,0.,0.));
#13139=DIRECTION('center_axis',(0.,0.,1.));
#13140=DIRECTION('ref_axis',(1.,0.,0.));
#13141=DIRECTION('center_axis',(0.,0.,1.));
#13142=DIRECTION('ref_axis',(1.,0.,0.));
#13143=DIRECTION('',(0.,0.,-1.));
#13144=DIRECTION('center_axis',(0.,0.,-1.));
#13145=DIRECTION('ref_axis',(1.,0.,0.));
#13146=DIRECTION('center_axis',(0.,0.,-1.));
#13147=DIRECTION('ref_axis',(-1.,0.,0.));
#13148=DIRECTION('center_axis',(0.,0.,1.));
#13149=DIRECTION('ref_axis',(1.,0.,0.));
#13150=DIRECTION('',(0.,0.,1.));
#13151=DIRECTION('',(1.,0.,0.));
#13152=DIRECTION('',(0.,0.,1.));
#13153=DIRECTION('',(1.,0.,0.));
#13154=DIRECTION('',(0.,0.,1.));
#13155=DIRECTION('',(1.,0.,0.));
#13156=DIRECTION('',(0.,0.,1.));
#13157=DIRECTION('',(1.,0.,0.));
#13158=DIRECTION('',(0.,0.,1.));
#13159=DIRECTION('',(1.,0.,0.));
#13160=DIRECTION('',(0.,0.,1.));
#13161=DIRECTION('',(1.,0.,0.));
#13162=DIRECTION('',(0.,0.,1.));
#13163=DIRECTION('',(1.,0.,0.));
#13164=DIRECTION('',(0.,0.,1.));
#13165=DIRECTION('',(1.,0.,0.));
#13166=DIRECTION('',(0.,0.,1.));
#13167=DIRECTION('',(1.,0.,0.));
#13168=DIRECTION('',(0.,0.,1.));
#13169=DIRECTION('',(1.,0.,0.));
#13170=DIRECTION('',(0.,0.,1.));
#13171=DIRECTION('',(1.,0.,0.));
#13172=CARTESIAN_POINT('',(0.,0.,0.));
#13173=CARTESIAN_POINT('',(0.,0.,0.));
#13174=CARTESIAN_POINT('Origin',(-20.,0.,107.));
#13175=CARTESIAN_POINT('',(145.,-130.,107.));
#13176=CARTESIAN_POINT('',(145.,130.,107.));
#13177=CARTESIAN_POINT('',(145.,0.,107.));
#13178=CARTESIAN_POINT('',(-185.,130.,107.));
#13179=CARTESIAN_POINT('',(-20.,130.,107.));
#13180=CARTESIAN_POINT('',(-185.,-130.,107.));
#13181=CARTESIAN_POINT('',(-185.,0.,107.));
#13182=CARTESIAN_POINT('',(-20.,-130.,107.));
#13183=CARTESIAN_POINT('Origin',(-20.,0.,95.));
#13184=CARTESIAN_POINT('',(145.,130.,95.));
#13185=CARTESIAN_POINT('',(145.,-130.,95.));
#13186=CARTESIAN_POINT('',(145.,0.,95.));
#13187=CARTESIAN_POINT('',(-185.,-130.,95.));
#13188=CARTESIAN_POINT('',(-20.,-130.,95.));
#13189=CARTESIAN_POINT('',(-185.,130.,95.));
#13190=CARTESIAN_POINT('',(-185.,0.,95.));
#13191=CARTESIAN_POINT('',(-20.,130.,95.));
#13192=CARTESIAN_POINT('Origin',(-20.,-130.,101.));
#13193=CARTESIAN_POINT('',(-185.,-130.,101.));
#13194=CARTESIAN_POINT('',(145.,-130.,101.));
#13195=CARTESIAN_POINT('Origin',(-185.,0.,101.));
#13196=CARTESIAN_POINT('',(-185.,130.,101.));
#13197=CARTESIAN_POINT('Origin',(-20.,130.,101.));
#13198=CARTESIAN_POINT('',(145.,130.,101.));
#13199=CARTESIAN_POINT('Origin',(145.,0.,101.));
#13200=CARTESIAN_POINT('Origin',(190.,0.,106.));
#13201=CARTESIAN_POINT('',(212.5,-200.,106.));
#13202=CARTESIAN_POINT('',(212.5,200.,106.));
#13203=CARTESIAN_POINT('',(212.5,0.,106.));
#13204=CARTESIAN_POINT('',(167.5,200.,106.));
#13205=CARTESIAN_POINT('',(190.,200.,106.));
#13206=CARTESIAN_POINT('',(167.5,-200.,106.));
#13207=CARTESIAN_POINT('',(167.5,0.,106.));
#13208=CARTESIAN_POINT('',(190.,-200.,106.));
#13209=CARTESIAN_POINT('Origin',(190.,0.,86.));
#13210=CARTESIAN_POINT('',(212.5,200.,86.));
#13211=CARTESIAN_POINT('',(212.5,-200.,86.));
#13212=CARTESIAN_POINT('',(212.5,0.,86.));
#13213=CARTESIAN_POINT('',(167.5,-200.,86.));
#13214=CARTESIAN_POINT('',(190.,-200.,86.));
#13215=CARTESIAN_POINT('',(167.5,200.,86.));
#13216=CARTESIAN_POINT('',(167.5,0.,86.));
#13217=CARTESIAN_POINT('',(190.,200.,86.));
#13218=CARTESIAN_POINT('Origin',(190.,-200.,96.));
#13219=CARTESIAN_POINT('',(167.5,-200.,96.));
#13220=CARTESIAN_POINT('',(212.5,-200.,96.));
#13221=CARTESIAN_POINT('Origin',(167.5,0.,96.));
#13222=CARTESIAN_POINT('',(167.5,200.,96.));
#13223=CARTESIAN_POINT('Origin',(190.,200.,96.));
#13224=CARTESIAN_POINT('',(212.5,200.,96.));
#13225=CARTESIAN_POINT('Origin',(212.5,0.,96.));
#13226=CARTESIAN_POINT('Origin',(-190.,0.,106.));
#13227=CARTESIAN_POINT('',(-167.5,-200.,106.));
#13228=CARTESIAN_POINT('',(-167.5,200.,106.));
#13229=CARTESIAN_POINT('',(-167.5,0.,106.));
#13230=CARTESIAN_POINT('',(-212.5,200.,106.));
#13231=CARTESIAN_POINT('',(-190.,200.,106.));
#13232=CARTESIAN_POINT('',(-212.5,-200.,106.));
#13233=CARTESIAN_POINT('',(-212.5,0.,106.));
#13234=CARTESIAN_POINT('',(-190.,-200.,106.));
#13235=CARTESIAN_POINT('Origin',(-190.,0.,86.));
#13236=CARTESIAN_POINT('',(-167.5,200.,86.));
#13237=CARTESIAN_POINT('',(-167.5,-200.,86.));
#13238=CARTESIAN_POINT('',(-167.5,0.,86.));
#13239=CARTESIAN_POINT('',(-212.5,-200.,86.));
#13240=CARTESIAN_POINT('',(-190.,-200.,86.));
#13241=CARTESIAN_POINT('',(-212.5,200.,86.));
#13242=CARTESIAN_POINT('',(-212.5,0.,86.));
#13243=CARTESIAN_POINT('',(-190.,200.,86.));
#13244=CARTESIAN_POINT('Origin',(-190.,-200.,96.));
#13245=CARTESIAN_POINT('',(-212.5,-200.,96.));
#13246=CARTESIAN_POINT('',(-167.5,-200.,96.));
#13247=CARTESIAN_POINT('Origin',(-212.5,0.,96.));
#13248=CARTESIAN_POINT('',(-212.5,200.,96.));
#13249=CARTESIAN_POINT('Origin',(-190.,200.,96.));
#13250=CARTESIAN_POINT('',(-167.5,200.,96.));
#13251=CARTESIAN_POINT('Origin',(-167.5,0.,96.));
#13252=CARTESIAN_POINT('',(0.,0.,0.));
#13253=CARTESIAN_POINT('Origin',(145.,0.,185.));
#13254=CARTESIAN_POINT('',(137.,-9.79717439317883E-16,265.));
#13255=CARTESIAN_POINT('Origin',(145.,0.,265.));
#13256=CARTESIAN_POINT('',(137.,-9.79717439317883E-16,105.));
#13257=CARTESIAN_POINT('',(137.,-9.79717439317883E-16,185.));
#13258=CARTESIAN_POINT('Origin',(145.,0.,105.));
#13259=CARTESIAN_POINT('Origin',(145.,0.,105.));
#13260=CARTESIAN_POINT('Origin',(145.,0.,265.));
#13261=CARTESIAN_POINT('Origin',(165.,0.,267.5));
#13262=CARTESIAN_POINT('',(190.,-17.5,267.5));
#13263=CARTESIAN_POINT('',(190.,17.5,267.5));
#13264=CARTESIAN_POINT('',(190.,0.,267.5));
#13265=CARTESIAN_POINT('',(140.,17.5,267.5));
#13266=CARTESIAN_POINT('',(165.,17.5,267.5));
#13267=CARTESIAN_POINT('',(140.,-17.5,267.5));
#13268=CARTESIAN_POINT('',(140.,0.,267.5));
#13269=CARTESIAN_POINT('',(165.,-17.5,267.5));
#13270=CARTESIAN_POINT('Origin',(165.,0.,242.5));
#13271=CARTESIAN_POINT('',(190.,17.5,242.5));
#13272=CARTESIAN_POINT('',(190.,-17.5,242.5));
#13273=CARTESIAN_POINT('',(190.,0.,242.5));
#13274=CARTESIAN_POINT('',(140.,-17.5,242.5));
#13275=CARTESIAN_POINT('',(165.,-17.5,242.5));
#13276=CARTESIAN_POINT('',(140.,17.5,242.5));
#13277=CARTESIAN_POINT('',(140.,0.,242.5));
#13278=CARTESIAN_POINT('',(165.,17.5,242.5));
#13279=CARTESIAN_POINT('Origin',(165.,-17.5,255.));
#13280=CARTESIAN_POINT('',(140.,-17.5,255.));
#13281=CARTESIAN_POINT('',(190.,-17.5,255.));
#13282=CARTESIAN_POINT('Origin',(140.,0.,255.));
#13283=CARTESIAN_POINT('',(140.,17.5,255.));
#13284=CARTESIAN_POINT('Origin',(165.,17.5,255.));
#13285=CARTESIAN_POINT('',(190.,17.5,255.));
#13286=CARTESIAN_POINT('Origin',(190.,0.,255.));
#13287=CARTESIAN_POINT('Origin',(170.,0.,276.5));
#13288=CARTESIAN_POINT('',(202.5,-27.5,276.5));
#13289=CARTESIAN_POINT('',(202.5,27.5,276.5));
#13290=CARTESIAN_POINT('',(202.5,0.,276.5));
#13291=CARTESIAN_POINT('',(137.5,27.5,276.5));
#13292=CARTESIAN_POINT('',(170.,27.5,276.5));
#13293=CARTESIAN_POINT('',(137.5,-27.5,276.5));
#13294=CARTESIAN_POINT('',(137.5,0.,276.5));
#13295=CARTESIAN_POINT('',(170.,-27.5,276.5));
#13296=CARTESIAN_POINT('Origin',(170.,0.,271.5));
#13297=CARTESIAN_POINT('',(202.5,27.5,271.5));
#13298=CARTESIAN_POINT('',(202.5,-27.5,271.5));
#13299=CARTESIAN_POINT('',(202.5,0.,271.5));
#13300=CARTESIAN_POINT('',(137.5,-27.5,271.5));
#13301=CARTESIAN_POINT('',(170.,-27.5,271.5));
#13302=CARTESIAN_POINT('',(137.5,27.5,271.5));
#13303=CARTESIAN_POINT('',(137.5,0.,271.5));
#13304=CARTESIAN_POINT('',(170.,27.5,271.5));
#13305=CARTESIAN_POINT('Origin',(170.,-27.5,274.));
#13306=CARTESIAN_POINT('',(137.5,-27.5,274.));
#13307=CARTESIAN_POINT('',(202.5,-27.5,274.));
#13308=CARTESIAN_POINT('Origin',(137.5,0.,274.));
#13309=CARTESIAN_POINT('',(137.5,27.5,274.));
#13310=CARTESIAN_POINT('Origin',(170.,27.5,274.));
#13311=CARTESIAN_POINT('',(202.5,27.5,274.));
#13312=CARTESIAN_POINT('Origin',(202.5,0.,274.));
#13313=CARTESIAN_POINT('',(0.,0.,0.));
#13314=CARTESIAN_POINT('Origin',(230.,0.,164.25));
#13315=CARTESIAN_POINT('',(241.5,-20.5,164.25));
#13316=CARTESIAN_POINT('',(241.5,20.5,164.25));
#13317=CARTESIAN_POINT('',(241.5,0.,164.25));
#13318=CARTESIAN_POINT('',(218.5,20.5,164.25));
#13319=CARTESIAN_POINT('',(230.,20.5,164.25));
#13320=CARTESIAN_POINT('',(218.5,-20.5,164.25));
#13321=CARTESIAN_POINT('',(218.5,0.,164.25));
#13322=CARTESIAN_POINT('',(230.,-20.5,164.25));
#13323=CARTESIAN_POINT('Origin',(230.,0.,135.75));
#13324=CARTESIAN_POINT('',(241.5,20.5,135.75));
#13325=CARTESIAN_POINT('',(241.5,-20.5,135.75));
#13326=CARTESIAN_POINT('',(241.5,0.,135.75));
#13327=CARTESIAN_POINT('',(218.5,-20.5,135.75));
#13328=CARTESIAN_POINT('',(230.,-20.5,135.75));
#13329=CARTESIAN_POINT('',(218.5,20.5,135.75));
#13330=CARTESIAN_POINT('',(218.5,0.,135.75));
#13331=CARTESIAN_POINT('',(230.,20.5,135.75));
#13332=CARTESIAN_POINT('Origin',(230.,-20.5,150.));
#13333=CARTESIAN_POINT('',(218.5,-20.5,150.));
#13334=CARTESIAN_POINT('',(241.5,-20.5,150.));
#13335=CARTESIAN_POINT('Origin',(218.5,0.,150.));
#13336=CARTESIAN_POINT('',(218.5,20.5,150.));
#13337=CARTESIAN_POINT('Origin',(230.,20.5,150.));
#13338=CARTESIAN_POINT('',(241.5,20.5,150.));
#13339=CARTESIAN_POINT('Origin',(241.5,0.,150.));
#13340=CARTESIAN_POINT('Origin',(247.5,-11.,150.));
#13341=CARTESIAN_POINT('',(253.5,-11.,158.));
#13342=CARTESIAN_POINT('Origin',(253.5,-11.,150.));
#13343=CARTESIAN_POINT('',(241.5,-11.,158.));
#13344=CARTESIAN_POINT('',(247.5,-11.,158.));
#13345=CARTESIAN_POINT('Origin',(241.5,-11.,150.));
#13346=CARTESIAN_POINT('Origin',(241.5,-11.,150.));
#13347=CARTESIAN_POINT('Origin',(253.5,-11.,150.));
#13348=CARTESIAN_POINT('Origin',(247.5,11.,150.));
#13349=CARTESIAN_POINT('',(253.5,11.,158.));
#13350=CARTESIAN_POINT('Origin',(253.5,11.,150.));
#13351=CARTESIAN_POINT('',(241.5,11.,158.));
#13352=CARTESIAN_POINT('',(247.5,11.,158.));
#13353=CARTESIAN_POINT('Origin',(241.5,11.,150.));
#13354=CARTESIAN_POINT('Origin',(241.5,11.,150.));
#13355=CARTESIAN_POINT('Origin',(253.5,11.,150.));
#13356=CARTESIAN_POINT('Origin',(80.,201.5,104.25));
#13357=CARTESIAN_POINT('',(100.5,190.,104.25));
#13358=CARTESIAN_POINT('',(100.5,213.,104.25));
#13359=CARTESIAN_POINT('',(100.5,201.5,104.25));
#13360=CARTESIAN_POINT('',(59.5,213.,104.25));
#13361=CARTESIAN_POINT('',(80.,213.,104.25));
#13362=CARTESIAN_POINT('',(59.5,190.,104.25));
#13363=CARTESIAN_POINT('',(59.5,201.5,104.25));
#13364=CARTESIAN_POINT('',(80.,190.,104.25));
#13365=CARTESIAN_POINT('Origin',(80.,201.5,75.75));
#13366=CARTESIAN_POINT('',(100.5,213.,75.75));
#13367=CARTESIAN_POINT('',(100.5,190.,75.75));
#13368=CARTESIAN_POINT('',(100.5,201.5,75.75));
#13369=CARTESIAN_POINT('',(59.5,190.,75.75));
#13370=CARTESIAN_POINT('',(80.,190.,75.75));
#13371=CARTESIAN_POINT('',(59.5,213.,75.75));
#13372=CARTESIAN_POINT('',(59.5,201.5,75.75));
#13373=CARTESIAN_POINT('',(80.,213.,75.75));
#13374=CARTESIAN_POINT('Origin',(80.,190.,90.));
#13375=CARTESIAN_POINT('',(59.5,190.,90.));
#13376=CARTESIAN_POINT('',(100.5,190.,90.));
#13377=CARTESIAN_POINT('Origin',(59.5,201.5,90.));
#13378=CARTESIAN_POINT('',(59.5,213.,90.));
#13379=CARTESIAN_POINT('Origin',(80.,213.,90.));
#13380=CARTESIAN_POINT('',(100.5,213.,90.));
#13381=CARTESIAN_POINT('Origin',(100.5,201.5,90.));
#13382=CARTESIAN_POINT('Origin',(69.,219.,90.));
#13383=CARTESIAN_POINT('',(61.,225.,90.));
#13384=CARTESIAN_POINT('Origin',(69.,225.,90.));
#13385=CARTESIAN_POINT('',(61.,213.,90.));
#13386=CARTESIAN_POINT('',(61.,219.,90.));
#13387=CARTESIAN_POINT('Origin',(69.,213.,90.));
#13388=CARTESIAN_POINT('Origin',(69.,213.,90.));
#13389=CARTESIAN_POINT('Origin',(69.,225.,90.));
#13390=CARTESIAN_POINT('Origin',(91.,219.,90.));
#13391=CARTESIAN_POINT('',(83.,225.,90.));
#13392=CARTESIAN_POINT('Origin',(91.,225.,90.));
#13393=CARTESIAN_POINT('',(83.,213.,90.));
#13394=CARTESIAN_POINT('',(83.,219.,90.));
#13395=CARTESIAN_POINT('Origin',(91.,213.,90.));
#13396=CARTESIAN_POINT('Origin',(91.,213.,90.));
#13397=CARTESIAN_POINT('Origin',(91.,225.,90.));
#13398=CARTESIAN_POINT('Origin',(80.,-201.5,104.25));
#13399=CARTESIAN_POINT('',(100.5,-213.,104.25));
#13400=CARTESIAN_POINT('',(100.5,-190.,104.25));
#13401=CARTESIAN_POINT('',(100.5,-201.5,104.25));
#13402=CARTESIAN_POINT('',(59.5,-190.,104.25));
#13403=CARTESIAN_POINT('',(80.,-190.,104.25));
#13404=CARTESIAN_POINT('',(59.5,-213.,104.25));
#13405=CARTESIAN_POINT('',(59.5,-201.5,104.25));
#13406=CARTESIAN_POINT('',(80.,-213.,104.25));
#13407=CARTESIAN_POINT('Origin',(80.,-201.5,75.75));
#13408=CARTESIAN_POINT('',(100.5,-190.,75.75));
#13409=CARTESIAN_POINT('',(100.5,-213.,75.75));
#13410=CARTESIAN_POINT('',(100.5,-201.5,75.75));
#13411=CARTESIAN_POINT('',(59.5,-213.,75.75));
#13412=CARTESIAN_POINT('',(80.,-213.,75.75));
#13413=CARTESIAN_POINT('',(59.5,-190.,75.75));
#13414=CARTESIAN_POINT('',(59.5,-201.5,75.75));
#13415=CARTESIAN_POINT('',(80.,-190.,75.75));
#13416=CARTESIAN_POINT('Origin',(80.,-213.,90.));
#13417=CARTESIAN_POINT('',(59.5,-213.,90.));
#13418=CARTESIAN_POINT('',(100.5,-213.,90.));
#13419=CARTESIAN_POINT('Origin',(59.5,-201.5,90.));
#13420=CARTESIAN_POINT('',(59.5,-190.,90.));
#13421=CARTESIAN_POINT('Origin',(80.,-190.,90.));
#13422=CARTESIAN_POINT('',(100.5,-190.,90.));
#13423=CARTESIAN_POINT('Origin',(100.5,-201.5,90.));
#13424=CARTESIAN_POINT('Origin',(69.,-219.,90.));
#13425=CARTESIAN_POINT('',(61.,-225.,90.));
#13426=CARTESIAN_POINT('Origin',(69.,-225.,90.));
#13427=CARTESIAN_POINT('',(61.,-213.,90.));
#13428=CARTESIAN_POINT('',(61.,-219.,90.));
#13429=CARTESIAN_POINT('Origin',(69.,-213.,90.));
#13430=CARTESIAN_POINT('Origin',(69.,-213.,90.));
#13431=CARTESIAN_POINT('Origin',(69.,-225.,90.));
#13432=CARTESIAN_POINT('Origin',(91.,-219.,90.));
#13433=CARTESIAN_POINT('',(83.,-225.,90.));
#13434=CARTESIAN_POINT('Origin',(91.,-225.,90.));
#13435=CARTESIAN_POINT('',(83.,-213.,90.));
#13436=CARTESIAN_POINT('',(83.,-219.,90.));
#13437=CARTESIAN_POINT('Origin',(91.,-213.,90.));
#13438=CARTESIAN_POINT('Origin',(91.,-213.,90.));
#13439=CARTESIAN_POINT('Origin',(91.,-225.,90.));
#13440=CARTESIAN_POINT('',(0.,0.,0.));
#13441=CARTESIAN_POINT('Origin',(326.352576715114,0.,36.414713873358));
#13442=CARTESIAN_POINT('',(451.917698129731,-140.,70.0807246874218));
#13443=CARTESIAN_POINT('',(451.917698129731,140.,70.0807246874218));
#13444=CARTESIAN_POINT('',(451.917698129731,0.,70.0807246874218));
#13445=CARTESIAN_POINT('',(200.787455300498,140.,2.7487030592942));
#13446=CARTESIAN_POINT('',(326.352576715114,140.,36.414713873358));
#13447=CARTESIAN_POINT('',(200.787455300498,-140.,2.7487030592942));
#13448=CARTESIAN_POINT('',(200.787455300498,0.,2.7487030592942));
#13449=CARTESIAN_POINT('',(326.352576715114,-140.,36.414713873358));
#13450=CARTESIAN_POINT('Origin',(327.647423284886,0.,31.585286126642));
#13451=CARTESIAN_POINT('',(453.212544699502,140.,65.2512969407058));
#13452=CARTESIAN_POINT('',(453.212544699502,-140.,65.2512969407058));
#13453=CARTESIAN_POINT('',(453.212544699502,0.,65.2512969407058));
#13454=CARTESIAN_POINT('',(202.08230187027,-140.,-2.08072468742181));
#13455=CARTESIAN_POINT('',(327.647423284886,-140.,31.585286126642));
#13456=CARTESIAN_POINT('',(202.08230187027,140.,-2.08072468742181));
#13457=CARTESIAN_POINT('',(202.08230187027,0.,-2.08072468742181));
#13458=CARTESIAN_POINT('',(327.647423284886,140.,31.585286126642));
#13459=CARTESIAN_POINT('Origin',(327.,-140.,34.));
#13460=CARTESIAN_POINT('',(201.434878585384,-140.,0.333989185936194));
#13461=CARTESIAN_POINT('',(452.565121414616,-140.,67.6660108140638));
#13462=CARTESIAN_POINT('Origin',(201.434878585384,0.,0.333989185936194));
#13463=CARTESIAN_POINT('',(201.434878585384,140.,0.333989185936194));
#13464=CARTESIAN_POINT('Origin',(327.,140.,34.));
#13465=CARTESIAN_POINT('',(452.565121414616,140.,67.6660108140638));
#13466=CARTESIAN_POINT('Origin',(452.565121414616,0.,67.6660108140638));
#13467=CARTESIAN_POINT('Origin',(318.583497296484,143.,97.3912803536541));
#13468=CARTESIAN_POINT('',(444.1486187111,139.,131.057291167718));
#13469=CARTESIAN_POINT('',(444.1486187111,147.,131.057291167718));
#13470=CARTESIAN_POINT('',(444.1486187111,143.,131.057291167718));
#13471=CARTESIAN_POINT('',(193.018375881868,147.,63.7252695395903));
#13472=CARTESIAN_POINT('',(318.583497296484,147.,97.3912803536541));
#13473=CARTESIAN_POINT('',(193.018375881868,139.,63.7252695395903));
#13474=CARTESIAN_POINT('',(193.018375881868,143.,63.7252695395903));
#13475=CARTESIAN_POINT('',(318.583497296484,139.,97.3912803536541));
#13476=CARTESIAN_POINT('Origin',(335.416502703516,143.,34.6087196463459));
#13477=CARTESIAN_POINT('',(460.981624118132,147.,68.2747304604097));
#13478=CARTESIAN_POINT('',(460.981624118132,139.,68.2747304604097));
#13479=CARTESIAN_POINT('',(460.981624118132,143.,68.2747304604097));
#13480=CARTESIAN_POINT('',(209.8513812889,139.,0.942708832282104));
#13481=CARTESIAN_POINT('',(335.416502703516,139.,34.6087196463459));
#13482=CARTESIAN_POINT('',(209.8513812889,147.,0.942708832282104));
#13483=CARTESIAN_POINT('',(209.8513812889,143.,0.942708832282104));
#13484=CARTESIAN_POINT('',(335.416502703516,147.,34.6087196463459));
#13485=CARTESIAN_POINT('Origin',(327.,139.,66.));
#13486=CARTESIAN_POINT('',(201.434878585384,139.,32.3339891859362));
#13487=CARTESIAN_POINT('',(452.565121414616,139.,99.6660108140638));
#13488=CARTESIAN_POINT('Origin',(201.434878585384,143.,32.3339891859362));
#13489=CARTESIAN_POINT('',(201.434878585384,147.,32.3339891859362));
#13490=CARTESIAN_POINT('Origin',(327.,147.,66.));
#13491=CARTESIAN_POINT('',(452.565121414616,147.,99.6660108140638));
#13492=CARTESIAN_POINT('Origin',(452.565121414616,143.,99.6660108140638));
#13493=CARTESIAN_POINT('Origin',(318.583497296484,-143.,97.3912803536541));
#13494=CARTESIAN_POINT('',(444.1486187111,-147.,131.057291167718));
#13495=CARTESIAN_POINT('',(444.1486187111,-139.,131.057291167718));
#13496=CARTESIAN_POINT('',(444.1486187111,-143.,131.057291167718));
#13497=CARTESIAN_POINT('',(193.018375881868,-139.,63.7252695395903));
#13498=CARTESIAN_POINT('',(318.583497296484,-139.,97.3912803536541));
#13499=CARTESIAN_POINT('',(193.018375881868,-147.,63.7252695395903));
#13500=CARTESIAN_POINT('',(193.018375881868,-143.,63.7252695395903));
#13501=CARTESIAN_POINT('',(318.583497296484,-147.,97.3912803536541));
#13502=CARTESIAN_POINT('Origin',(335.416502703516,-143.,34.6087196463459));
#13503=CARTESIAN_POINT('',(460.981624118132,-139.,68.2747304604097));
#13504=CARTESIAN_POINT('',(460.981624118132,-147.,68.2747304604097));
#13505=CARTESIAN_POINT('',(460.981624118132,-143.,68.2747304604097));
#13506=CARTESIAN_POINT('',(209.8513812889,-147.,0.942708832282104));
#13507=CARTESIAN_POINT('',(335.416502703516,-147.,34.6087196463459));
#13508=CARTESIAN_POINT('',(209.8513812889,-139.,0.942708832282104));
#13509=CARTESIAN_POINT('',(209.8513812889,-143.,0.942708832282104));
#13510=CARTESIAN_POINT('',(335.416502703516,-139.,34.6087196463459));
#13511=CARTESIAN_POINT('Origin',(327.,-147.,66.));
#13512=CARTESIAN_POINT('',(201.434878585384,-147.,32.3339891859362));
#13513=CARTESIAN_POINT('',(452.565121414616,-147.,99.6660108140638));
#13514=CARTESIAN_POINT('Origin',(201.434878585384,-143.,32.3339891859362));
#13515=CARTESIAN_POINT('',(201.434878585384,-139.,32.3339891859362));
#13516=CARTESIAN_POINT('Origin',(327.,-139.,66.));
#13517=CARTESIAN_POINT('',(452.565121414616,-139.,99.6660108140638));
#13518=CARTESIAN_POINT('Origin',(452.565121414616,-143.,99.6660108140638));
#13519=CARTESIAN_POINT('Origin',(450.,0.,9.));
#13520=CARTESIAN_POINT('',(460.,-146.,9.));
#13521=CARTESIAN_POINT('',(460.,146.,9.));
#13522=CARTESIAN_POINT('',(460.,0.,9.));
#13523=CARTESIAN_POINT('',(440.,146.,9.));
#13524=CARTESIAN_POINT('',(450.,146.,9.));
#13525=CARTESIAN_POINT('',(440.,-146.,9.));
#13526=CARTESIAN_POINT('',(440.,0.,9.));
#13527=CARTESIAN_POINT('',(450.,-146.,9.));
#13528=CARTESIAN_POINT('Origin',(450.,0.,-3.));
#13529=CARTESIAN_POINT('',(460.,146.,-3.));
#13530=CARTESIAN_POINT('',(460.,-146.,-3.));
#13531=CARTESIAN_POINT('',(460.,0.,-3.));
#13532=CARTESIAN_POINT('',(440.,-146.,-3.));
#13533=CARTESIAN_POINT('',(450.,-146.,-3.));
#13534=CARTESIAN_POINT('',(440.,146.,-3.));
#13535=CARTESIAN_POINT('',(440.,0.,-3.));
#13536=CARTESIAN_POINT('',(450.,146.,-3.));
#13537=CARTESIAN_POINT('Origin',(450.,-146.,3.));
#13538=CARTESIAN_POINT('',(440.,-146.,3.));
#13539=CARTESIAN_POINT('',(460.,-146.,3.));
#13540=CARTESIAN_POINT('Origin',(440.,0.,3.));
#13541=CARTESIAN_POINT('',(440.,146.,3.));
#13542=CARTESIAN_POINT('Origin',(450.,146.,3.));
#13543=CARTESIAN_POINT('',(460.,146.,3.));
#13544=CARTESIAN_POINT('Origin',(460.,0.,3.));
#13545=CARTESIAN_POINT('Origin',(325.964122744183,-105.,42.8635421973728));
#13546=CARTESIAN_POINT('',(446.699816412083,-107.5,75.2347064416649));
#13547=CARTESIAN_POINT('',(446.699816412083,-102.5,75.2347064416649));
#13548=CARTESIAN_POINT('',(446.699816412083,-105.,75.2347064416649));
#13549=CARTESIAN_POINT('',(205.228429076282,-102.5,10.4923779530807));
#13550=CARTESIAN_POINT('',(325.964122744183,-102.5,42.8635421973728));
#13551=CARTESIAN_POINT('',(205.228429076282,-107.5,10.4923779530807));
#13552=CARTESIAN_POINT('',(205.228429076282,-105.,10.4923779530807));
#13553=CARTESIAN_POINT('',(325.964122744183,-107.5,42.8635421973728));
#13554=CARTESIAN_POINT('Origin',(328.035877255817,-105.,35.1364578026272));
#13555=CARTESIAN_POINT('',(448.771570923718,-102.5,67.5076220469193));
#13556=CARTESIAN_POINT('',(448.771570923718,-107.5,67.5076220469193));
#13557=CARTESIAN_POINT('',(448.771570923718,-105.,67.5076220469193));
#13558=CARTESIAN_POINT('',(207.300183587917,-107.5,2.76529355833507));
#13559=CARTESIAN_POINT('',(328.035877255817,-107.5,35.1364578026272));
#13560=CARTESIAN_POINT('',(207.300183587917,-102.5,2.76529355833507));
#13561=CARTESIAN_POINT('',(207.300183587917,-105.,2.76529355833507));
#13562=CARTESIAN_POINT('',(328.035877255817,-102.5,35.1364578026272));
#13563=CARTESIAN_POINT('Origin',(327.,-107.5,39.));
#13564=CARTESIAN_POINT('',(206.2643063321,-107.5,6.62883575570788));
#13565=CARTESIAN_POINT('',(447.7356936679,-107.5,71.3711642442921));
#13566=CARTESIAN_POINT('Origin',(206.2643063321,-105.,6.62883575570788));
#13567=CARTESIAN_POINT('',(206.2643063321,-102.5,6.62883575570788));
#13568=CARTESIAN_POINT('Origin',(327.,-102.5,39.));
#13569=CARTESIAN_POINT('',(447.7356936679,-102.5,71.3711642442921));
#13570=CARTESIAN_POINT('Origin',(447.7356936679,-105.,71.3711642442921));
#13571=CARTESIAN_POINT('Origin',(325.964122744183,-70.,42.8635421973728));
#13572=CARTESIAN_POINT('',(446.699816412083,-72.5,75.2347064416649));
#13573=CARTESIAN_POINT('',(446.699816412083,-67.5,75.2347064416649));
#13574=CARTESIAN_POINT('',(446.699816412083,-70.,75.2347064416649));
#13575=CARTESIAN_POINT('',(205.228429076282,-67.5,10.4923779530807));
#13576=CARTESIAN_POINT('',(325.964122744183,-67.5,42.8635421973728));
#13577=CARTESIAN_POINT('',(205.228429076282,-72.5,10.4923779530807));
#13578=CARTESIAN_POINT('',(205.228429076282,-70.,10.4923779530807));
#13579=CARTESIAN_POINT('',(325.964122744183,-72.5,42.8635421973728));
#13580=CARTESIAN_POINT('Origin',(328.035877255817,-70.,35.1364578026272));
#13581=CARTESIAN_POINT('',(448.771570923718,-67.5,67.5076220469193));
#13582=CARTESIAN_POINT('',(448.771570923718,-72.5,67.5076220469193));
#13583=CARTESIAN_POINT('',(448.771570923718,-70.,67.5076220469193));
#13584=CARTESIAN_POINT('',(207.300183587917,-72.5,2.76529355833507));
#13585=CARTESIAN_POINT('',(328.035877255817,-72.5,35.1364578026272));
#13586=CARTESIAN_POINT('',(207.300183587917,-67.5,2.76529355833507));
#13587=CARTESIAN_POINT('',(207.300183587917,-70.,2.76529355833507));
#13588=CARTESIAN_POINT('',(328.035877255817,-67.5,35.1364578026272));
#13589=CARTESIAN_POINT('Origin',(327.,-72.5,39.));
#13590=CARTESIAN_POINT('',(206.2643063321,-72.5,6.62883575570788));
#13591=CARTESIAN_POINT('',(447.7356936679,-72.5,71.3711642442921));
#13592=CARTESIAN_POINT('Origin',(206.2643063321,-70.,6.62883575570788));
#13593=CARTESIAN_POINT('',(206.2643063321,-67.5,6.62883575570788));
#13594=CARTESIAN_POINT('Origin',(327.,-67.5,39.));
#13595=CARTESIAN_POINT('',(447.7356936679,-67.5,71.3711642442921));
#13596=CARTESIAN_POINT('Origin',(447.7356936679,-70.,71.3711642442921));
#13597=CARTESIAN_POINT('Origin',(325.964122744183,-35.,42.8635421973728));
#13598=CARTESIAN_POINT('',(446.699816412083,-37.5,75.2347064416649));
#13599=CARTESIAN_POINT('',(446.699816412083,-32.5,75.2347064416649));
#13600=CARTESIAN_POINT('',(446.699816412083,-35.,75.2347064416649));
#13601=CARTESIAN_POINT('',(205.228429076282,-32.5,10.4923779530807));
#13602=CARTESIAN_POINT('',(325.964122744183,-32.5,42.8635421973728));
#13603=CARTESIAN_POINT('',(205.228429076282,-37.5,10.4923779530807));
#13604=CARTESIAN_POINT('',(205.228429076282,-35.,10.4923779530807));
#13605=CARTESIAN_POINT('',(325.964122744183,-37.5,42.8635421973728));
#13606=CARTESIAN_POINT('Origin',(328.035877255817,-35.,35.1364578026272));
#13607=CARTESIAN_POINT('',(448.771570923718,-32.5,67.5076220469193));
#13608=CARTESIAN_POINT('',(448.771570923718,-37.5,67.5076220469193));
#13609=CARTESIAN_POINT('',(448.771570923718,-35.,67.5076220469193));
#13610=CARTESIAN_POINT('',(207.300183587917,-37.5,2.76529355833507));
#13611=CARTESIAN_POINT('',(328.035877255817,-37.5,35.1364578026272));
#13612=CARTESIAN_POINT('',(207.300183587917,-32.5,2.76529355833507));
#13613=CARTESIAN_POINT('',(207.300183587917,-35.,2.76529355833507));
#13614=CARTESIAN_POINT('',(328.035877255817,-32.5,35.1364578026272));
#13615=CARTESIAN_POINT('Origin',(327.,-37.5,39.));
#13616=CARTESIAN_POINT('',(206.2643063321,-37.5,6.62883575570788));
#13617=CARTESIAN_POINT('',(447.7356936679,-37.5,71.3711642442921));
#13618=CARTESIAN_POINT('Origin',(206.2643063321,-35.,6.62883575570788));
#13619=CARTESIAN_POINT('',(206.2643063321,-32.5,6.62883575570788));
#13620=CARTESIAN_POINT('Origin',(327.,-32.5,39.));
#13621=CARTESIAN_POINT('',(447.7356936679,-32.5,71.3711642442921));
#13622=CARTESIAN_POINT('Origin',(447.7356936679,-35.,71.3711642442921));
#13623=CARTESIAN_POINT('Origin',(325.964122744183,0.,42.8635421973728));
#13624=CARTESIAN_POINT('',(446.699816412083,-2.5,75.2347064416649));
#13625=CARTESIAN_POINT('',(446.699816412083,2.5,75.2347064416649));
#13626=CARTESIAN_POINT('',(446.699816412083,0.,75.2347064416649));
#13627=CARTESIAN_POINT('',(205.228429076282,2.5,10.4923779530807));
#13628=CARTESIAN_POINT('',(325.964122744183,2.5,42.8635421973728));
#13629=CARTESIAN_POINT('',(205.228429076282,-2.5,10.4923779530807));
#13630=CARTESIAN_POINT('',(205.228429076282,0.,10.4923779530807));
#13631=CARTESIAN_POINT('',(325.964122744183,-2.5,42.8635421973728));
#13632=CARTESIAN_POINT('Origin',(328.035877255817,0.,35.1364578026272));
#13633=CARTESIAN_POINT('',(448.771570923718,2.5,67.5076220469193));
#13634=CARTESIAN_POINT('',(448.771570923718,-2.5,67.5076220469193));
#13635=CARTESIAN_POINT('',(448.771570923718,0.,67.5076220469193));
#13636=CARTESIAN_POINT('',(207.300183587917,-2.5,2.76529355833507));
#13637=CARTESIAN_POINT('',(328.035877255817,-2.5,35.1364578026272));
#13638=CARTESIAN_POINT('',(207.300183587917,2.5,2.76529355833507));
#13639=CARTESIAN_POINT('',(207.300183587917,0.,2.76529355833507));
#13640=CARTESIAN_POINT('',(328.035877255817,2.5,35.1364578026272));
#13641=CARTESIAN_POINT('Origin',(327.,-2.5,39.));
#13642=CARTESIAN_POINT('',(206.2643063321,-2.5,6.62883575570788));
#13643=CARTESIAN_POINT('',(447.7356936679,-2.5,71.3711642442921));
#13644=CARTESIAN_POINT('Origin',(206.2643063321,0.,6.62883575570788));
#13645=CARTESIAN_POINT('',(206.2643063321,2.5,6.62883575570788));
#13646=CARTESIAN_POINT('Origin',(327.,2.5,39.));
#13647=CARTESIAN_POINT('',(447.7356936679,2.5,71.3711642442921));
#13648=CARTESIAN_POINT('Origin',(447.7356936679,0.,71.3711642442921));
#13649=CARTESIAN_POINT('Origin',(325.964122744183,35.,42.8635421973728));
#13650=CARTESIAN_POINT('',(446.699816412083,32.5,75.2347064416649));
#13651=CARTESIAN_POINT('',(446.699816412083,37.5,75.2347064416649));
#13652=CARTESIAN_POINT('',(446.699816412083,35.,75.2347064416649));
#13653=CARTESIAN_POINT('',(205.228429076282,37.5,10.4923779530807));
#13654=CARTESIAN_POINT('',(325.964122744183,37.5,42.8635421973728));
#13655=CARTESIAN_POINT('',(205.228429076282,32.5,10.4923779530807));
#13656=CARTESIAN_POINT('',(205.228429076282,35.,10.4923779530807));
#13657=CARTESIAN_POINT('',(325.964122744183,32.5,42.8635421973728));
#13658=CARTESIAN_POINT('Origin',(328.035877255817,35.,35.1364578026272));
#13659=CARTESIAN_POINT('',(448.771570923718,37.5,67.5076220469193));
#13660=CARTESIAN_POINT('',(448.771570923718,32.5,67.5076220469193));
#13661=CARTESIAN_POINT('',(448.771570923718,35.,67.5076220469193));
#13662=CARTESIAN_POINT('',(207.300183587917,32.5,2.76529355833507));
#13663=CARTESIAN_POINT('',(328.035877255817,32.5,35.1364578026272));
#13664=CARTESIAN_POINT('',(207.300183587917,37.5,2.76529355833507));
#13665=CARTESIAN_POINT('',(207.300183587917,35.,2.76529355833507));
#13666=CARTESIAN_POINT('',(328.035877255817,37.5,35.1364578026272));
#13667=CARTESIAN_POINT('Origin',(327.,32.5,39.));
#13668=CARTESIAN_POINT('',(206.2643063321,32.5,6.62883575570788));
#13669=CARTESIAN_POINT('',(447.7356936679,32.5,71.3711642442921));
#13670=CARTESIAN_POINT('Origin',(206.2643063321,35.,6.62883575570788));
#13671=CARTESIAN_POINT('',(206.2643063321,37.5,6.62883575570788));
#13672=CARTESIAN_POINT('Origin',(327.,37.5,39.));
#13673=CARTESIAN_POINT('',(447.7356936679,37.5,71.3711642442921));
#13674=CARTESIAN_POINT('Origin',(447.7356936679,35.,71.3711642442921));
#13675=CARTESIAN_POINT('Origin',(325.964122744183,70.,42.8635421973728));
#13676=CARTESIAN_POINT('',(446.699816412083,67.5,75.2347064416649));
#13677=CARTESIAN_POINT('',(446.699816412083,72.5,75.2347064416649));
#13678=CARTESIAN_POINT('',(446.699816412083,70.,75.2347064416649));
#13679=CARTESIAN_POINT('',(205.228429076282,72.5,10.4923779530807));
#13680=CARTESIAN_POINT('',(325.964122744183,72.5,42.8635421973728));
#13681=CARTESIAN_POINT('',(205.228429076282,67.5,10.4923779530807));
#13682=CARTESIAN_POINT('',(205.228429076282,70.,10.4923779530807));
#13683=CARTESIAN_POINT('',(325.964122744183,67.5,42.8635421973728));
#13684=CARTESIAN_POINT('Origin',(328.035877255817,70.,35.1364578026272));
#13685=CARTESIAN_POINT('',(448.771570923718,72.5,67.5076220469193));
#13686=CARTESIAN_POINT('',(448.771570923718,67.5,67.5076220469193));
#13687=CARTESIAN_POINT('',(448.771570923718,70.,67.5076220469193));
#13688=CARTESIAN_POINT('',(207.300183587917,67.5,2.76529355833507));
#13689=CARTESIAN_POINT('',(328.035877255817,67.5,35.1364578026272));
#13690=CARTESIAN_POINT('',(207.300183587917,72.5,2.76529355833507));
#13691=CARTESIAN_POINT('',(207.300183587917,70.,2.76529355833507));
#13692=CARTESIAN_POINT('',(328.035877255817,72.5,35.1364578026272));
#13693=CARTESIAN_POINT('Origin',(327.,67.5,39.));
#13694=CARTESIAN_POINT('',(206.2643063321,67.5,6.62883575570788));
#13695=CARTESIAN_POINT('',(447.7356936679,67.5,71.3711642442921));
#13696=CARTESIAN_POINT('Origin',(206.2643063321,70.,6.62883575570788));
#13697=CARTESIAN_POINT('',(206.2643063321,72.5,6.62883575570788));
#13698=CARTESIAN_POINT('Origin',(327.,72.5,39.));
#13699=CARTESIAN_POINT('',(447.7356936679,72.5,71.3711642442921));
#13700=CARTESIAN_POINT('Origin',(447.7356936679,70.,71.3711642442921));
#13701=CARTESIAN_POINT('Origin',(325.964122744183,105.,42.8635421973728));
#13702=CARTESIAN_POINT('',(446.699816412083,102.5,75.2347064416649));
#13703=CARTESIAN_POINT('',(446.699816412083,107.5,75.2347064416649));
#13704=CARTESIAN_POINT('',(446.699816412083,105.,75.2347064416649));
#13705=CARTESIAN_POINT('',(205.228429076282,107.5,10.4923779530807));
#13706=CARTESIAN_POINT('',(325.964122744183,107.5,42.8635421973728));
#13707=CARTESIAN_POINT('',(205.228429076282,102.5,10.4923779530807));
#13708=CARTESIAN_POINT('',(205.228429076282,105.,10.4923779530807));
#13709=CARTESIAN_POINT('',(325.964122744183,102.5,42.8635421973728));
#13710=CARTESIAN_POINT('Origin',(328.035877255817,105.,35.1364578026272));
#13711=CARTESIAN_POINT('',(448.771570923718,107.5,67.5076220469193));
#13712=CARTESIAN_POINT('',(448.771570923718,102.5,67.5076220469193));
#13713=CARTESIAN_POINT('',(448.771570923718,105.,67.5076220469193));
#13714=CARTESIAN_POINT('',(207.300183587917,102.5,2.76529355833507));
#13715=CARTESIAN_POINT('',(328.035877255817,102.5,35.1364578026272));
#13716=CARTESIAN_POINT('',(207.300183587917,107.5,2.76529355833507));
#13717=CARTESIAN_POINT('',(207.300183587917,105.,2.76529355833507));
#13718=CARTESIAN_POINT('',(328.035877255817,107.5,35.1364578026272));
#13719=CARTESIAN_POINT('Origin',(327.,102.5,39.));
#13720=CARTESIAN_POINT('',(206.2643063321,102.5,6.62883575570788));
#13721=CARTESIAN_POINT('',(447.7356936679,102.5,71.3711642442921));
#13722=CARTESIAN_POINT('Origin',(206.2643063321,105.,6.62883575570788));
#13723=CARTESIAN_POINT('',(206.2643063321,107.5,6.62883575570788));
#13724=CARTESIAN_POINT('Origin',(327.,107.5,39.));
#13725=CARTESIAN_POINT('',(447.7356936679,107.5,71.3711642442921));
#13726=CARTESIAN_POINT('Origin',(447.7356936679,105.,71.3711642442921));
#13727=CARTESIAN_POINT('',(0.,0.,0.));
#13728=CARTESIAN_POINT('Origin',(205.,0.,85.5));
#13729=CARTESIAN_POINT('',(295.,-120.,85.5));
#13730=CARTESIAN_POINT('',(295.,120.,85.5));
#13731=CARTESIAN_POINT('',(295.,0.,85.5));
#13732=CARTESIAN_POINT('',(115.,120.,85.5));
#13733=CARTESIAN_POINT('',(205.,120.,85.5));
#13734=CARTESIAN_POINT('',(115.,-120.,85.5));
#13735=CARTESIAN_POINT('',(115.,0.,85.5));
#13736=CARTESIAN_POINT('',(205.,-120.,85.5));
#13737=CARTESIAN_POINT('Origin',(205.,0.,80.5));
#13738=CARTESIAN_POINT('',(295.,120.,80.5));
#13739=CARTESIAN_POINT('',(295.,-120.,80.5));
#13740=CARTESIAN_POINT('',(295.,0.,80.5));
#13741=CARTESIAN_POINT('',(115.,-120.,80.5));
#13742=CARTESIAN_POINT('',(205.,-120.,80.5));
#13743=CARTESIAN_POINT('',(115.,120.,80.5));
#13744=CARTESIAN_POINT('',(115.,0.,80.5));
#13745=CARTESIAN_POINT('',(205.,120.,80.5));
#13746=CARTESIAN_POINT('Origin',(205.,-120.,83.));
#13747=CARTESIAN_POINT('',(115.,-120.,83.));
#13748=CARTESIAN_POINT('',(295.,-120.,83.));
#13749=CARTESIAN_POINT('Origin',(115.,0.,83.));
#13750=CARTESIAN_POINT('',(115.,120.,83.));
#13751=CARTESIAN_POINT('Origin',(205.,120.,83.));
#13752=CARTESIAN_POINT('',(295.,120.,83.));
#13753=CARTESIAN_POINT('Origin',(295.,0.,83.));
#13754=CARTESIAN_POINT('Origin',(120.,0.,187.5));
#13755=CARTESIAN_POINT('',(122.5,-120.,187.5));
#13756=CARTESIAN_POINT('',(122.5,120.,187.5));
#13757=CARTESIAN_POINT('',(122.5,0.,187.5));
#13758=CARTESIAN_POINT('',(117.5,120.,187.5));
#13759=CARTESIAN_POINT('',(120.,120.,187.5));
#13760=CARTESIAN_POINT('',(117.5,-120.,187.5));
#13761=CARTESIAN_POINT('',(117.5,0.,187.5));
#13762=CARTESIAN_POINT('',(120.,-120.,187.5));
#13763=CARTESIAN_POINT('Origin',(120.,0.,82.5));
#13764=CARTESIAN_POINT('',(122.5,120.,82.5));
#13765=CARTESIAN_POINT('',(122.5,-120.,82.5));
#13766=CARTESIAN_POINT('',(122.5,0.,82.5));
#13767=CARTESIAN_POINT('',(117.5,-120.,82.5));
#13768=CARTESIAN_POINT('',(120.,-120.,82.5));
#13769=CARTESIAN_POINT('',(117.5,120.,82.5));
#13770=CARTESIAN_POINT('',(117.5,0.,82.5));
#13771=CARTESIAN_POINT('',(120.,120.,82.5));
#13772=CARTESIAN_POINT('Origin',(120.,-120.,135.));
#13773=CARTESIAN_POINT('',(117.5,-120.,135.));
#13774=CARTESIAN_POINT('',(122.5,-120.,135.));
#13775=CARTESIAN_POINT('Origin',(117.5,0.,135.));
#13776=CARTESIAN_POINT('',(117.5,120.,135.));
#13777=CARTESIAN_POINT('Origin',(120.,120.,135.));
#13778=CARTESIAN_POINT('',(122.5,120.,135.));
#13779=CARTESIAN_POINT('Origin',(122.5,0.,135.));
#13780=CARTESIAN_POINT('Origin',(205.,118.,167.5));
#13781=CARTESIAN_POINT('',(295.,115.5,167.5));
#13782=CARTESIAN_POINT('',(295.,120.5,167.5));
#13783=CARTESIAN_POINT('',(295.,118.,167.5));
#13784=CARTESIAN_POINT('',(115.,120.5,167.5));
#13785=CARTESIAN_POINT('',(205.,120.5,167.5));
#13786=CARTESIAN_POINT('',(115.,115.5,167.5));
#13787=CARTESIAN_POINT('',(115.,118.,167.5));
#13788=CARTESIAN_POINT('',(205.,115.5,167.5));
#13789=CARTESIAN_POINT('Origin',(205.,118.,82.5));
#13790=CARTESIAN_POINT('',(295.,120.5,82.5));
#13791=CARTESIAN_POINT('',(295.,115.5,82.5));
#13792=CARTESIAN_POINT('',(295.,118.,82.5));
#13793=CARTESIAN_POINT('',(115.,115.5,82.5));
#13794=CARTESIAN_POINT('',(205.,115.5,82.5));
#13795=CARTESIAN_POINT('',(115.,120.5,82.5));
#13796=CARTESIAN_POINT('',(115.,118.,82.5));
#13797=CARTESIAN_POINT('',(205.,120.5,82.5));
#13798=CARTESIAN_POINT('Origin',(205.,115.5,125.));
#13799=CARTESIAN_POINT('',(115.,115.5,125.));
#13800=CARTESIAN_POINT('',(295.,115.5,125.));
#13801=CARTESIAN_POINT('Origin',(115.,118.,125.));
#13802=CARTESIAN_POINT('',(115.,120.5,125.));
#13803=CARTESIAN_POINT('Origin',(205.,120.5,125.));
#13804=CARTESIAN_POINT('',(295.,120.5,125.));
#13805=CARTESIAN_POINT('Origin',(295.,118.,125.));
#13806=CARTESIAN_POINT('Origin',(205.,-118.,167.5));
#13807=CARTESIAN_POINT('',(295.,-120.5,167.5));
#13808=CARTESIAN_POINT('',(295.,-115.5,167.5));
#13809=CARTESIAN_POINT('',(295.,-118.,167.5));
#13810=CARTESIAN_POINT('',(115.,-115.5,167.5));
#13811=CARTESIAN_POINT('',(205.,-115.5,167.5));
#13812=CARTESIAN_POINT('',(115.,-120.5,167.5));
#13813=CARTESIAN_POINT('',(115.,-118.,167.5));
#13814=CARTESIAN_POINT('',(205.,-120.5,167.5));
#13815=CARTESIAN_POINT('Origin',(205.,-118.,82.5));
#13816=CARTESIAN_POINT('',(295.,-115.5,82.5));
#13817=CARTESIAN_POINT('',(295.,-120.5,82.5));
#13818=CARTESIAN_POINT('',(295.,-118.,82.5));
#13819=CARTESIAN_POINT('',(115.,-120.5,82.5));
#13820=CARTESIAN_POINT('',(205.,-120.5,82.5));
#13821=CARTESIAN_POINT('',(115.,-115.5,82.5));
#13822=CARTESIAN_POINT('',(115.,-118.,82.5));
#13823=CARTESIAN_POINT('',(205.,-115.5,82.5));
#13824=CARTESIAN_POINT('Origin',(205.,-120.5,125.));
#13825=CARTESIAN_POINT('',(115.,-120.5,125.));
#13826=CARTESIAN_POINT('',(295.,-120.5,125.));
#13827=CARTESIAN_POINT('Origin',(115.,-118.,125.));
#13828=CARTESIAN_POINT('',(115.,-115.5,125.));
#13829=CARTESIAN_POINT('Origin',(205.,-115.5,125.));
#13830=CARTESIAN_POINT('',(295.,-115.5,125.));
#13831=CARTESIAN_POINT('Origin',(295.,-118.,125.));
#13832=CARTESIAN_POINT('Origin',(145.,0.,92.));
#13833=CARTESIAN_POINT('',(147.5,-115.,92.));
#13834=CARTESIAN_POINT('',(147.5,115.,92.));
#13835=CARTESIAN_POINT('',(147.5,0.,92.));
#13836=CARTESIAN_POINT('',(142.5,115.,92.));
#13837=CARTESIAN_POINT('',(145.,115.,92.));
#13838=CARTESIAN_POINT('',(142.5,-115.,92.));
#13839=CARTESIAN_POINT('',(142.5,0.,92.));
#13840=CARTESIAN_POINT('',(145.,-115.,92.));
#13841=CARTESIAN_POINT('Origin',(145.,0.,84.));
#13842=CARTESIAN_POINT('',(147.5,115.,84.));
#13843=CARTESIAN_POINT('',(147.5,-115.,84.));
#13844=CARTESIAN_POINT('',(147.5,0.,84.));
#13845=CARTESIAN_POINT('',(142.5,-115.,84.));
#13846=CARTESIAN_POINT('',(145.,-115.,84.));
#13847=CARTESIAN_POINT('',(142.5,115.,84.));
#13848=CARTESIAN_POINT('',(142.5,0.,84.));
#13849=CARTESIAN_POINT('',(145.,115.,84.));
#13850=CARTESIAN_POINT('Origin',(145.,-115.,88.));
#13851=CARTESIAN_POINT('',(142.5,-115.,88.));
#13852=CARTESIAN_POINT('',(147.5,-115.,88.));
#13853=CARTESIAN_POINT('Origin',(142.5,0.,88.));
#13854=CARTESIAN_POINT('',(142.5,115.,88.));
#13855=CARTESIAN_POINT('Origin',(145.,115.,88.));
#13856=CARTESIAN_POINT('',(147.5,115.,88.));
#13857=CARTESIAN_POINT('Origin',(147.5,0.,88.));
#13858=CARTESIAN_POINT('Origin',(180.,0.,92.));
#13859=CARTESIAN_POINT('',(182.5,-115.,92.));
#13860=CARTESIAN_POINT('',(182.5,115.,92.));
#13861=CARTESIAN_POINT('',(182.5,0.,92.));
#13862=CARTESIAN_POINT('',(177.5,115.,92.));
#13863=CARTESIAN_POINT('',(180.,115.,92.));
#13864=CARTESIAN_POINT('',(177.5,-115.,92.));
#13865=CARTESIAN_POINT('',(177.5,0.,92.));
#13866=CARTESIAN_POINT('',(180.,-115.,92.));
#13867=CARTESIAN_POINT('Origin',(180.,0.,84.));
#13868=CARTESIAN_POINT('',(182.5,115.,84.));
#13869=CARTESIAN_POINT('',(182.5,-115.,84.));
#13870=CARTESIAN_POINT('',(182.5,0.,84.));
#13871=CARTESIAN_POINT('',(177.5,-115.,84.));
#13872=CARTESIAN_POINT('',(180.,-115.,84.));
#13873=CARTESIAN_POINT('',(177.5,115.,84.));
#13874=CARTESIAN_POINT('',(177.5,0.,84.));
#13875=CARTESIAN_POINT('',(180.,115.,84.));
#13876=CARTESIAN_POINT('Origin',(180.,-115.,88.));
#13877=CARTESIAN_POINT('',(177.5,-115.,88.));
#13878=CARTESIAN_POINT('',(182.5,-115.,88.));
#13879=CARTESIAN_POINT('Origin',(177.5,0.,88.));
#13880=CARTESIAN_POINT('',(177.5,115.,88.));
#13881=CARTESIAN_POINT('Origin',(180.,115.,88.));
#13882=CARTESIAN_POINT('',(182.5,115.,88.));
#13883=CARTESIAN_POINT('Origin',(182.5,0.,88.));
#13884=CARTESIAN_POINT('Origin',(215.,0.,92.));
#13885=CARTESIAN_POINT('',(217.5,-115.,92.));
#13886=CARTESIAN_POINT('',(217.5,115.,92.));
#13887=CARTESIAN_POINT('',(217.5,0.,92.));
#13888=CARTESIAN_POINT('',(212.5,115.,92.));
#13889=CARTESIAN_POINT('',(215.,115.,92.));
#13890=CARTESIAN_POINT('',(212.5,-115.,92.));
#13891=CARTESIAN_POINT('',(212.5,0.,92.));
#13892=CARTESIAN_POINT('',(215.,-115.,92.));
#13893=CARTESIAN_POINT('Origin',(215.,0.,84.));
#13894=CARTESIAN_POINT('',(217.5,115.,84.));
#13895=CARTESIAN_POINT('',(217.5,-115.,84.));
#13896=CARTESIAN_POINT('',(217.5,0.,84.));
#13897=CARTESIAN_POINT('',(212.5,-115.,84.));
#13898=CARTESIAN_POINT('',(215.,-115.,84.));
#13899=CARTESIAN_POINT('',(212.5,115.,84.));
#13900=CARTESIAN_POINT('',(212.5,0.,84.));
#13901=CARTESIAN_POINT('',(215.,115.,84.));
#13902=CARTESIAN_POINT('Origin',(215.,-115.,88.));
#13903=CARTESIAN_POINT('',(212.5,-115.,88.));
#13904=CARTESIAN_POINT('',(217.5,-115.,88.));
#13905=CARTESIAN_POINT('Origin',(212.5,0.,88.));
#13906=CARTESIAN_POINT('',(212.5,115.,88.));
#13907=CARTESIAN_POINT('Origin',(215.,115.,88.));
#13908=CARTESIAN_POINT('',(217.5,115.,88.));
#13909=CARTESIAN_POINT('Origin',(217.5,0.,88.));
#13910=CARTESIAN_POINT('Origin',(250.,0.,92.));
#13911=CARTESIAN_POINT('',(252.5,-115.,92.));
#13912=CARTESIAN_POINT('',(252.5,115.,92.));
#13913=CARTESIAN_POINT('',(252.5,0.,92.));
#13914=CARTESIAN_POINT('',(247.5,115.,92.));
#13915=CARTESIAN_POINT('',(250.,115.,92.));
#13916=CARTESIAN_POINT('',(247.5,-115.,92.));
#13917=CARTESIAN_POINT('',(247.5,0.,92.));
#13918=CARTESIAN_POINT('',(250.,-115.,92.));
#13919=CARTESIAN_POINT('Origin',(250.,0.,84.));
#13920=CARTESIAN_POINT('',(252.5,115.,84.));
#13921=CARTESIAN_POINT('',(252.5,-115.,84.));
#13922=CARTESIAN_POINT('',(252.5,0.,84.));
#13923=CARTESIAN_POINT('',(247.5,-115.,84.));
#13924=CARTESIAN_POINT('',(250.,-115.,84.));
#13925=CARTESIAN_POINT('',(247.5,115.,84.));
#13926=CARTESIAN_POINT('',(247.5,0.,84.));
#13927=CARTESIAN_POINT('',(250.,115.,84.));
#13928=CARTESIAN_POINT('Origin',(250.,-115.,88.));
#13929=CARTESIAN_POINT('',(247.5,-115.,88.));
#13930=CARTESIAN_POINT('',(252.5,-115.,88.));
#13931=CARTESIAN_POINT('Origin',(247.5,0.,88.));
#13932=CARTESIAN_POINT('',(247.5,115.,88.));
#13933=CARTESIAN_POINT('Origin',(250.,115.,88.));
#13934=CARTESIAN_POINT('',(252.5,115.,88.));
#13935=CARTESIAN_POINT('Origin',(252.5,0.,88.));
#13936=CARTESIAN_POINT('',(0.,0.,0.));
#13937=CARTESIAN_POINT('Origin',(25.,145.,90.));
#13938=CARTESIAN_POINT('',(240.,90.,90.));
#13939=CARTESIAN_POINT('',(240.,200.,90.));
#13940=CARTESIAN_POINT('',(240.,145.,90.));
#13941=CARTESIAN_POINT('',(-190.,200.,90.));
#13942=CARTESIAN_POINT('',(25.,200.,90.));
#13943=CARTESIAN_POINT('',(-190.,90.,90.));
#13944=CARTESIAN_POINT('',(-190.,145.,90.));
#13945=CARTESIAN_POINT('',(25.,90.,90.));
#13946=CARTESIAN_POINT('Origin',(25.,145.,0.));
#13947=CARTESIAN_POINT('',(240.,200.,0.));
#13948=CARTESIAN_POINT('',(240.,90.,0.));
#13949=CARTESIAN_POINT('',(240.,145.,0.));
#13950=CARTESIAN_POINT('',(-190.,90.,0.));
#13951=CARTESIAN_POINT('',(25.,90.,0.));
#13952=CARTESIAN_POINT('',(-190.,200.,0.));
#13953=CARTESIAN_POINT('',(-190.,145.,0.));
#13954=CARTESIAN_POINT('',(25.,200.,0.));
#13955=CARTESIAN_POINT('Origin',(25.,90.,45.));
#13956=CARTESIAN_POINT('',(-190.,90.,45.));
#13957=CARTESIAN_POINT('',(240.,90.,45.));
#13958=CARTESIAN_POINT('Origin',(-190.,145.,45.));
#13959=CARTESIAN_POINT('',(-190.,200.,45.));
#13960=CARTESIAN_POINT('Origin',(25.,200.,45.));
#13961=CARTESIAN_POINT('',(240.,200.,45.));
#13962=CARTESIAN_POINT('Origin',(240.,145.,45.));
#13963=CARTESIAN_POINT('Origin',(242.178615120876,145.,90.2400637028562));
#13964=CARTESIAN_POINT('',(298.562717045446,91.,110.754279509455));
#13965=CARTESIAN_POINT('',(298.562717045446,199.,110.754279509455));
#13966=CARTESIAN_POINT('',(298.562717045446,145.,110.754279509455));
#13967=CARTESIAN_POINT('',(185.794513196306,199.,69.7258478962574));
#13968=CARTESIAN_POINT('',(242.178615120876,199.,90.2400637028562));
#13969=CARTESIAN_POINT('',(185.794513196306,91.,69.7258478962574));
#13970=CARTESIAN_POINT('',(185.794513196306,145.,69.7258478962574));
#13971=CARTESIAN_POINT('',(242.178615120876,91.,90.2400637028562));
#13972=CARTESIAN_POINT('Origin',(267.821384879124,145.,19.7599362971438));
#13973=CARTESIAN_POINT('',(324.205486803694,199.,40.2741521037426));
#13974=CARTESIAN_POINT('',(324.205486803694,91.,40.2741521037426));
#13975=CARTESIAN_POINT('',(324.205486803694,145.,40.2741521037426));
#13976=CARTESIAN_POINT('',(211.437282954554,91.,-0.754279509455049));
#13977=CARTESIAN_POINT('',(267.821384879124,91.,19.7599362971438));
#13978=CARTESIAN_POINT('',(211.437282954554,199.,-0.754279509455049));
#13979=CARTESIAN_POINT('',(211.437282954554,145.,-0.754279509455049));
#13980=CARTESIAN_POINT('',(267.821384879124,199.,19.7599362971438));
#13981=CARTESIAN_POINT('Origin',(255.,91.,55.));
#13982=CARTESIAN_POINT('',(198.61589807543,91.,34.4857841934012));
#13983=CARTESIAN_POINT('',(311.38410192457,91.,75.5142158065988));
#13984=CARTESIAN_POINT('Origin',(198.61589807543,145.,34.4857841934012));
#13985=CARTESIAN_POINT('',(198.61589807543,199.,34.4857841934012));
#13986=CARTESIAN_POINT('Origin',(255.,199.,55.));
#13987=CARTESIAN_POINT('',(311.38410192457,199.,75.5142158065988));
#13988=CARTESIAN_POINT('Origin',(311.38410192457,145.,75.5142158065988));
#13989=CARTESIAN_POINT('Origin',(-235.,145.,90.));
#13990=CARTESIAN_POINT('',(-190.,90.,90.));
#13991=CARTESIAN_POINT('',(-190.,200.,90.));
#13992=CARTESIAN_POINT('',(-190.,145.,90.));
#13993=CARTESIAN_POINT('',(-280.,200.,90.));
#13994=CARTESIAN_POINT('',(-235.,200.,90.));
#13995=CARTESIAN_POINT('',(-280.,90.,90.));
#13996=CARTESIAN_POINT('',(-280.,145.,90.));
#13997=CARTESIAN_POINT('',(-235.,90.,90.));
#13998=CARTESIAN_POINT('Origin',(-235.,145.,70.));
#13999=CARTESIAN_POINT('',(-190.,200.,70.));
#14000=CARTESIAN_POINT('',(-190.,90.,70.));
#14001=CARTESIAN_POINT('',(-190.,145.,70.));
#14002=CARTESIAN_POINT('',(-280.,90.,70.));
#14003=CARTESIAN_POINT('',(-235.,90.,70.));
#14004=CARTESIAN_POINT('',(-280.,200.,70.));
#14005=CARTESIAN_POINT('',(-280.,145.,70.));
#14006=CARTESIAN_POINT('',(-235.,200.,70.));
#14007=CARTESIAN_POINT('Origin',(-235.,90.,80.));
#14008=CARTESIAN_POINT('',(-280.,90.,80.));
#14009=CARTESIAN_POINT('',(-190.,90.,80.));
#14010=CARTESIAN_POINT('Origin',(-280.,145.,80.));
#14011=CARTESIAN_POINT('',(-280.,200.,80.));
#14012=CARTESIAN_POINT('Origin',(-235.,200.,80.));
#14013=CARTESIAN_POINT('',(-190.,200.,80.));
#14014=CARTESIAN_POINT('Origin',(-190.,145.,80.));
#14015=CARTESIAN_POINT('Origin',(-235.,190.,80.));
#14016=CARTESIAN_POINT('',(-190.,180.,80.));
#14017=CARTESIAN_POINT('',(-190.,200.,80.));
#14018=CARTESIAN_POINT('',(-190.,190.,80.));
#14019=CARTESIAN_POINT('',(-280.,200.,80.));
#14020=CARTESIAN_POINT('',(-235.,200.,80.));
#14021=CARTESIAN_POINT('',(-280.,180.,80.));
#14022=CARTESIAN_POINT('',(-280.,190.,80.));
#14023=CARTESIAN_POINT('',(-235.,180.,80.));
#14024=CARTESIAN_POINT('Origin',(-235.,190.,0.));
#14025=CARTESIAN_POINT('',(-190.,200.,0.));
#14026=CARTESIAN_POINT('',(-190.,180.,0.));
#14027=CARTESIAN_POINT('',(-190.,190.,0.));
#14028=CARTESIAN_POINT('',(-280.,180.,0.));
#14029=CARTESIAN_POINT('',(-235.,180.,0.));
#14030=CARTESIAN_POINT('',(-280.,200.,0.));
#14031=CARTESIAN_POINT('',(-280.,190.,0.));
#14032=CARTESIAN_POINT('',(-235.,200.,0.));
#14033=CARTESIAN_POINT('Origin',(-235.,180.,40.));
#14034=CARTESIAN_POINT('',(-280.,180.,40.));
#14035=CARTESIAN_POINT('',(-190.,180.,40.));
#14036=CARTESIAN_POINT('Origin',(-280.,190.,40.));
#14037=CARTESIAN_POINT('',(-280.,200.,40.));
#14038=CARTESIAN_POINT('Origin',(-235.,200.,40.));
#14039=CARTESIAN_POINT('',(-190.,200.,40.));
#14040=CARTESIAN_POINT('Origin',(-190.,190.,40.));
#14041=CARTESIAN_POINT('Origin',(-235.,100.,80.));
#14042=CARTESIAN_POINT('',(-190.,90.,80.));
#14043=CARTESIAN_POINT('',(-190.,110.,80.));
#14044=CARTESIAN_POINT('',(-190.,100.,80.));
#14045=CARTESIAN_POINT('',(-280.,110.,80.));
#14046=CARTESIAN_POINT('',(-235.,110.,80.));
#14047=CARTESIAN_POINT('',(-280.,90.,80.));
#14048=CARTESIAN_POINT('',(-280.,100.,80.));
#14049=CARTESIAN_POINT('',(-235.,90.,80.));
#14050=CARTESIAN_POINT('Origin',(-235.,100.,0.));
#14051=CARTESIAN_POINT('',(-190.,110.,0.));
#14052=CARTESIAN_POINT('',(-190.,90.,0.));
#14053=CARTESIAN_POINT('',(-190.,100.,0.));
#14054=CARTESIAN_POINT('',(-280.,90.,0.));
#14055=CARTESIAN_POINT('',(-235.,90.,0.));
#14056=CARTESIAN_POINT('',(-280.,110.,0.));
#14057=CARTESIAN_POINT('',(-280.,100.,0.));
#14058=CARTESIAN_POINT('',(-235.,110.,0.));
#14059=CARTESIAN_POINT('Origin',(-235.,90.,40.));
#14060=CARTESIAN_POINT('',(-280.,90.,40.));
#14061=CARTESIAN_POINT('',(-190.,90.,40.));
#14062=CARTESIAN_POINT('Origin',(-280.,100.,40.));
#14063=CARTESIAN_POINT('',(-280.,110.,40.));
#14064=CARTESIAN_POINT('Origin',(-235.,110.,40.));
#14065=CARTESIAN_POINT('',(-190.,110.,40.));
#14066=CARTESIAN_POINT('Origin',(-190.,100.,40.));
#14067=CARTESIAN_POINT('Origin',(25.,-145.,90.));
#14068=CARTESIAN_POINT('',(240.,-200.,90.));
#14069=CARTESIAN_POINT('',(240.,-90.,90.));
#14070=CARTESIAN_POINT('',(240.,-145.,90.));
#14071=CARTESIAN_POINT('',(-190.,-90.,90.));
#14072=CARTESIAN_POINT('',(25.,-90.,90.));
#14073=CARTESIAN_POINT('',(-190.,-200.,90.));
#14074=CARTESIAN_POINT('',(-190.,-145.,90.));
#14075=CARTESIAN_POINT('',(25.,-200.,90.));
#14076=CARTESIAN_POINT('Origin',(25.,-145.,0.));
#14077=CARTESIAN_POINT('',(240.,-90.,0.));
#14078=CARTESIAN_POINT('',(240.,-200.,0.));
#14079=CARTESIAN_POINT('',(240.,-145.,0.));
#14080=CARTESIAN_POINT('',(-190.,-200.,0.));
#14081=CARTESIAN_POINT('',(25.,-200.,0.));
#14082=CARTESIAN_POINT('',(-190.,-90.,0.));
#14083=CARTESIAN_POINT('',(-190.,-145.,0.));
#14084=CARTESIAN_POINT('',(25.,-90.,0.));
#14085=CARTESIAN_POINT('Origin',(25.,-200.,45.));
#14086=CARTESIAN_POINT('',(-190.,-200.,45.));
#14087=CARTESIAN_POINT('',(240.,-200.,45.));
#14088=CARTESIAN_POINT('Origin',(-190.,-145.,45.));
#14089=CARTESIAN_POINT('',(-190.,-90.,45.));
#14090=CARTESIAN_POINT('Origin',(25.,-90.,45.));
#14091=CARTESIAN_POINT('',(240.,-90.,45.));
#14092=CARTESIAN_POINT('Origin',(240.,-145.,45.));
#14093=CARTESIAN_POINT('Origin',(242.178615120876,-145.,90.2400637028562));
#14094=CARTESIAN_POINT('',(298.562717045446,-199.,110.754279509455));
#14095=CARTESIAN_POINT('',(298.562717045446,-91.,110.754279509455));
#14096=CARTESIAN_POINT('',(298.562717045446,-145.,110.754279509455));
#14097=CARTESIAN_POINT('',(185.794513196306,-91.,69.7258478962574));
#14098=CARTESIAN_POINT('',(242.178615120876,-91.,90.2400637028562));
#14099=CARTESIAN_POINT('',(185.794513196306,-199.,69.7258478962574));
#14100=CARTESIAN_POINT('',(185.794513196306,-145.,69.7258478962574));
#14101=CARTESIAN_POINT('',(242.178615120876,-199.,90.2400637028562));
#14102=CARTESIAN_POINT('Origin',(267.821384879124,-145.,19.7599362971438));
#14103=CARTESIAN_POINT('',(324.205486803694,-91.,40.2741521037426));
#14104=CARTESIAN_POINT('',(324.205486803694,-199.,40.2741521037426));
#14105=CARTESIAN_POINT('',(324.205486803694,-145.,40.2741521037426));
#14106=CARTESIAN_POINT('',(211.437282954554,-199.,-0.754279509455049));
#14107=CARTESIAN_POINT('',(267.821384879124,-199.,19.7599362971438));
#14108=CARTESIAN_POINT('',(211.437282954554,-91.,-0.754279509455049));
#14109=CARTESIAN_POINT('',(211.437282954554,-145.,-0.754279509455049));
#14110=CARTESIAN_POINT('',(267.821384879124,-91.,19.7599362971438));
#14111=CARTESIAN_POINT('Origin',(255.,-199.,55.));
#14112=CARTESIAN_POINT('',(198.61589807543,-199.,34.4857841934012));
#14113=CARTESIAN_POINT('',(311.38410192457,-199.,75.5142158065988));
#14114=CARTESIAN_POINT('Origin',(198.61589807543,-145.,34.4857841934012));
#14115=CARTESIAN_POINT('',(198.61589807543,-91.,34.4857841934012));
#14116=CARTESIAN_POINT('Origin',(255.,-91.,55.));
#14117=CARTESIAN_POINT('',(311.38410192457,-91.,75.5142158065988));
#14118=CARTESIAN_POINT('Origin',(311.38410192457,-145.,75.5142158065988));
#14119=CARTESIAN_POINT('Origin',(-235.,-145.,90.));
#14120=CARTESIAN_POINT('',(-190.,-200.,90.));
#14121=CARTESIAN_POINT('',(-190.,-90.,90.));
#14122=CARTESIAN_POINT('',(-190.,-145.,90.));
#14123=CARTESIAN_POINT('',(-280.,-90.,90.));
#14124=CARTESIAN_POINT('',(-235.,-90.,90.));
#14125=CARTESIAN_POINT('',(-280.,-200.,90.));
#14126=CARTESIAN_POINT('',(-280.,-145.,90.));
#14127=CARTESIAN_POINT('',(-235.,-200.,90.));
#14128=CARTESIAN_POINT('Origin',(-235.,-145.,70.));
#14129=CARTESIAN_POINT('',(-190.,-90.,70.));
#14130=CARTESIAN_POINT('',(-190.,-200.,70.));
#14131=CARTESIAN_POINT('',(-190.,-145.,70.));
#14132=CARTESIAN_POINT('',(-280.,-200.,70.));
#14133=CARTESIAN_POINT('',(-235.,-200.,70.));
#14134=CARTESIAN_POINT('',(-280.,-90.,70.));
#14135=CARTESIAN_POINT('',(-280.,-145.,70.));
#14136=CARTESIAN_POINT('',(-235.,-90.,70.));
#14137=CARTESIAN_POINT('Origin',(-235.,-200.,80.));
#14138=CARTESIAN_POINT('',(-280.,-200.,80.));
#14139=CARTESIAN_POINT('',(-190.,-200.,80.));
#14140=CARTESIAN_POINT('Origin',(-280.,-145.,80.));
#14141=CARTESIAN_POINT('',(-280.,-90.,80.));
#14142=CARTESIAN_POINT('Origin',(-235.,-90.,80.));
#14143=CARTESIAN_POINT('',(-190.,-90.,80.));
#14144=CARTESIAN_POINT('Origin',(-190.,-145.,80.));
#14145=CARTESIAN_POINT('Origin',(-235.,-100.,80.));
#14146=CARTESIAN_POINT('',(-190.,-110.,80.));
#14147=CARTESIAN_POINT('',(-190.,-90.,80.));
#14148=CARTESIAN_POINT('',(-190.,-100.,80.));
#14149=CARTESIAN_POINT('',(-280.,-90.,80.));
#14150=CARTESIAN_POINT('',(-235.,-90.,80.));
#14151=CARTESIAN_POINT('',(-280.,-110.,80.));
#14152=CARTESIAN_POINT('',(-280.,-100.,80.));
#14153=CARTESIAN_POINT('',(-235.,-110.,80.));
#14154=CARTESIAN_POINT('Origin',(-235.,-100.,0.));
#14155=CARTESIAN_POINT('',(-190.,-90.,0.));
#14156=CARTESIAN_POINT('',(-190.,-110.,0.));
#14157=CARTESIAN_POINT('',(-190.,-100.,0.));
#14158=CARTESIAN_POINT('',(-280.,-110.,0.));
#14159=CARTESIAN_POINT('',(-235.,-110.,0.));
#14160=CARTESIAN_POINT('',(-280.,-90.,0.));
#14161=CARTESIAN_POINT('',(-280.,-100.,0.));
#14162=CARTESIAN_POINT('',(-235.,-90.,0.));
#14163=CARTESIAN_POINT('Origin',(-235.,-110.,40.));
#14164=CARTESIAN_POINT('',(-280.,-110.,40.));
#14165=CARTESIAN_POINT('',(-190.,-110.,40.));
#14166=CARTESIAN_POINT('Origin',(-280.,-100.,40.));
#14167=CARTESIAN_POINT('',(-280.,-90.,40.));
#14168=CARTESIAN_POINT('Origin',(-235.,-90.,40.));
#14169=CARTESIAN_POINT('',(-190.,-90.,40.));
#14170=CARTESIAN_POINT('Origin',(-190.,-100.,40.));
#14171=CARTESIAN_POINT('Origin',(-235.,-190.,80.));
#14172=CARTESIAN_POINT('',(-190.,-200.,80.));
#14173=CARTESIAN_POINT('',(-190.,-180.,80.));
#14174=CARTESIAN_POINT('',(-190.,-190.,80.));
#14175=CARTESIAN_POINT('',(-280.,-180.,80.));
#14176=CARTESIAN_POINT('',(-235.,-180.,80.));
#14177=CARTESIAN_POINT('',(-280.,-200.,80.));
#14178=CARTESIAN_POINT('',(-280.,-190.,80.));
#14179=CARTESIAN_POINT('',(-235.,-200.,80.));
#14180=CARTESIAN_POINT('Origin',(-235.,-190.,0.));
#14181=CARTESIAN_POINT('',(-190.,-180.,0.));
#14182=CARTESIAN_POINT('',(-190.,-200.,0.));
#14183=CARTESIAN_POINT('',(-190.,-190.,0.));
#14184=CARTESIAN_POINT('',(-280.,-200.,0.));
#14185=CARTESIAN_POINT('',(-235.,-200.,0.));
#14186=CARTESIAN_POINT('',(-280.,-180.,0.));
#14187=CARTESIAN_POINT('',(-280.,-190.,0.));
#14188=CARTESIAN_POINT('',(-235.,-180.,0.));
#14189=CARTESIAN_POINT('Origin',(-235.,-200.,40.));
#14190=CARTESIAN_POINT('',(-280.,-200.,40.));
#14191=CARTESIAN_POINT('',(-190.,-200.,40.));
#14192=CARTESIAN_POINT('Origin',(-280.,-190.,40.));
#14193=CARTESIAN_POINT('',(-280.,-180.,40.));
#14194=CARTESIAN_POINT('Origin',(-235.,-180.,40.));
#14195=CARTESIAN_POINT('',(-190.,-180.,40.));
#14196=CARTESIAN_POINT('Origin',(-190.,-190.,40.));
#14197=CARTESIAN_POINT('',(0.,0.,0.));
#14198=CARTESIAN_POINT('Origin',(50.,105.,113.));
#14199=CARTESIAN_POINT('',(48.3,105.,110.));
#14200=CARTESIAN_POINT('Origin',(50.,105.,110.));
#14201=CARTESIAN_POINT('',(48.3,105.,116.));
#14202=CARTESIAN_POINT('',(48.3,105.,113.));
#14203=CARTESIAN_POINT('Origin',(50.,105.,116.));
#14204=CARTESIAN_POINT('Origin',(50.,-105.,113.));
#14205=CARTESIAN_POINT('',(48.3,-105.,110.));
#14206=CARTESIAN_POINT('Origin',(50.,-105.,110.));
#14207=CARTESIAN_POINT('',(48.3,-105.,116.));
#14208=CARTESIAN_POINT('',(48.3,-105.,113.));
#14209=CARTESIAN_POINT('Origin',(50.,-105.,116.));
#14210=CARTESIAN_POINT('Origin',(-90.,105.,113.));
#14211=CARTESIAN_POINT('',(-91.7,105.,110.));
#14212=CARTESIAN_POINT('Origin',(-90.,105.,110.));
#14213=CARTESIAN_POINT('',(-91.7,105.,116.));
#14214=CARTESIAN_POINT('',(-91.7,105.,113.));
#14215=CARTESIAN_POINT('Origin',(-90.,105.,116.));
#14216=CARTESIAN_POINT('Origin',(-90.,-105.,113.));
#14217=CARTESIAN_POINT('',(-91.7,-105.,110.));
#14218=CARTESIAN_POINT('Origin',(-90.,-105.,110.));
#14219=CARTESIAN_POINT('',(-91.7,-105.,116.));
#14220=CARTESIAN_POINT('',(-91.7,-105.,113.));
#14221=CARTESIAN_POINT('Origin',(-90.,-105.,116.));
#14222=CARTESIAN_POINT('Origin',(115.,105.,113.));
#14223=CARTESIAN_POINT('',(113.3,105.,110.));
#14224=CARTESIAN_POINT('Origin',(115.,105.,110.));
#14225=CARTESIAN_POINT('',(113.3,105.,116.));
#14226=CARTESIAN_POINT('',(113.3,105.,113.));
#14227=CARTESIAN_POINT('Origin',(115.,105.,116.));
#14228=CARTESIAN_POINT('Origin',(115.,-105.,113.));
#14229=CARTESIAN_POINT('',(113.3,-105.,110.));
#14230=CARTESIAN_POINT('Origin',(115.,-105.,110.));
#14231=CARTESIAN_POINT('',(113.3,-105.,116.));
#14232=CARTESIAN_POINT('',(113.3,-105.,113.));
#14233=CARTESIAN_POINT('Origin',(115.,-105.,116.));
#14234=CARTESIAN_POINT('Origin',(-155.,105.,113.));
#14235=CARTESIAN_POINT('',(-156.7,105.,110.));
#14236=CARTESIAN_POINT('Origin',(-155.,105.,110.));
#14237=CARTESIAN_POINT('',(-156.7,105.,116.));
#14238=CARTESIAN_POINT('',(-156.7,105.,113.));
#14239=CARTESIAN_POINT('Origin',(-155.,105.,116.));
#14240=CARTESIAN_POINT('Origin',(-155.,-105.,113.));
#14241=CARTESIAN_POINT('',(-156.7,-105.,110.));
#14242=CARTESIAN_POINT('Origin',(-155.,-105.,110.));
#14243=CARTESIAN_POINT('',(-156.7,-105.,116.));
#14244=CARTESIAN_POINT('',(-156.7,-105.,113.));
#14245=CARTESIAN_POINT('Origin',(-155.,-105.,116.));
#14246=CARTESIAN_POINT('Origin',(-20.,0.,116.));
#14247=CARTESIAN_POINT('',(130.,-120.,116.));
#14248=CARTESIAN_POINT('',(130.,120.,116.));
#14249=CARTESIAN_POINT('',(130.,0.,116.));
#14250=CARTESIAN_POINT('',(-170.,120.,116.));
#14251=CARTESIAN_POINT('',(-20.,120.,116.));
#14252=CARTESIAN_POINT('',(-170.,-120.,116.));
#14253=CARTESIAN_POINT('',(-170.,0.,116.));
#14254=CARTESIAN_POINT('',(-20.,-120.,116.));
#14255=CARTESIAN_POINT('Origin',(-20.,0.,110.));
#14256=CARTESIAN_POINT('',(130.,120.,110.));
#14257=CARTESIAN_POINT('',(130.,-120.,110.));
#14258=CARTESIAN_POINT('',(130.,0.,110.));
#14259=CARTESIAN_POINT('',(-170.,-120.,110.));
#14260=CARTESIAN_POINT('',(-20.,-120.,110.));
#14261=CARTESIAN_POINT('',(-170.,120.,110.));
#14262=CARTESIAN_POINT('',(-170.,0.,110.));
#14263=CARTESIAN_POINT('',(-20.,120.,110.));
#14264=CARTESIAN_POINT('Origin',(-20.,-120.,113.));
#14265=CARTESIAN_POINT('',(-170.,-120.,113.));
#14266=CARTESIAN_POINT('',(130.,-120.,113.));
#14267=CARTESIAN_POINT('Origin',(-170.,0.,113.));
#14268=CARTESIAN_POINT('',(-170.,120.,113.));
#14269=CARTESIAN_POINT('Origin',(-20.,120.,113.));
#14270=CARTESIAN_POINT('',(130.,120.,113.));
#14271=CARTESIAN_POINT('Origin',(130.,0.,113.));
#14272=CARTESIAN_POINT('Origin',(-20.,116.,144.));
#14273=CARTESIAN_POINT('',(130.,112.,144.));
#14274=CARTESIAN_POINT('',(130.,120.,144.));
#14275=CARTESIAN_POINT('',(130.,116.,144.));
#14276=CARTESIAN_POINT('',(-170.,120.,144.));
#14277=CARTESIAN_POINT('',(-20.,120.,144.));
#14278=CARTESIAN_POINT('',(-170.,112.,144.));
#14279=CARTESIAN_POINT('',(-170.,116.,144.));
#14280=CARTESIAN_POINT('',(-20.,112.,144.));
#14281=CARTESIAN_POINT('Origin',(-20.,116.,116.));
#14282=CARTESIAN_POINT('',(130.,120.,116.));
#14283=CARTESIAN_POINT('',(130.,112.,116.));
#14284=CARTESIAN_POINT('',(130.,116.,116.));
#14285=CARTESIAN_POINT('',(-170.,112.,116.));
#14286=CARTESIAN_POINT('',(-20.,112.,116.));
#14287=CARTESIAN_POINT('',(-170.,120.,116.));
#14288=CARTESIAN_POINT('',(-170.,116.,116.));
#14289=CARTESIAN_POINT('',(-20.,120.,116.));
#14290=CARTESIAN_POINT('Origin',(-20.,112.,130.));
#14291=CARTESIAN_POINT('',(-170.,112.,130.));
#14292=CARTESIAN_POINT('',(130.,112.,130.));
#14293=CARTESIAN_POINT('Origin',(-170.,116.,130.));
#14294=CARTESIAN_POINT('',(-170.,120.,130.));
#14295=CARTESIAN_POINT('Origin',(-20.,120.,130.));
#14296=CARTESIAN_POINT('',(130.,120.,130.));
#14297=CARTESIAN_POINT('Origin',(130.,116.,130.));
#14298=CARTESIAN_POINT('Origin',(-20.,-116.,144.));
#14299=CARTESIAN_POINT('',(130.,-120.,144.));
#14300=CARTESIAN_POINT('',(130.,-112.,144.));
#14301=CARTESIAN_POINT('',(130.,-116.,144.));
#14302=CARTESIAN_POINT('',(-170.,-112.,144.));
#14303=CARTESIAN_POINT('',(-20.,-112.,144.));
#14304=CARTESIAN_POINT('',(-170.,-120.,144.));
#14305=CARTESIAN_POINT('',(-170.,-116.,144.));
#14306=CARTESIAN_POINT('',(-20.,-120.,144.));
#14307=CARTESIAN_POINT('Origin',(-20.,-116.,116.));
#14308=CARTESIAN_POINT('',(130.,-112.,116.));
#14309=CARTESIAN_POINT('',(130.,-120.,116.));
#14310=CARTESIAN_POINT('',(130.,-116.,116.));
#14311=CARTESIAN_POINT('',(-170.,-120.,116.));
#14312=CARTESIAN_POINT('',(-20.,-120.,116.));
#14313=CARTESIAN_POINT('',(-170.,-112.,116.));
#14314=CARTESIAN_POINT('',(-170.,-116.,116.));
#14315=CARTESIAN_POINT('',(-20.,-112.,116.));
#14316=CARTESIAN_POINT('Origin',(-20.,-120.,130.));
#14317=CARTESIAN_POINT('',(-170.,-120.,130.));
#14318=CARTESIAN_POINT('',(130.,-120.,130.));
#14319=CARTESIAN_POINT('Origin',(-170.,-116.,130.));
#14320=CARTESIAN_POINT('',(-170.,-112.,130.));
#14321=CARTESIAN_POINT('Origin',(-20.,-112.,130.));
#14322=CARTESIAN_POINT('',(130.,-112.,130.));
#14323=CARTESIAN_POINT('Origin',(130.,-116.,130.));
#14324=CARTESIAN_POINT('Origin',(-166.,0.,144.));
#14325=CARTESIAN_POINT('',(-162.,-112.,144.));
#14326=CARTESIAN_POINT('',(-162.,112.,144.));
#14327=CARTESIAN_POINT('',(-162.,0.,144.));
#14328=CARTESIAN_POINT('',(-170.,112.,144.));
#14329=CARTESIAN_POINT('',(-166.,112.,144.));
#14330=CARTESIAN_POINT('',(-170.,-112.,144.));
#14331=CARTESIAN_POINT('',(-170.,0.,144.));
#14332=CARTESIAN_POINT('',(-166.,-112.,144.));
#14333=CARTESIAN_POINT('Origin',(-166.,0.,116.));
#14334=CARTESIAN_POINT('',(-162.,112.,116.));
#14335=CARTESIAN_POINT('',(-162.,-112.,116.));
#14336=CARTESIAN_POINT('',(-162.,0.,116.));
#14337=CARTESIAN_POINT('',(-170.,-112.,116.));
#14338=CARTESIAN_POINT('',(-166.,-112.,116.));
#14339=CARTESIAN_POINT('',(-170.,112.,116.));
#14340=CARTESIAN_POINT('',(-170.,0.,116.));
#14341=CARTESIAN_POINT('',(-166.,112.,116.));
#14342=CARTESIAN_POINT('Origin',(-166.,-112.,130.));
#14343=CARTESIAN_POINT('',(-170.,-112.,130.));
#14344=CARTESIAN_POINT('',(-162.,-112.,130.));
#14345=CARTESIAN_POINT('Origin',(-170.,0.,130.));
#14346=CARTESIAN_POINT('',(-170.,112.,130.));
#14347=CARTESIAN_POINT('Origin',(-166.,112.,130.));
#14348=CARTESIAN_POINT('',(-162.,112.,130.));
#14349=CARTESIAN_POINT('Origin',(-162.,0.,130.));
#14350=CARTESIAN_POINT('Origin',(-155.,-105.,123.));
#14351=CARTESIAN_POINT('',(-156.7,-105.,116.));
#14352=CARTESIAN_POINT('Origin',(-155.,-105.,116.));
#14353=CARTESIAN_POINT('',(-156.7,-105.,130.));
#14354=CARTESIAN_POINT('',(-156.7,-105.,123.));
#14355=CARTESIAN_POINT('Origin',(-155.,-105.,130.));
#14356=CARTESIAN_POINT('Origin',(-155.,-105.,123.));
#14357=CARTESIAN_POINT('',(-160.,-105.,130.));
#14358=CARTESIAN_POINT('Origin',(-155.,-105.,130.));
#14359=CARTESIAN_POINT('',(-160.,-105.,116.));
#14360=CARTESIAN_POINT('',(-160.,-105.,123.));
#14361=CARTESIAN_POINT('Origin',(-155.,-105.,116.));
#14362=CARTESIAN_POINT('Origin',(-155.,-105.,116.));
#14363=CARTESIAN_POINT('Origin',(-155.,-105.,130.));
#14364=CARTESIAN_POINT('Origin',(-155.,105.,123.));
#14365=CARTESIAN_POINT('',(-156.7,105.,116.));
#14366=CARTESIAN_POINT('Origin',(-155.,105.,116.));
#14367=CARTESIAN_POINT('',(-156.7,105.,130.));
#14368=CARTESIAN_POINT('',(-156.7,105.,123.));
#14369=CARTESIAN_POINT('Origin',(-155.,105.,130.));
#14370=CARTESIAN_POINT('Origin',(-155.,105.,123.));
#14371=CARTESIAN_POINT('',(-160.,105.,130.));
#14372=CARTESIAN_POINT('Origin',(-155.,105.,130.));
#14373=CARTESIAN_POINT('',(-160.,105.,116.));
#14374=CARTESIAN_POINT('',(-160.,105.,123.));
#14375=CARTESIAN_POINT('Origin',(-155.,105.,116.));
#14376=CARTESIAN_POINT('Origin',(-155.,105.,116.));
#14377=CARTESIAN_POINT('Origin',(-155.,105.,130.));
#14378=CARTESIAN_POINT('Origin',(115.,-105.,123.));
#14379=CARTESIAN_POINT('',(113.3,-105.,116.));
#14380=CARTESIAN_POINT('Origin',(115.,-105.,116.));
#14381=CARTESIAN_POINT('',(113.3,-105.,130.));
#14382=CARTESIAN_POINT('',(113.3,-105.,123.));
#14383=CARTESIAN_POINT('Origin',(115.,-105.,130.));
#14384=CARTESIAN_POINT('Origin',(115.,-105.,123.));
#14385=CARTESIAN_POINT('',(110.,-105.,130.));
#14386=CARTESIAN_POINT('Origin',(115.,-105.,130.));
#14387=CARTESIAN_POINT('',(110.,-105.,116.));
#14388=CARTESIAN_POINT('',(110.,-105.,123.));
#14389=CARTESIAN_POINT('Origin',(115.,-105.,116.));
#14390=CARTESIAN_POINT('Origin',(115.,-105.,116.));
#14391=CARTESIAN_POINT('Origin',(115.,-105.,130.));
#14392=CARTESIAN_POINT('Origin',(115.,105.,123.));
#14393=CARTESIAN_POINT('',(113.3,105.,116.));
#14394=CARTESIAN_POINT('Origin',(115.,105.,116.));
#14395=CARTESIAN_POINT('',(113.3,105.,130.));
#14396=CARTESIAN_POINT('',(113.3,105.,123.));
#14397=CARTESIAN_POINT('Origin',(115.,105.,130.));
#14398=CARTESIAN_POINT('Origin',(115.,105.,123.));
#14399=CARTESIAN_POINT('',(110.,105.,130.));
#14400=CARTESIAN_POINT('Origin',(115.,105.,130.));
#14401=CARTESIAN_POINT('',(110.,105.,116.));
#14402=CARTESIAN_POINT('',(110.,105.,123.));
#14403=CARTESIAN_POINT('Origin',(115.,105.,116.));
#14404=CARTESIAN_POINT('Origin',(115.,105.,116.));
#14405=CARTESIAN_POINT('Origin',(115.,105.,130.));
#14406=CARTESIAN_POINT('Origin',(-90.,-105.,123.));
#14407=CARTESIAN_POINT('',(-91.7,-105.,116.));
#14408=CARTESIAN_POINT('Origin',(-90.,-105.,116.));
#14409=CARTESIAN_POINT('',(-91.7,-105.,130.));
#14410=CARTESIAN_POINT('',(-91.7,-105.,123.));
#14411=CARTESIAN_POINT('Origin',(-90.,-105.,130.));
#14412=CARTESIAN_POINT('Origin',(-90.,-105.,123.));
#14413=CARTESIAN_POINT('',(-95.,-105.,130.));
#14414=CARTESIAN_POINT('Origin',(-90.,-105.,130.));
#14415=CARTESIAN_POINT('',(-95.,-105.,116.));
#14416=CARTESIAN_POINT('',(-95.,-105.,123.));
#14417=CARTESIAN_POINT('Origin',(-90.,-105.,116.));
#14418=CARTESIAN_POINT('Origin',(-90.,-105.,116.));
#14419=CARTESIAN_POINT('Origin',(-90.,-105.,130.));
#14420=CARTESIAN_POINT('Origin',(-90.,105.,123.));
#14421=CARTESIAN_POINT('',(-91.7,105.,116.));
#14422=CARTESIAN_POINT('Origin',(-90.,105.,116.));
#14423=CARTESIAN_POINT('',(-91.7,105.,130.));
#14424=CARTESIAN_POINT('',(-91.7,105.,123.));
#14425=CARTESIAN_POINT('Origin',(-90.,105.,130.));
#14426=CARTESIAN_POINT('Origin',(-90.,105.,123.));
#14427=CARTESIAN_POINT('',(-95.,105.,130.));
#14428=CARTESIAN_POINT('Origin',(-90.,105.,130.));
#14429=CARTESIAN_POINT('',(-95.,105.,116.));
#14430=CARTESIAN_POINT('',(-95.,105.,123.));
#14431=CARTESIAN_POINT('Origin',(-90.,105.,116.));
#14432=CARTESIAN_POINT('Origin',(-90.,105.,116.));
#14433=CARTESIAN_POINT('Origin',(-90.,105.,130.));
#14434=CARTESIAN_POINT('Origin',(50.,-105.,123.));
#14435=CARTESIAN_POINT('',(48.3,-105.,116.));
#14436=CARTESIAN_POINT('Origin',(50.,-105.,116.));
#14437=CARTESIAN_POINT('',(48.3,-105.,130.));
#14438=CARTESIAN_POINT('',(48.3,-105.,123.));
#14439=CARTESIAN_POINT('Origin',(50.,-105.,130.));
#14440=CARTESIAN_POINT('Origin',(50.,-105.,123.));
#14441=CARTESIAN_POINT('',(45.,-105.,130.));
#14442=CARTESIAN_POINT('Origin',(50.,-105.,130.));
#14443=CARTESIAN_POINT('',(45.,-105.,116.));
#14444=CARTESIAN_POINT('',(45.,-105.,123.));
#14445=CARTESIAN_POINT('Origin',(50.,-105.,116.));
#14446=CARTESIAN_POINT('Origin',(50.,-105.,116.));
#14447=CARTESIAN_POINT('Origin',(50.,-105.,130.));
#14448=CARTESIAN_POINT('Origin',(50.,105.,123.));
#14449=CARTESIAN_POINT('',(48.3,105.,116.));
#14450=CARTESIAN_POINT('Origin',(50.,105.,116.));
#14451=CARTESIAN_POINT('',(48.3,105.,130.));
#14452=CARTESIAN_POINT('',(48.3,105.,123.));
#14453=CARTESIAN_POINT('Origin',(50.,105.,130.));
#14454=CARTESIAN_POINT('Origin',(50.,105.,123.));
#14455=CARTESIAN_POINT('',(45.,105.,130.));
#14456=CARTESIAN_POINT('Origin',(50.,105.,130.));
#14457=CARTESIAN_POINT('',(45.,105.,116.));
#14458=CARTESIAN_POINT('',(45.,105.,123.));
#14459=CARTESIAN_POINT('Origin',(50.,105.,116.));
#14460=CARTESIAN_POINT('Origin',(50.,105.,116.));
#14461=CARTESIAN_POINT('Origin',(50.,105.,130.));
#14462=CARTESIAN_POINT('Origin',(-55.,92.,132.));
#14463=CARTESIAN_POINT('',(-56.2,92.,130.5));
#14464=CARTESIAN_POINT('Origin',(-55.,92.,130.5));
#14465=CARTESIAN_POINT('',(-56.2,92.,133.5));
#14466=CARTESIAN_POINT('',(-56.2,92.,132.));
#14467=CARTESIAN_POINT('Origin',(-55.,92.,133.5));
#14468=CARTESIAN_POINT('Origin',(-125.,92.,132.));
#14469=CARTESIAN_POINT('',(-126.2,92.,130.5));
#14470=CARTESIAN_POINT('Origin',(-125.,92.,130.5));
#14471=CARTESIAN_POINT('',(-126.2,92.,133.5));
#14472=CARTESIAN_POINT('',(-126.2,92.,132.));
#14473=CARTESIAN_POINT('Origin',(-125.,92.,133.5));
#14474=CARTESIAN_POINT('Origin',(-55.,38.,132.));
#14475=CARTESIAN_POINT('',(-56.2,38.,130.5));
#14476=CARTESIAN_POINT('Origin',(-55.,38.,130.5));
#14477=CARTESIAN_POINT('',(-56.2,38.,133.5));
#14478=CARTESIAN_POINT('',(-56.2,38.,132.));
#14479=CARTESIAN_POINT('Origin',(-55.,38.,133.5));
#14480=CARTESIAN_POINT('Origin',(-125.,38.,132.));
#14481=CARTESIAN_POINT('',(-126.2,38.,130.5));
#14482=CARTESIAN_POINT('Origin',(-125.,38.,130.5));
#14483=CARTESIAN_POINT('',(-126.2,38.,133.5));
#14484=CARTESIAN_POINT('',(-126.2,38.,132.));
#14485=CARTESIAN_POINT('Origin',(-125.,38.,133.5));
#14486=CARTESIAN_POINT('Origin',(-90.,65.,133.5));
#14487=CARTESIAN_POINT('',(-45.,30.,133.5));
#14488=CARTESIAN_POINT('',(-45.,100.,133.5));
#14489=CARTESIAN_POINT('',(-45.,65.,133.5));
#14490=CARTESIAN_POINT('',(-135.,100.,133.5));
#14491=CARTESIAN_POINT('',(-90.,100.,133.5));
#14492=CARTESIAN_POINT('',(-135.,30.,133.5));
#14493=CARTESIAN_POINT('',(-135.,65.,133.5));
#14494=CARTESIAN_POINT('',(-90.,30.,133.5));
#14495=CARTESIAN_POINT('Origin',(-90.,65.,130.5));
#14496=CARTESIAN_POINT('',(-45.,100.,130.5));
#14497=CARTESIAN_POINT('',(-45.,30.,130.5));
#14498=CARTESIAN_POINT('',(-45.,65.,130.5));
#14499=CARTESIAN_POINT('',(-135.,30.,130.5));
#14500=CARTESIAN_POINT('',(-90.,30.,130.5));
#14501=CARTESIAN_POINT('',(-135.,100.,130.5));
#14502=CARTESIAN_POINT('',(-135.,65.,130.5));
#14503=CARTESIAN_POINT('',(-90.,100.,130.5));
#14504=CARTESIAN_POINT('Origin',(-90.,30.,132.));
#14505=CARTESIAN_POINT('',(-135.,30.,132.));
#14506=CARTESIAN_POINT('',(-45.,30.,132.));
#14507=CARTESIAN_POINT('Origin',(-135.,65.,132.));
#14508=CARTESIAN_POINT('',(-135.,100.,132.));
#14509=CARTESIAN_POINT('Origin',(-90.,100.,132.));
#14510=CARTESIAN_POINT('',(-45.,100.,132.));
#14511=CARTESIAN_POINT('Origin',(-45.,65.,132.));
#14512=CARTESIAN_POINT('Origin',(65.,-38.,132.));
#14513=CARTESIAN_POINT('',(63.8,-38.,130.5));
#14514=CARTESIAN_POINT('Origin',(65.,-38.,130.5));
#14515=CARTESIAN_POINT('',(63.8,-38.,133.5));
#14516=CARTESIAN_POINT('',(63.8,-38.,132.));
#14517=CARTESIAN_POINT('Origin',(65.,-38.,133.5));
#14518=CARTESIAN_POINT('Origin',(-25.,-38.,132.));
#14519=CARTESIAN_POINT('',(-26.2,-38.,130.5));
#14520=CARTESIAN_POINT('Origin',(-25.,-38.,130.5));
#14521=CARTESIAN_POINT('',(-26.2,-38.,133.5));
#14522=CARTESIAN_POINT('',(-26.2,-38.,132.));
#14523=CARTESIAN_POINT('Origin',(-25.,-38.,133.5));
#14524=CARTESIAN_POINT('Origin',(65.,-92.,132.));
#14525=CARTESIAN_POINT('',(63.8,-92.,130.5));
#14526=CARTESIAN_POINT('Origin',(65.,-92.,130.5));
#14527=CARTESIAN_POINT('',(63.8,-92.,133.5));
#14528=CARTESIAN_POINT('',(63.8,-92.,132.));
#14529=CARTESIAN_POINT('Origin',(65.,-92.,133.5));
#14530=CARTESIAN_POINT('Origin',(-25.,-92.,132.));
#14531=CARTESIAN_POINT('',(-26.2,-92.,130.5));
#14532=CARTESIAN_POINT('Origin',(-25.,-92.,130.5));
#14533=CARTESIAN_POINT('',(-26.2,-92.,133.5));
#14534=CARTESIAN_POINT('',(-26.2,-92.,132.));
#14535=CARTESIAN_POINT('Origin',(-25.,-92.,133.5));
#14536=CARTESIAN_POINT('Origin',(20.,-65.,133.5));
#14537=CARTESIAN_POINT('',(75.,-100.,133.5));
#14538=CARTESIAN_POINT('',(75.,-30.,133.5));
#14539=CARTESIAN_POINT('',(75.,-65.,133.5));
#14540=CARTESIAN_POINT('',(-35.,-30.,133.5));
#14541=CARTESIAN_POINT('',(20.,-30.,133.5));
#14542=CARTESIAN_POINT('',(-35.,-100.,133.5));
#14543=CARTESIAN_POINT('',(-35.,-65.,133.5));
#14544=CARTESIAN_POINT('',(20.,-100.,133.5));
#14545=CARTESIAN_POINT('Origin',(20.,-65.,130.5));
#14546=CARTESIAN_POINT('',(75.,-30.,130.5));
#14547=CARTESIAN_POINT('',(75.,-100.,130.5));
#14548=CARTESIAN_POINT('',(75.,-65.,130.5));
#14549=CARTESIAN_POINT('',(-35.,-100.,130.5));
#14550=CARTESIAN_POINT('',(20.,-100.,130.5));
#14551=CARTESIAN_POINT('',(-35.,-30.,130.5));
#14552=CARTESIAN_POINT('',(-35.,-65.,130.5));
#14553=CARTESIAN_POINT('',(20.,-30.,130.5));
#14554=CARTESIAN_POINT('Origin',(20.,-100.,132.));
#14555=CARTESIAN_POINT('',(-35.,-100.,132.));
#14556=CARTESIAN_POINT('',(75.,-100.,132.));
#14557=CARTESIAN_POINT('Origin',(-35.,-65.,132.));
#14558=CARTESIAN_POINT('',(-35.,-30.,132.));
#14559=CARTESIAN_POINT('Origin',(20.,-30.,132.));
#14560=CARTESIAN_POINT('',(75.,-30.,132.));
#14561=CARTESIAN_POINT('Origin',(75.,-65.,132.));
#14562=CARTESIAN_POINT('Origin',(-125.,38.,125.));
#14563=CARTESIAN_POINT('',(-126.2,38.,119.));
#14564=CARTESIAN_POINT('Origin',(-125.,38.,119.));
#14565=CARTESIAN_POINT('',(-126.2,38.,131.));
#14566=CARTESIAN_POINT('',(-126.2,38.,125.));
#14567=CARTESIAN_POINT('Origin',(-125.,38.,131.));
#14568=CARTESIAN_POINT('Origin',(-125.,38.,125.));
#14569=CARTESIAN_POINT('',(-128.5,38.,131.));
#14570=CARTESIAN_POINT('Origin',(-125.,38.,131.));
#14571=CARTESIAN_POINT('',(-128.5,38.,119.));
#14572=CARTESIAN_POINT('',(-128.5,38.,125.));
#14573=CARTESIAN_POINT('Origin',(-125.,38.,119.));
#14574=CARTESIAN_POINT('Origin',(-125.,38.,119.));
#14575=CARTESIAN_POINT('Origin',(-125.,38.,131.));
#14576=CARTESIAN_POINT('Origin',(-55.,38.,125.));
#14577=CARTESIAN_POINT('',(-56.2,38.,119.));
#14578=CARTESIAN_POINT('Origin',(-55.,38.,119.));
#14579=CARTESIAN_POINT('',(-56.2,38.,131.));
#14580=CARTESIAN_POINT('',(-56.2,38.,125.));
#14581=CARTESIAN_POINT('Origin',(-55.,38.,131.));
#14582=CARTESIAN_POINT('Origin',(-55.,38.,125.));
#14583=CARTESIAN_POINT('',(-58.5,38.,131.));
#14584=CARTESIAN_POINT('Origin',(-55.,38.,131.));
#14585=CARTESIAN_POINT('',(-58.5,38.,119.));
#14586=CARTESIAN_POINT('',(-58.5,38.,125.));
#14587=CARTESIAN_POINT('Origin',(-55.,38.,119.));
#14588=CARTESIAN_POINT('Origin',(-55.,38.,119.));
#14589=CARTESIAN_POINT('Origin',(-55.,38.,131.));
#14590=CARTESIAN_POINT('Origin',(-125.,92.,125.));
#14591=CARTESIAN_POINT('',(-126.2,92.,119.));
#14592=CARTESIAN_POINT('Origin',(-125.,92.,119.));
#14593=CARTESIAN_POINT('',(-126.2,92.,131.));
#14594=CARTESIAN_POINT('',(-126.2,92.,125.));
#14595=CARTESIAN_POINT('Origin',(-125.,92.,131.));
#14596=CARTESIAN_POINT('Origin',(-125.,92.,125.));
#14597=CARTESIAN_POINT('',(-128.5,92.,131.));
#14598=CARTESIAN_POINT('Origin',(-125.,92.,131.));
#14599=CARTESIAN_POINT('',(-128.5,92.,119.));
#14600=CARTESIAN_POINT('',(-128.5,92.,125.));
#14601=CARTESIAN_POINT('Origin',(-125.,92.,119.));
#14602=CARTESIAN_POINT('Origin',(-125.,92.,119.));
#14603=CARTESIAN_POINT('Origin',(-125.,92.,131.));
#14604=CARTESIAN_POINT('Origin',(-55.,92.,125.));
#14605=CARTESIAN_POINT('',(-56.2,92.,119.));
#14606=CARTESIAN_POINT('Origin',(-55.,92.,119.));
#14607=CARTESIAN_POINT('',(-56.2,92.,131.));
#14608=CARTESIAN_POINT('',(-56.2,92.,125.));
#14609=CARTESIAN_POINT('Origin',(-55.,92.,131.));
#14610=CARTESIAN_POINT('Origin',(-55.,92.,125.));
#14611=CARTESIAN_POINT('',(-58.5,92.,131.));
#14612=CARTESIAN_POINT('Origin',(-55.,92.,131.));
#14613=CARTESIAN_POINT('',(-58.5,92.,119.));
#14614=CARTESIAN_POINT('',(-58.5,92.,125.));
#14615=CARTESIAN_POINT('Origin',(-55.,92.,119.));
#14616=CARTESIAN_POINT('Origin',(-55.,92.,119.));
#14617=CARTESIAN_POINT('Origin',(-55.,92.,131.));
#14618=CARTESIAN_POINT('Origin',(-25.,-92.,125.));
#14619=CARTESIAN_POINT('',(-26.2,-92.,119.));
#14620=CARTESIAN_POINT('Origin',(-25.,-92.,119.));
#14621=CARTESIAN_POINT('',(-26.2,-92.,131.));
#14622=CARTESIAN_POINT('',(-26.2,-92.,125.));
#14623=CARTESIAN_POINT('Origin',(-25.,-92.,131.));
#14624=CARTESIAN_POINT('Origin',(-25.,-92.,125.));
#14625=CARTESIAN_POINT('',(-28.5,-92.,131.));
#14626=CARTESIAN_POINT('Origin',(-25.,-92.,131.));
#14627=CARTESIAN_POINT('',(-28.5,-92.,119.));
#14628=CARTESIAN_POINT('',(-28.5,-92.,125.));
#14629=CARTESIAN_POINT('Origin',(-25.,-92.,119.));
#14630=CARTESIAN_POINT('Origin',(-25.,-92.,119.));
#14631=CARTESIAN_POINT('Origin',(-25.,-92.,131.));
#14632=CARTESIAN_POINT('Origin',(65.,-92.,125.));
#14633=CARTESIAN_POINT('',(63.8,-92.,119.));
#14634=CARTESIAN_POINT('Origin',(65.,-92.,119.));
#14635=CARTESIAN_POINT('',(63.8,-92.,131.));
#14636=CARTESIAN_POINT('',(63.8,-92.,125.));
#14637=CARTESIAN_POINT('Origin',(65.,-92.,131.));
#14638=CARTESIAN_POINT('Origin',(65.,-92.,125.));
#14639=CARTESIAN_POINT('',(61.5,-92.,131.));
#14640=CARTESIAN_POINT('Origin',(65.,-92.,131.));
#14641=CARTESIAN_POINT('',(61.5,-92.,119.));
#14642=CARTESIAN_POINT('',(61.5,-92.,125.));
#14643=CARTESIAN_POINT('Origin',(65.,-92.,119.));
#14644=CARTESIAN_POINT('Origin',(65.,-92.,119.));
#14645=CARTESIAN_POINT('Origin',(65.,-92.,131.));
#14646=CARTESIAN_POINT('Origin',(-25.,-38.,125.));
#14647=CARTESIAN_POINT('',(-26.2,-38.,119.));
#14648=CARTESIAN_POINT('Origin',(-25.,-38.,119.));
#14649=CARTESIAN_POINT('',(-26.2,-38.,131.));
#14650=CARTESIAN_POINT('',(-26.2,-38.,125.));
#14651=CARTESIAN_POINT('Origin',(-25.,-38.,131.));
#14652=CARTESIAN_POINT('Origin',(-25.,-38.,125.));
#14653=CARTESIAN_POINT('',(-28.5,-38.,131.));
#14654=CARTESIAN_POINT('Origin',(-25.,-38.,131.));
#14655=CARTESIAN_POINT('',(-28.5,-38.,119.));
#14656=CARTESIAN_POINT('',(-28.5,-38.,125.));
#14657=CARTESIAN_POINT('Origin',(-25.,-38.,119.));
#14658=CARTESIAN_POINT('Origin',(-25.,-38.,119.));
#14659=CARTESIAN_POINT('Origin',(-25.,-38.,131.));
#14660=CARTESIAN_POINT('Origin',(65.,-38.,125.));
#14661=CARTESIAN_POINT('',(63.8,-38.,119.));
#14662=CARTESIAN_POINT('Origin',(65.,-38.,119.));
#14663=CARTESIAN_POINT('',(63.8,-38.,131.));
#14664=CARTESIAN_POINT('',(63.8,-38.,125.));
#14665=CARTESIAN_POINT('Origin',(65.,-38.,131.));
#14666=CARTESIAN_POINT('Origin',(65.,-38.,125.));
#14667=CARTESIAN_POINT('',(61.5,-38.,131.));
#14668=CARTESIAN_POINT('Origin',(65.,-38.,131.));
#14669=CARTESIAN_POINT('',(61.5,-38.,119.));
#14670=CARTESIAN_POINT('',(61.5,-38.,125.));
#14671=CARTESIAN_POINT('Origin',(65.,-38.,119.));
#14672=CARTESIAN_POINT('Origin',(65.,-38.,119.));
#14673=CARTESIAN_POINT('Origin',(65.,-38.,131.));
#14674=CARTESIAN_POINT('Origin',(-20.,96.,122.5));
#14675=CARTESIAN_POINT('',(105.,87.,122.5));
#14676=CARTESIAN_POINT('',(105.,105.,122.5));
#14677=CARTESIAN_POINT('',(105.,96.,122.5));
#14678=CARTESIAN_POINT('',(-145.,105.,122.5));
#14679=CARTESIAN_POINT('',(-20.,105.,122.5));
#14680=CARTESIAN_POINT('',(-145.,87.,122.5));
#14681=CARTESIAN_POINT('',(-145.,96.,122.5));
#14682=CARTESIAN_POINT('',(-20.,87.,122.5));
#14683=CARTESIAN_POINT('Origin',(-20.,96.,119.5));
#14684=CARTESIAN_POINT('',(105.,105.,119.5));
#14685=CARTESIAN_POINT('',(105.,87.,119.5));
#14686=CARTESIAN_POINT('',(105.,96.,119.5));
#14687=CARTESIAN_POINT('',(-145.,87.,119.5));
#14688=CARTESIAN_POINT('',(-20.,87.,119.5));
#14689=CARTESIAN_POINT('',(-145.,105.,119.5));
#14690=CARTESIAN_POINT('',(-145.,96.,119.5));
#14691=CARTESIAN_POINT('',(-20.,105.,119.5));
#14692=CARTESIAN_POINT('Origin',(-20.,87.,121.));
#14693=CARTESIAN_POINT('',(-145.,87.,121.));
#14694=CARTESIAN_POINT('',(105.,87.,121.));
#14695=CARTESIAN_POINT('Origin',(-145.,96.,121.));
#14696=CARTESIAN_POINT('',(-145.,105.,121.));
#14697=CARTESIAN_POINT('Origin',(-20.,105.,121.));
#14698=CARTESIAN_POINT('',(105.,105.,121.));
#14699=CARTESIAN_POINT('Origin',(105.,96.,121.));
#14700=CARTESIAN_POINT('Origin',(-20.,-96.,122.5));
#14701=CARTESIAN_POINT('',(105.,-105.,122.5));
#14702=CARTESIAN_POINT('',(105.,-87.,122.5));
#14703=CARTESIAN_POINT('',(105.,-96.,122.5));
#14704=CARTESIAN_POINT('',(-145.,-87.,122.5));
#14705=CARTESIAN_POINT('',(-20.,-87.,122.5));
#14706=CARTESIAN_POINT('',(-145.,-105.,122.5));
#14707=CARTESIAN_POINT('',(-145.,-96.,122.5));
#14708=CARTESIAN_POINT('',(-20.,-105.,122.5));
#14709=CARTESIAN_POINT('Origin',(-20.,-96.,119.5));
#14710=CARTESIAN_POINT('',(105.,-87.,119.5));
#14711=CARTESIAN_POINT('',(105.,-105.,119.5));
#14712=CARTESIAN_POINT('',(105.,-96.,119.5));
#14713=CARTESIAN_POINT('',(-145.,-105.,119.5));
#14714=CARTESIAN_POINT('',(-20.,-105.,119.5));
#14715=CARTESIAN_POINT('',(-145.,-87.,119.5));
#14716=CARTESIAN_POINT('',(-145.,-96.,119.5));
#14717=CARTESIAN_POINT('',(-20.,-87.,119.5));
#14718=CARTESIAN_POINT('Origin',(-20.,-105.,121.));
#14719=CARTESIAN_POINT('',(-145.,-105.,121.));
#14720=CARTESIAN_POINT('',(105.,-105.,121.));
#14721=CARTESIAN_POINT('Origin',(-145.,-96.,121.));
#14722=CARTESIAN_POINT('',(-145.,-87.,121.));
#14723=CARTESIAN_POINT('Origin',(-20.,-87.,121.));
#14724=CARTESIAN_POINT('',(105.,-87.,121.));
#14725=CARTESIAN_POINT('Origin',(105.,-96.,121.));
#14726=CARTESIAN_POINT('Origin',(-20.,0.,122.5));
#14727=CARTESIAN_POINT('',(-11.,-90.,122.5));
#14728=CARTESIAN_POINT('',(-11.,90.,122.5));
#14729=CARTESIAN_POINT('',(-11.,0.,122.5));
#14730=CARTESIAN_POINT('',(-29.,90.,122.5));
#14731=CARTESIAN_POINT('',(-20.,90.,122.5));
#14732=CARTESIAN_POINT('',(-29.,-90.,122.5));
#14733=CARTESIAN_POINT('',(-29.,0.,122.5));
#14734=CARTESIAN_POINT('',(-20.,-90.,122.5));
#14735=CARTESIAN_POINT('Origin',(-20.,0.,119.5));
#14736=CARTESIAN_POINT('',(-11.,90.,119.5));
#14737=CARTESIAN_POINT('',(-11.,-90.,119.5));
#14738=CARTESIAN_POINT('',(-11.,0.,119.5));
#14739=CARTESIAN_POINT('',(-29.,-90.,119.5));
#14740=CARTESIAN_POINT('',(-20.,-90.,119.5));
#14741=CARTESIAN_POINT('',(-29.,90.,119.5));
#14742=CARTESIAN_POINT('',(-29.,0.,119.5));
#14743=CARTESIAN_POINT('',(-20.,90.,119.5));
#14744=CARTESIAN_POINT('Origin',(-20.,-90.,121.));
#14745=CARTESIAN_POINT('',(-29.,-90.,121.));
#14746=CARTESIAN_POINT('',(-11.,-90.,121.));
#14747=CARTESIAN_POINT('Origin',(-29.,0.,121.));
#14748=CARTESIAN_POINT('',(-29.,90.,121.));
#14749=CARTESIAN_POINT('Origin',(-20.,90.,121.));
#14750=CARTESIAN_POINT('',(-11.,90.,121.));
#14751=CARTESIAN_POINT('Origin',(-11.,0.,121.));
#14752=CARTESIAN_POINT('',(0.,0.,0.));
#14753=CARTESIAN_POINT('Origin',(-270.,145.,35.));
#14754=CARTESIAN_POINT('',(-300.,145.,20.));
#14755=CARTESIAN_POINT('Origin',(-300.,145.,35.));
#14756=CARTESIAN_POINT('',(-240.,145.,20.));
#14757=CARTESIAN_POINT('',(-270.,145.,20.));
#14758=CARTESIAN_POINT('Origin',(-240.,145.,35.));
#14759=CARTESIAN_POINT('Origin',(-240.,145.,35.));
#14760=CARTESIAN_POINT('Origin',(-300.,145.,35.));
#14761=CARTESIAN_POINT('Origin',(-239.,145.,35.));
#14762=CARTESIAN_POINT('',(-240.,145.,22.));
#14763=CARTESIAN_POINT('Origin',(-240.,145.,35.));
#14764=CARTESIAN_POINT('',(-238.,145.,22.));
#14765=CARTESIAN_POINT('',(-239.,145.,22.));
#14766=CARTESIAN_POINT('Origin',(-238.,145.,35.));
#14767=CARTESIAN_POINT('Origin',(-238.,145.,35.));
#14768=CARTESIAN_POINT('Origin',(-240.,145.,35.));
#14769=CARTESIAN_POINT('Origin',(-304.5,145.,35.));
#14770=CARTESIAN_POINT('',(-309.,145.,32.5));
#14771=CARTESIAN_POINT('Origin',(-309.,145.,35.));
#14772=CARTESIAN_POINT('',(-300.,145.,32.5));
#14773=CARTESIAN_POINT('',(-304.5,145.,32.5));
#14774=CARTESIAN_POINT('Origin',(-300.,145.,35.));
#14775=CARTESIAN_POINT('Origin',(-300.,145.,35.));
#14776=CARTESIAN_POINT('Origin',(-309.,145.,35.));
#14777=CARTESIAN_POINT('Origin',(-312.,145.,35.));
#14778=CARTESIAN_POINT('',(-315.,145.,30.5));
#14779=CARTESIAN_POINT('Origin',(-315.,145.,35.));
#14780=CARTESIAN_POINT('',(-309.,145.,30.5));
#14781=CARTESIAN_POINT('',(-312.,145.,30.5));
#14782=CARTESIAN_POINT('Origin',(-309.,145.,35.));
#14783=CARTESIAN_POINT('Origin',(-309.,145.,35.));
#14784=CARTESIAN_POINT('Origin',(-315.,145.,35.));
#14785=CARTESIAN_POINT('Origin',(-312.5,156.,35.));
#14786=CARTESIAN_POINT('',(-312.5,167.,30.));
#14787=CARTESIAN_POINT('',(-312.5,167.,40.));
#14788=CARTESIAN_POINT('',(-312.5,167.,35.));
#14789=CARTESIAN_POINT('',(-312.5,145.,40.));
#14790=CARTESIAN_POINT('',(-312.5,156.,40.));
#14791=CARTESIAN_POINT('',(-312.5,145.,30.));
#14792=CARTESIAN_POINT('',(-312.5,145.,35.));
#14793=CARTESIAN_POINT('',(-312.5,156.,30.));
#14794=CARTESIAN_POINT('Origin',(-315.5,156.,35.));
#14795=CARTESIAN_POINT('',(-315.5,167.,40.));
#14796=CARTESIAN_POINT('',(-315.5,167.,30.));
#14797=CARTESIAN_POINT('',(-315.5,167.,35.));
#14798=CARTESIAN_POINT('',(-315.5,145.,30.));
#14799=CARTESIAN_POINT('',(-315.5,156.,30.));
#14800=CARTESIAN_POINT('',(-315.5,145.,40.));
#14801=CARTESIAN_POINT('',(-315.5,145.,35.));
#14802=CARTESIAN_POINT('',(-315.5,156.,40.));
#14803=CARTESIAN_POINT('Origin',(-314.,156.,30.));
#14804=CARTESIAN_POINT('',(-314.,145.,30.));
#14805=CARTESIAN_POINT('',(-314.,167.,30.));
#14806=CARTESIAN_POINT('Origin',(-314.,145.,35.));
#14807=CARTESIAN_POINT('',(-314.,145.,40.));
#14808=CARTESIAN_POINT('Origin',(-314.,156.,40.));
#14809=CARTESIAN_POINT('',(-314.,167.,40.));
#14810=CARTESIAN_POINT('Origin',(-314.,167.,35.));
#14811=CARTESIAN_POINT('Origin',(-312.5,139.5,44.5262794416288));
#14812=CARTESIAN_POINT('',(-312.5,138.330127018922,56.5525588832577));
#14813=CARTESIAN_POINT('',(-312.5,129.669872981078,51.5525588832577));
#14814=CARTESIAN_POINT('',(-312.5,134.,54.0525588832577));
#14815=CARTESIAN_POINT('',(-312.5,140.669872981078,32.5));
#14816=CARTESIAN_POINT('',(-312.5,135.169872981078,42.0262794416288));
#14817=CARTESIAN_POINT('',(-312.5,149.330127018922,37.5));
#14818=CARTESIAN_POINT('',(-312.5,145.,35.));
#14819=CARTESIAN_POINT('',(-312.5,143.830127018922,47.0262794416288));
#14820=CARTESIAN_POINT('Origin',(-315.5,139.5,44.5262794416288));
#14821=CARTESIAN_POINT('',(-315.5,129.669872981078,51.5525588832577));
#14822=CARTESIAN_POINT('',(-315.5,138.330127018922,56.5525588832577));
#14823=CARTESIAN_POINT('',(-315.5,134.,54.0525588832577));
#14824=CARTESIAN_POINT('',(-315.5,149.330127018922,37.5));
#14825=CARTESIAN_POINT('',(-315.5,143.830127018922,47.0262794416288));
#14826=CARTESIAN_POINT('',(-315.5,140.669872981078,32.5));
#14827=CARTESIAN_POINT('',(-315.5,145.,35.));
#14828=CARTESIAN_POINT('',(-315.5,135.169872981078,42.0262794416288));
#14829=CARTESIAN_POINT('Origin',(-314.,143.830127018922,47.0262794416288));
#14830=CARTESIAN_POINT('',(-314.,149.330127018922,37.5));
#14831=CARTESIAN_POINT('',(-314.,138.330127018922,56.5525588832577));
#14832=CARTESIAN_POINT('Origin',(-314.,145.,35.));
#14833=CARTESIAN_POINT('',(-314.,140.669872981078,32.5));
#14834=CARTESIAN_POINT('Origin',(-314.,135.169872981078,42.0262794416288));
#14835=CARTESIAN_POINT('',(-314.,129.669872981078,51.5525588832577));
#14836=CARTESIAN_POINT('Origin',(-314.,134.,54.0525588832577));
#14837=CARTESIAN_POINT('Origin',(-312.5,139.5,25.4737205583712));
#14838=CARTESIAN_POINT('',(-312.5,129.669872981078,18.4474411167424));
#14839=CARTESIAN_POINT('',(-312.5,138.330127018922,13.4474411167424));
#14840=CARTESIAN_POINT('',(-312.5,134.,15.9474411167424));
#14841=CARTESIAN_POINT('',(-312.5,149.330127018922,32.5));
#14842=CARTESIAN_POINT('',(-312.5,143.830127018922,22.9737205583712));
#14843=CARTESIAN_POINT('',(-312.5,140.669872981078,37.5));
#14844=CARTESIAN_POINT('',(-312.5,145.,35.));
#14845=CARTESIAN_POINT('',(-312.5,135.169872981078,27.9737205583712));
#14846=CARTESIAN_POINT('Origin',(-315.5,139.5,25.4737205583712));
#14847=CARTESIAN_POINT('',(-315.5,138.330127018922,13.4474411167424));
#14848=CARTESIAN_POINT('',(-315.5,129.669872981078,18.4474411167424));
#14849=CARTESIAN_POINT('',(-315.5,134.,15.9474411167424));
#14850=CARTESIAN_POINT('',(-315.5,140.669872981078,37.5));
#14851=CARTESIAN_POINT('',(-315.5,135.169872981078,27.9737205583712));
#14852=CARTESIAN_POINT('',(-315.5,149.330127018922,32.5));
#14853=CARTESIAN_POINT('',(-315.5,145.,35.));
#14854=CARTESIAN_POINT('',(-315.5,143.830127018922,22.9737205583712));
#14855=CARTESIAN_POINT('Origin',(-314.,135.169872981078,27.9737205583712));
#14856=CARTESIAN_POINT('',(-314.,140.669872981078,37.5));
#14857=CARTESIAN_POINT('',(-314.,129.669872981078,18.4474411167424));
#14858=CARTESIAN_POINT('Origin',(-314.,145.,35.));
#14859=CARTESIAN_POINT('',(-314.,149.330127018922,32.5));
#14860=CARTESIAN_POINT('Origin',(-314.,143.830127018922,22.9737205583712));
#14861=CARTESIAN_POINT('',(-314.,138.330127018922,13.4474411167424));
#14862=CARTESIAN_POINT('Origin',(-314.,134.,15.9474411167424));
#14863=CARTESIAN_POINT('Origin',(-316.5,145.,35.));
#14864=CARTESIAN_POINT('',(-318.,145.,32.5));
#14865=CARTESIAN_POINT('Origin',(-318.,145.,35.));
#14866=CARTESIAN_POINT('',(-315.,145.,32.5));
#14867=CARTESIAN_POINT('',(-316.5,145.,32.5));
#14868=CARTESIAN_POINT('Origin',(-315.,145.,35.));
#14869=CARTESIAN_POINT('Origin',(-315.,145.,35.));
#14870=CARTESIAN_POINT('Origin',(-318.,145.,35.));
#14871=CARTESIAN_POINT('Origin',(-268.,145.,72.));
#14872=CARTESIAN_POINT('',(-227.,120.,72.));
#14873=CARTESIAN_POINT('',(-227.,170.,72.));
#14874=CARTESIAN_POINT('',(-227.,145.,72.));
#14875=CARTESIAN_POINT('',(-309.,170.,72.));
#14876=CARTESIAN_POINT('',(-268.,170.,72.));
#14877=CARTESIAN_POINT('',(-309.,120.,72.));
#14878=CARTESIAN_POINT('',(-309.,145.,72.));
#14879=CARTESIAN_POINT('',(-268.,120.,72.));
#14880=CARTESIAN_POINT('Origin',(-268.,145.,66.));
#14881=CARTESIAN_POINT('',(-227.,170.,66.));
#14882=CARTESIAN_POINT('',(-227.,120.,66.));
#14883=CARTESIAN_POINT('',(-227.,145.,66.));
#14884=CARTESIAN_POINT('',(-309.,120.,66.));
#14885=CARTESIAN_POINT('',(-268.,120.,66.));
#14886=CARTESIAN_POINT('',(-309.,170.,66.));
#14887=CARTESIAN_POINT('',(-309.,145.,66.));
#14888=CARTESIAN_POINT('',(-268.,170.,66.));
#14889=CARTESIAN_POINT('Origin',(-268.,120.,69.));
#14890=CARTESIAN_POINT('',(-309.,120.,69.));
#14891=CARTESIAN_POINT('',(-227.,120.,69.));
#14892=CARTESIAN_POINT('Origin',(-309.,145.,69.));
#14893=CARTESIAN_POINT('',(-309.,170.,69.));
#14894=CARTESIAN_POINT('Origin',(-268.,170.,69.));
#14895=CARTESIAN_POINT('',(-227.,170.,69.));
#14896=CARTESIAN_POINT('Origin',(-227.,145.,69.));
#14897=CARTESIAN_POINT('Origin',(-270.,-145.,35.));
#14898=CARTESIAN_POINT('',(-300.,-145.,20.));
#14899=CARTESIAN_POINT('Origin',(-300.,-145.,35.));
#14900=CARTESIAN_POINT('',(-240.,-145.,20.));
#14901=CARTESIAN_POINT('',(-270.,-145.,20.));
#14902=CARTESIAN_POINT('Origin',(-240.,-145.,35.));
#14903=CARTESIAN_POINT('Origin',(-240.,-145.,35.));
#14904=CARTESIAN_POINT('Origin',(-300.,-145.,35.));
#14905=CARTESIAN_POINT('Origin',(-239.,-145.,35.));
#14906=CARTESIAN_POINT('',(-240.,-145.,22.));
#14907=CARTESIAN_POINT('Origin',(-240.,-145.,35.));
#14908=CARTESIAN_POINT('',(-238.,-145.,22.));
#14909=CARTESIAN_POINT('',(-239.,-145.,22.));
#14910=CARTESIAN_POINT('Origin',(-238.,-145.,35.));
#14911=CARTESIAN_POINT('Origin',(-238.,-145.,35.));
#14912=CARTESIAN_POINT('Origin',(-240.,-145.,35.));
#14913=CARTESIAN_POINT('Origin',(-304.5,-145.,35.));
#14914=CARTESIAN_POINT('',(-309.,-145.,32.5));
#14915=CARTESIAN_POINT('Origin',(-309.,-145.,35.));
#14916=CARTESIAN_POINT('',(-300.,-145.,32.5));
#14917=CARTESIAN_POINT('',(-304.5,-145.,32.5));
#14918=CARTESIAN_POINT('Origin',(-300.,-145.,35.));
#14919=CARTESIAN_POINT('Origin',(-300.,-145.,35.));
#14920=CARTESIAN_POINT('Origin',(-309.,-145.,35.));
#14921=CARTESIAN_POINT('Origin',(-312.,-145.,35.));
#14922=CARTESIAN_POINT('',(-315.,-145.,30.5));
#14923=CARTESIAN_POINT('Origin',(-315.,-145.,35.));
#14924=CARTESIAN_POINT('',(-309.,-145.,30.5));
#14925=CARTESIAN_POINT('',(-312.,-145.,30.5));
#14926=CARTESIAN_POINT('Origin',(-309.,-145.,35.));
#14927=CARTESIAN_POINT('Origin',(-309.,-145.,35.));
#14928=CARTESIAN_POINT('Origin',(-315.,-145.,35.));
#14929=CARTESIAN_POINT('Origin',(-312.5,-134.,35.));
#14930=CARTESIAN_POINT('',(-312.5,-123.,30.));
#14931=CARTESIAN_POINT('',(-312.5,-123.,40.));
#14932=CARTESIAN_POINT('',(-312.5,-123.,35.));
#14933=CARTESIAN_POINT('',(-312.5,-145.,40.));
#14934=CARTESIAN_POINT('',(-312.5,-134.,40.));
#14935=CARTESIAN_POINT('',(-312.5,-145.,30.));
#14936=CARTESIAN_POINT('',(-312.5,-145.,35.));
#14937=CARTESIAN_POINT('',(-312.5,-134.,30.));
#14938=CARTESIAN_POINT('Origin',(-315.5,-134.,35.));
#14939=CARTESIAN_POINT('',(-315.5,-123.,40.));
#14940=CARTESIAN_POINT('',(-315.5,-123.,30.));
#14941=CARTESIAN_POINT('',(-315.5,-123.,35.));
#14942=CARTESIAN_POINT('',(-315.5,-145.,30.));
#14943=CARTESIAN_POINT('',(-315.5,-134.,30.));
#14944=CARTESIAN_POINT('',(-315.5,-145.,40.));
#14945=CARTESIAN_POINT('',(-315.5,-145.,35.));
#14946=CARTESIAN_POINT('',(-315.5,-134.,40.));
#14947=CARTESIAN_POINT('Origin',(-314.,-134.,30.));
#14948=CARTESIAN_POINT('',(-314.,-145.,30.));
#14949=CARTESIAN_POINT('',(-314.,-123.,30.));
#14950=CARTESIAN_POINT('Origin',(-314.,-145.,35.));
#14951=CARTESIAN_POINT('',(-314.,-145.,40.));
#14952=CARTESIAN_POINT('Origin',(-314.,-134.,40.));
#14953=CARTESIAN_POINT('',(-314.,-123.,40.));
#14954=CARTESIAN_POINT('Origin',(-314.,-123.,35.));
#14955=CARTESIAN_POINT('Origin',(-312.5,-150.5,44.5262794416288));
#14956=CARTESIAN_POINT('',(-312.5,-151.669872981078,56.5525588832577));
#14957=CARTESIAN_POINT('',(-312.5,-160.330127018922,51.5525588832577));
#14958=CARTESIAN_POINT('',(-312.5,-156.,54.0525588832577));
#14959=CARTESIAN_POINT('',(-312.5,-149.330127018922,32.5));
#14960=CARTESIAN_POINT('',(-312.5,-154.830127018922,42.0262794416288));
#14961=CARTESIAN_POINT('',(-312.5,-140.669872981078,37.5));
#14962=CARTESIAN_POINT('',(-312.5,-145.,35.));
#14963=CARTESIAN_POINT('',(-312.5,-146.169872981078,47.0262794416288));
#14964=CARTESIAN_POINT('Origin',(-315.5,-150.5,44.5262794416288));
#14965=CARTESIAN_POINT('',(-315.5,-160.330127018922,51.5525588832577));
#14966=CARTESIAN_POINT('',(-315.5,-151.669872981078,56.5525588832577));
#14967=CARTESIAN_POINT('',(-315.5,-156.,54.0525588832577));
#14968=CARTESIAN_POINT('',(-315.5,-140.669872981078,37.5));
#14969=CARTESIAN_POINT('',(-315.5,-146.169872981078,47.0262794416288));
#14970=CARTESIAN_POINT('',(-315.5,-149.330127018922,32.5));
#14971=CARTESIAN_POINT('',(-315.5,-145.,35.));
#14972=CARTESIAN_POINT('',(-315.5,-154.830127018922,42.0262794416288));
#14973=CARTESIAN_POINT('Origin',(-314.,-146.169872981078,47.0262794416288));
#14974=CARTESIAN_POINT('',(-314.,-140.669872981078,37.5));
#14975=CARTESIAN_POINT('',(-314.,-151.669872981078,56.5525588832577));
#14976=CARTESIAN_POINT('Origin',(-314.,-145.,35.));
#14977=CARTESIAN_POINT('',(-314.,-149.330127018922,32.5));
#14978=CARTESIAN_POINT('Origin',(-314.,-154.830127018922,42.0262794416288));
#14979=CARTESIAN_POINT('',(-314.,-160.330127018922,51.5525588832577));
#14980=CARTESIAN_POINT('Origin',(-314.,-156.,54.0525588832577));
#14981=CARTESIAN_POINT('Origin',(-312.5,-150.5,25.4737205583712));
#14982=CARTESIAN_POINT('',(-312.5,-160.330127018922,18.4474411167424));
#14983=CARTESIAN_POINT('',(-312.5,-151.669872981078,13.4474411167424));
#14984=CARTESIAN_POINT('',(-312.5,-156.,15.9474411167424));
#14985=CARTESIAN_POINT('',(-312.5,-140.669872981078,32.5));
#14986=CARTESIAN_POINT('',(-312.5,-146.169872981078,22.9737205583712));
#14987=CARTESIAN_POINT('',(-312.5,-149.330127018922,37.5));
#14988=CARTESIAN_POINT('',(-312.5,-145.,35.));
#14989=CARTESIAN_POINT('',(-312.5,-154.830127018922,27.9737205583712));
#14990=CARTESIAN_POINT('Origin',(-315.5,-150.5,25.4737205583712));
#14991=CARTESIAN_POINT('',(-315.5,-151.669872981078,13.4474411167424));
#14992=CARTESIAN_POINT('',(-315.5,-160.330127018922,18.4474411167424));
#14993=CARTESIAN_POINT('',(-315.5,-156.,15.9474411167424));
#14994=CARTESIAN_POINT('',(-315.5,-149.330127018922,37.5));
#14995=CARTESIAN_POINT('',(-315.5,-154.830127018922,27.9737205583712));
#14996=CARTESIAN_POINT('',(-315.5,-140.669872981078,32.5));
#14997=CARTESIAN_POINT('',(-315.5,-145.,35.));
#14998=CARTESIAN_POINT('',(-315.5,-146.169872981078,22.9737205583712));
#14999=CARTESIAN_POINT('Origin',(-314.,-154.830127018922,27.9737205583712));
#15000=CARTESIAN_POINT('',(-314.,-149.330127018922,37.5));
#15001=CARTESIAN_POINT('',(-314.,-160.330127018922,18.4474411167424));
#15002=CARTESIAN_POINT('Origin',(-314.,-145.,35.));
#15003=CARTESIAN_POINT('',(-314.,-140.669872981078,32.5));
#15004=CARTESIAN_POINT('Origin',(-314.,-146.169872981078,22.9737205583712));
#15005=CARTESIAN_POINT('',(-314.,-151.669872981078,13.4474411167424));
#15006=CARTESIAN_POINT('Origin',(-314.,-156.,15.9474411167424));
#15007=CARTESIAN_POINT('Origin',(-316.5,-145.,35.));
#15008=CARTESIAN_POINT('',(-318.,-145.,32.5));
#15009=CARTESIAN_POINT('Origin',(-318.,-145.,35.));
#15010=CARTESIAN_POINT('',(-315.,-145.,32.5));
#15011=CARTESIAN_POINT('',(-316.5,-145.,32.5));
#15012=CARTESIAN_POINT('Origin',(-315.,-145.,35.));
#15013=CARTESIAN_POINT('Origin',(-315.,-145.,35.));
#15014=CARTESIAN_POINT('Origin',(-318.,-145.,35.));
#15015=CARTESIAN_POINT('Origin',(-268.,-145.,72.));
#15016=CARTESIAN_POINT('',(-227.,-170.,72.));
#15017=CARTESIAN_POINT('',(-227.,-120.,72.));
#15018=CARTESIAN_POINT('',(-227.,-145.,72.));
#15019=CARTESIAN_POINT('',(-309.,-120.,72.));
#15020=CARTESIAN_POINT('',(-268.,-120.,72.));
#15021=CARTESIAN_POINT('',(-309.,-170.,72.));
#15022=CARTESIAN_POINT('',(-309.,-145.,72.));
#15023=CARTESIAN_POINT('',(-268.,-170.,72.));
#15024=CARTESIAN_POINT('Origin',(-268.,-145.,66.));
#15025=CARTESIAN_POINT('',(-227.,-120.,66.));
#15026=CARTESIAN_POINT('',(-227.,-170.,66.));
#15027=CARTESIAN_POINT('',(-227.,-145.,66.));
#15028=CARTESIAN_POINT('',(-309.,-170.,66.));
#15029=CARTESIAN_POINT('',(-268.,-170.,66.));
#15030=CARTESIAN_POINT('',(-309.,-120.,66.));
#15031=CARTESIAN_POINT('',(-309.,-145.,66.));
#15032=CARTESIAN_POINT('',(-268.,-120.,66.));
#15033=CARTESIAN_POINT('Origin',(-268.,-170.,69.));
#15034=CARTESIAN_POINT('',(-309.,-170.,69.));
#15035=CARTESIAN_POINT('',(-227.,-170.,69.));
#15036=CARTESIAN_POINT('Origin',(-309.,-145.,69.));
#15037=CARTESIAN_POINT('',(-309.,-120.,69.));
#15038=CARTESIAN_POINT('Origin',(-268.,-120.,69.));
#15039=CARTESIAN_POINT('',(-227.,-120.,69.));
#15040=CARTESIAN_POINT('Origin',(-227.,-145.,69.));
#15041=CARTESIAN_POINT('',(0.,0.,0.));
#15042=CARTESIAN_POINT('Origin',(205.,0.,72.));
#15043=CARTESIAN_POINT('',(199.,158.,72.));
#15044=CARTESIAN_POINT('Origin',(205.,158.,72.));
#15045=CARTESIAN_POINT('',(199.,-158.,72.));
#15046=CARTESIAN_POINT('',(199.,0.,72.));
#15047=CARTESIAN_POINT('Origin',(205.,-158.,72.));
#15048=CARTESIAN_POINT('Origin',(205.,-158.,72.));
#15049=CARTESIAN_POINT('Origin',(205.,158.,72.));
#15050=CARTESIAN_POINT('Origin',(205.,149.,72.));
#15051=CARTESIAN_POINT('',(193.,158.,72.));
#15052=CARTESIAN_POINT('Origin',(205.,158.,72.));
#15053=CARTESIAN_POINT('',(193.,140.,72.));
#15054=CARTESIAN_POINT('',(193.,149.,72.));
#15055=CARTESIAN_POINT('Origin',(205.,140.,72.));
#15056=CARTESIAN_POINT('Origin',(205.,140.,72.));
#15057=CARTESIAN_POINT('Origin',(205.,158.,72.));
#15058=CARTESIAN_POINT('Origin',(205.,-149.,72.));
#15059=CARTESIAN_POINT('',(193.,-158.,72.));
#15060=CARTESIAN_POINT('Origin',(205.,-158.,72.));
#15061=CARTESIAN_POINT('',(193.,-140.,72.));
#15062=CARTESIAN_POINT('',(193.,-149.,72.));
#15063=CARTESIAN_POINT('Origin',(205.,-140.,72.));
#15064=CARTESIAN_POINT('Origin',(205.,-140.,72.));
#15065=CARTESIAN_POINT('Origin',(205.,-158.,72.));
#15066=CARTESIAN_POINT('Origin',(205.,185.,72.));
#15067=CARTESIAN_POINT('',(186.5,210.,72.));
#15068=CARTESIAN_POINT('Origin',(205.,210.,72.));
#15069=CARTESIAN_POINT('',(186.5,160.,72.));
#15070=CARTESIAN_POINT('',(186.5,185.,72.));
#15071=CARTESIAN_POINT('Origin',(205.,160.,72.));
#15072=CARTESIAN_POINT('Origin',(205.,160.,72.));
#15073=CARTESIAN_POINT('Origin',(205.,210.,72.));
#15074=CARTESIAN_POINT('Origin',(205.,184.,104.5));
#15075=CARTESIAN_POINT('',(240.,154.,104.5));
#15076=CARTESIAN_POINT('',(240.,214.,104.5));
#15077=CARTESIAN_POINT('',(240.,184.,104.5));
#15078=CARTESIAN_POINT('',(170.,214.,104.5));
#15079=CARTESIAN_POINT('',(205.,214.,104.5));
#15080=CARTESIAN_POINT('',(170.,154.,104.5));
#15081=CARTESIAN_POINT('',(170.,184.,104.5));
#15082=CARTESIAN_POINT('',(205.,154.,104.5));
#15083=CARTESIAN_POINT('Origin',(205.,184.,99.5));
#15084=CARTESIAN_POINT('',(240.,214.,99.5));
#15085=CARTESIAN_POINT('',(240.,154.,99.5));
#15086=CARTESIAN_POINT('',(240.,184.,99.5));
#15087=CARTESIAN_POINT('',(170.,154.,99.5));
#15088=CARTESIAN_POINT('',(205.,154.,99.5));
#15089=CARTESIAN_POINT('',(170.,214.,99.5));
#15090=CARTESIAN_POINT('',(170.,184.,99.5));
#15091=CARTESIAN_POINT('',(205.,214.,99.5));
#15092=CARTESIAN_POINT('Origin',(205.,154.,102.));
#15093=CARTESIAN_POINT('',(170.,154.,102.));
#15094=CARTESIAN_POINT('',(240.,154.,102.));
#15095=CARTESIAN_POINT('Origin',(170.,184.,102.));
#15096=CARTESIAN_POINT('',(170.,214.,102.));
#15097=CARTESIAN_POINT('Origin',(205.,214.,102.));
#15098=CARTESIAN_POINT('',(240.,214.,102.));
#15099=CARTESIAN_POINT('Origin',(240.,184.,102.));
#15100=CARTESIAN_POINT('Origin',(205.,145.,119.5));
#15101=CARTESIAN_POINT('',(240.,141.,119.5));
#15102=CARTESIAN_POINT('',(240.,149.,119.5));
#15103=CARTESIAN_POINT('',(240.,145.,119.5));
#15104=CARTESIAN_POINT('',(170.,149.,119.5));
#15105=CARTESIAN_POINT('',(205.,149.,119.5));
#15106=CARTESIAN_POINT('',(170.,141.,119.5));
#15107=CARTESIAN_POINT('',(170.,145.,119.5));
#15108=CARTESIAN_POINT('',(205.,141.,119.5));
#15109=CARTESIAN_POINT('Origin',(205.,145.,64.5));
#15110=CARTESIAN_POINT('',(240.,149.,64.5));
#15111=CARTESIAN_POINT('',(240.,141.,64.5));
#15112=CARTESIAN_POINT('',(240.,145.,64.5));
#15113=CARTESIAN_POINT('',(170.,141.,64.5));
#15114=CARTESIAN_POINT('',(205.,141.,64.5));
#15115=CARTESIAN_POINT('',(170.,149.,64.5));
#15116=CARTESIAN_POINT('',(170.,145.,64.5));
#15117=CARTESIAN_POINT('',(205.,149.,64.5));
#15118=CARTESIAN_POINT('Origin',(205.,141.,92.));
#15119=CARTESIAN_POINT('',(170.,141.,92.));
#15120=CARTESIAN_POINT('',(240.,141.,92.));
#15121=CARTESIAN_POINT('Origin',(170.,145.,92.));
#15122=CARTESIAN_POINT('',(170.,149.,92.));
#15123=CARTESIAN_POINT('Origin',(205.,149.,92.));
#15124=CARTESIAN_POINT('',(240.,149.,92.));
#15125=CARTESIAN_POINT('Origin',(240.,145.,92.));
#15126=CARTESIAN_POINT('Origin',(205.,-145.,119.5));
#15127=CARTESIAN_POINT('',(240.,-149.,119.5));
#15128=CARTESIAN_POINT('',(240.,-141.,119.5));
#15129=CARTESIAN_POINT('',(240.,-145.,119.5));
#15130=CARTESIAN_POINT('',(170.,-141.,119.5));
#15131=CARTESIAN_POINT('',(205.,-141.,119.5));
#15132=CARTESIAN_POINT('',(170.,-149.,119.5));
#15133=CARTESIAN_POINT('',(170.,-145.,119.5));
#15134=CARTESIAN_POINT('',(205.,-149.,119.5));
#15135=CARTESIAN_POINT('Origin',(205.,-145.,64.5));
#15136=CARTESIAN_POINT('',(240.,-141.,64.5));
#15137=CARTESIAN_POINT('',(240.,-149.,64.5));
#15138=CARTESIAN_POINT('',(240.,-145.,64.5));
#15139=CARTESIAN_POINT('',(170.,-149.,64.5));
#15140=CARTESIAN_POINT('',(205.,-149.,64.5));
#15141=CARTESIAN_POINT('',(170.,-141.,64.5));
#15142=CARTESIAN_POINT('',(170.,-145.,64.5));
#15143=CARTESIAN_POINT('',(205.,-141.,64.5));
#15144=CARTESIAN_POINT('Origin',(205.,-149.,92.));
#15145=CARTESIAN_POINT('',(170.,-149.,92.));
#15146=CARTESIAN_POINT('',(240.,-149.,92.));
#15147=CARTESIAN_POINT('Origin',(170.,-145.,92.));
#15148=CARTESIAN_POINT('',(170.,-141.,92.));
#15149=CARTESIAN_POINT('Origin',(205.,-141.,92.));
#15150=CARTESIAN_POINT('',(240.,-141.,92.));
#15151=CARTESIAN_POINT('Origin',(240.,-145.,92.));
#15152=CARTESIAN_POINT('Origin',(229.367614387107,132.,69.7589401283047));
#15153=CARTESIAN_POINT('',(251.921255156935,128.,61.5532538056651));
#15154=CARTESIAN_POINT('',(251.921255156935,136.,61.5532538056651));
#15155=CARTESIAN_POINT('',(251.921255156935,132.,61.5532538056651));
#15156=CARTESIAN_POINT('',(206.813973617279,136.,77.9646264509442));
#15157=CARTESIAN_POINT('',(229.367614387107,136.,69.7589401283047));
#15158=CARTESIAN_POINT('',(206.813973617279,128.,77.9646264509442));
#15159=CARTESIAN_POINT('',(206.813973617279,132.,77.9646264509442));
#15160=CARTESIAN_POINT('',(229.367614387107,128.,69.7589401283047));
#15161=CARTESIAN_POINT('Origin',(226.632385612893,132.,62.2410598716953));
#15162=CARTESIAN_POINT('',(249.186026382721,136.,54.0353735490558));
#15163=CARTESIAN_POINT('',(249.186026382721,128.,54.0353735490558));
#15164=CARTESIAN_POINT('',(249.186026382721,132.,54.0353735490558));
#15165=CARTESIAN_POINT('',(204.078744843065,128.,70.4467461943349));
#15166=CARTESIAN_POINT('',(226.632385612893,128.,62.2410598716953));
#15167=CARTESIAN_POINT('',(204.078744843065,136.,70.4467461943349));
#15168=CARTESIAN_POINT('',(204.078744843065,132.,70.4467461943349));
#15169=CARTESIAN_POINT('',(226.632385612893,136.,62.2410598716953));
#15170=CARTESIAN_POINT('Origin',(228.,128.,66.));
#15171=CARTESIAN_POINT('',(205.446359230172,128.,74.2056863226395));
#15172=CARTESIAN_POINT('',(250.553640769828,128.,57.7943136773605));
#15173=CARTESIAN_POINT('Origin',(205.446359230172,132.,74.2056863226395));
#15174=CARTESIAN_POINT('',(205.446359230172,136.,74.2056863226395));
#15175=CARTESIAN_POINT('Origin',(228.,136.,66.));
#15176=CARTESIAN_POINT('',(250.553640769828,136.,57.7943136773605));
#15177=CARTESIAN_POINT('Origin',(250.553640769828,132.,57.7943136773605));
#15178=CARTESIAN_POINT('Origin',(229.367614387107,-132.,69.7589401283047));
#15179=CARTESIAN_POINT('',(251.921255156935,-136.,61.5532538056651));
#15180=CARTESIAN_POINT('',(251.921255156935,-128.,61.5532538056651));
#15181=CARTESIAN_POINT('',(251.921255156935,-132.,61.5532538056651));
#15182=CARTESIAN_POINT('',(206.813973617279,-128.,77.9646264509442));
#15183=CARTESIAN_POINT('',(229.367614387107,-128.,69.7589401283047));
#15184=CARTESIAN_POINT('',(206.813973617279,-136.,77.9646264509442));
#15185=CARTESIAN_POINT('',(206.813973617279,-132.,77.9646264509442));
#15186=CARTESIAN_POINT('',(229.367614387107,-136.,69.7589401283047));
#15187=CARTESIAN_POINT('Origin',(226.632385612893,-132.,62.2410598716953));
#15188=CARTESIAN_POINT('',(249.186026382721,-128.,54.0353735490558));
#15189=CARTESIAN_POINT('',(249.186026382721,-136.,54.0353735490558));
#15190=CARTESIAN_POINT('',(249.186026382721,-132.,54.0353735490558));
#15191=CARTESIAN_POINT('',(204.078744843065,-136.,70.4467461943349));
#15192=CARTESIAN_POINT('',(226.632385612893,-136.,62.2410598716953));
#15193=CARTESIAN_POINT('',(204.078744843065,-128.,70.4467461943349));
#15194=CARTESIAN_POINT('',(204.078744843065,-132.,70.4467461943349));
#15195=CARTESIAN_POINT('',(226.632385612893,-128.,62.2410598716953));
#15196=CARTESIAN_POINT('Origin',(228.,-136.,66.));
#15197=CARTESIAN_POINT('',(205.446359230172,-136.,74.2056863226395));
#15198=CARTESIAN_POINT('',(250.553640769828,-136.,57.7943136773605));
#15199=CARTESIAN_POINT('Origin',(205.446359230172,-132.,74.2056863226395));
#15200=CARTESIAN_POINT('',(205.446359230172,-128.,74.2056863226395));
#15201=CARTESIAN_POINT('Origin',(228.,-128.,66.));
#15202=CARTESIAN_POINT('',(250.553640769828,-128.,57.7943136773605));
#15203=CARTESIAN_POINT('Origin',(250.553640769828,-132.,57.7943136773605));
#15204=CARTESIAN_POINT('',(0.,0.,0.));
#15205=CARTESIAN_POINT('Origin',(-20.,0.,252.5));
#15206=CARTESIAN_POINT('',(137.,-127.,252.5));
#15207=CARTESIAN_POINT('',(137.,127.,252.5));
#15208=CARTESIAN_POINT('',(137.,0.,252.5));
#15209=CARTESIAN_POINT('',(-177.,127.,252.5));
#15210=CARTESIAN_POINT('',(-20.,127.,252.5));
#15211=CARTESIAN_POINT('',(-177.,-127.,252.5));
#15212=CARTESIAN_POINT('',(-177.,0.,252.5));
#15213=CARTESIAN_POINT('',(-20.,-127.,252.5));
#15214=CARTESIAN_POINT('Origin',(-20.,0.,247.5));
#15215=CARTESIAN_POINT('',(137.,127.,247.5));
#15216=CARTESIAN_POINT('',(137.,-127.,247.5));
#15217=CARTESIAN_POINT('',(137.,0.,247.5));
#15218=CARTESIAN_POINT('',(-177.,-127.,247.5));
#15219=CARTESIAN_POINT('',(-20.,-127.,247.5));
#15220=CARTESIAN_POINT('',(-177.,127.,247.5));
#15221=CARTESIAN_POINT('',(-177.,0.,247.5));
#15222=CARTESIAN_POINT('',(-20.,127.,247.5));
#15223=CARTESIAN_POINT('Origin',(-20.,-127.,250.));
#15224=CARTESIAN_POINT('',(-177.,-127.,250.));
#15225=CARTESIAN_POINT('',(137.,-127.,250.));
#15226=CARTESIAN_POINT('Origin',(-177.,0.,250.));
#15227=CARTESIAN_POINT('',(-177.,127.,250.));
#15228=CARTESIAN_POINT('Origin',(-20.,127.,250.));
#15229=CARTESIAN_POINT('',(137.,127.,250.));
#15230=CARTESIAN_POINT('Origin',(137.,0.,250.));
#15231=CARTESIAN_POINT('Origin',(-20.,124.5,250.));
#15232=CARTESIAN_POINT('',(132.,122.,250.));
#15233=CARTESIAN_POINT('',(132.,127.,250.));
#15234=CARTESIAN_POINT('',(132.,124.5,250.));
#15235=CARTESIAN_POINT('',(-172.,127.,250.));
#15236=CARTESIAN_POINT('',(-20.,127.,250.));
#15237=CARTESIAN_POINT('',(-172.,122.,250.));
#15238=CARTESIAN_POINT('',(-172.,124.5,250.));
#15239=CARTESIAN_POINT('',(-20.,122.,250.));
#15240=CARTESIAN_POINT('Origin',(-20.,124.5,190.));
#15241=CARTESIAN_POINT('',(132.,127.,190.));
#15242=CARTESIAN_POINT('',(132.,122.,190.));
#15243=CARTESIAN_POINT('',(132.,124.5,190.));
#15244=CARTESIAN_POINT('',(-172.,122.,190.));
#15245=CARTESIAN_POINT('',(-20.,122.,190.));
#15246=CARTESIAN_POINT('',(-172.,127.,190.));
#15247=CARTESIAN_POINT('',(-172.,124.5,190.));
#15248=CARTESIAN_POINT('',(-20.,127.,190.));
#15249=CARTESIAN_POINT('Origin',(-20.,122.,220.));
#15250=CARTESIAN_POINT('',(-172.,122.,220.));
#15251=CARTESIAN_POINT('',(132.,122.,220.));
#15252=CARTESIAN_POINT('Origin',(-172.,124.5,220.));
#15253=CARTESIAN_POINT('',(-172.,127.,220.));
#15254=CARTESIAN_POINT('Origin',(-20.,127.,220.));
#15255=CARTESIAN_POINT('',(132.,127.,220.));
#15256=CARTESIAN_POINT('Origin',(132.,124.5,220.));
#15257=CARTESIAN_POINT('Origin',(-20.,-124.5,250.));
#15258=CARTESIAN_POINT('',(132.,-127.,250.));
#15259=CARTESIAN_POINT('',(132.,-122.,250.));
#15260=CARTESIAN_POINT('',(132.,-124.5,250.));
#15261=CARTESIAN_POINT('',(-172.,-122.,250.));
#15262=CARTESIAN_POINT('',(-20.,-122.,250.));
#15263=CARTESIAN_POINT('',(-172.,-127.,250.));
#15264=CARTESIAN_POINT('',(-172.,-124.5,250.));
#15265=CARTESIAN_POINT('',(-20.,-127.,250.));
#15266=CARTESIAN_POINT('Origin',(-20.,-124.5,190.));
#15267=CARTESIAN_POINT('',(132.,-122.,190.));
#15268=CARTESIAN_POINT('',(132.,-127.,190.));
#15269=CARTESIAN_POINT('',(132.,-124.5,190.));
#15270=CARTESIAN_POINT('',(-172.,-127.,190.));
#15271=CARTESIAN_POINT('',(-20.,-127.,190.));
#15272=CARTESIAN_POINT('',(-172.,-122.,190.));
#15273=CARTESIAN_POINT('',(-172.,-124.5,190.));
#15274=CARTESIAN_POINT('',(-20.,-122.,190.));
#15275=CARTESIAN_POINT('Origin',(-20.,-127.,220.));
#15276=CARTESIAN_POINT('',(-172.,-127.,220.));
#15277=CARTESIAN_POINT('',(132.,-127.,220.));
#15278=CARTESIAN_POINT('Origin',(-172.,-124.5,220.));
#15279=CARTESIAN_POINT('',(-172.,-122.,220.));
#15280=CARTESIAN_POINT('Origin',(-20.,-122.,220.));
#15281=CARTESIAN_POINT('',(132.,-122.,220.));
#15282=CARTESIAN_POINT('Origin',(132.,-124.5,220.));
#15283=CARTESIAN_POINT('Origin',(-174.5,0.,250.));
#15284=CARTESIAN_POINT('',(-172.,-122.,250.));
#15285=CARTESIAN_POINT('',(-172.,122.,250.));
#15286=CARTESIAN_POINT('',(-172.,0.,250.));
#15287=CARTESIAN_POINT('',(-177.,122.,250.));
#15288=CARTESIAN_POINT('',(-174.5,122.,250.));
#15289=CARTESIAN_POINT('',(-177.,-122.,250.));
#15290=CARTESIAN_POINT('',(-177.,0.,250.));
#15291=CARTESIAN_POINT('',(-174.5,-122.,250.));
#15292=CARTESIAN_POINT('Origin',(-174.5,0.,190.));
#15293=CARTESIAN_POINT('',(-172.,122.,190.));
#15294=CARTESIAN_POINT('',(-172.,-122.,190.));
#15295=CARTESIAN_POINT('',(-172.,0.,190.));
#15296=CARTESIAN_POINT('',(-177.,-122.,190.));
#15297=CARTESIAN_POINT('',(-174.5,-122.,190.));
#15298=CARTESIAN_POINT('',(-177.,122.,190.));
#15299=CARTESIAN_POINT('',(-177.,0.,190.));
#15300=CARTESIAN_POINT('',(-174.5,122.,190.));
#15301=CARTESIAN_POINT('Origin',(-174.5,-122.,220.));
#15302=CARTESIAN_POINT('',(-177.,-122.,220.));
#15303=CARTESIAN_POINT('',(-172.,-122.,220.));
#15304=CARTESIAN_POINT('Origin',(-177.,0.,220.));
#15305=CARTESIAN_POINT('',(-177.,122.,220.));
#15306=CARTESIAN_POINT('Origin',(-174.5,122.,220.));
#15307=CARTESIAN_POINT('',(-172.,122.,220.));
#15308=CARTESIAN_POINT('Origin',(-172.,0.,220.));
#15309=CARTESIAN_POINT('Origin',(134.5,91.,250.));
#15310=CARTESIAN_POINT('',(137.,60.,250.));
#15311=CARTESIAN_POINT('',(137.,122.,250.));
#15312=CARTESIAN_POINT('',(137.,91.,250.));
#15313=CARTESIAN_POINT('',(132.,122.,250.));
#15314=CARTESIAN_POINT('',(134.5,122.,250.));
#15315=CARTESIAN_POINT('',(132.,60.,250.));
#15316=CARTESIAN_POINT('',(132.,91.,250.));
#15317=CARTESIAN_POINT('',(134.5,60.,250.));
#15318=CARTESIAN_POINT('Origin',(134.5,91.,190.));
#15319=CARTESIAN_POINT('',(137.,122.,190.));
#15320=CARTESIAN_POINT('',(137.,60.,190.));
#15321=CARTESIAN_POINT('',(137.,91.,190.));
#15322=CARTESIAN_POINT('',(132.,60.,190.));
#15323=CARTESIAN_POINT('',(134.5,60.,190.));
#15324=CARTESIAN_POINT('',(132.,122.,190.));
#15325=CARTESIAN_POINT('',(132.,91.,190.));
#15326=CARTESIAN_POINT('',(134.5,122.,190.));
#15327=CARTESIAN_POINT('Origin',(134.5,60.,220.));
#15328=CARTESIAN_POINT('',(132.,60.,220.));
#15329=CARTESIAN_POINT('',(137.,60.,220.));
#15330=CARTESIAN_POINT('Origin',(132.,91.,220.));
#15331=CARTESIAN_POINT('',(132.,122.,220.));
#15332=CARTESIAN_POINT('Origin',(134.5,122.,220.));
#15333=CARTESIAN_POINT('',(137.,122.,220.));
#15334=CARTESIAN_POINT('Origin',(137.,91.,220.));
#15335=CARTESIAN_POINT('Origin',(134.5,-91.,250.));
#15336=CARTESIAN_POINT('',(137.,-122.,250.));
#15337=CARTESIAN_POINT('',(137.,-60.,250.));
#15338=CARTESIAN_POINT('',(137.,-91.,250.));
#15339=CARTESIAN_POINT('',(132.,-60.,250.));
#15340=CARTESIAN_POINT('',(134.5,-60.,250.));
#15341=CARTESIAN_POINT('',(132.,-122.,250.));
#15342=CARTESIAN_POINT('',(132.,-91.,250.));
#15343=CARTESIAN_POINT('',(134.5,-122.,250.));
#15344=CARTESIAN_POINT('Origin',(134.5,-91.,190.));
#15345=CARTESIAN_POINT('',(137.,-60.,190.));
#15346=CARTESIAN_POINT('',(137.,-122.,190.));
#15347=CARTESIAN_POINT('',(137.,-91.,190.));
#15348=CARTESIAN_POINT('',(132.,-122.,190.));
#15349=CARTESIAN_POINT('',(134.5,-122.,190.));
#15350=CARTESIAN_POINT('',(132.,-60.,190.));
#15351=CARTESIAN_POINT('',(132.,-91.,190.));
#15352=CARTESIAN_POINT('',(134.5,-60.,190.));
#15353=CARTESIAN_POINT('Origin',(134.5,-122.,220.));
#15354=CARTESIAN_POINT('',(132.,-122.,220.));
#15355=CARTESIAN_POINT('',(137.,-122.,220.));
#15356=CARTESIAN_POINT('Origin',(132.,-91.,220.));
#15357=CARTESIAN_POINT('',(132.,-60.,220.));
#15358=CARTESIAN_POINT('Origin',(134.5,-60.,220.));
#15359=CARTESIAN_POINT('',(137.,-60.,220.));
#15360=CARTESIAN_POINT('Origin',(137.,-91.,220.));
#15361=CARTESIAN_POINT('Origin',(-155.,-135.,192.));
#15362=CARTESIAN_POINT('',(-156.7,-135.,190.));
#15363=CARTESIAN_POINT('Origin',(-155.,-135.,190.));
#15364=CARTESIAN_POINT('',(-156.7,-135.,194.));
#15365=CARTESIAN_POINT('',(-156.7,-135.,192.));
#15366=CARTESIAN_POINT('Origin',(-155.,-135.,194.));
#15367=CARTESIAN_POINT('Origin',(-155.,-135.,194.));
#15368=CARTESIAN_POINT('',(-139.,-147.,194.));
#15369=CARTESIAN_POINT('',(-139.,-123.,194.));
#15370=CARTESIAN_POINT('',(-139.,-135.,194.));
#15371=CARTESIAN_POINT('',(-171.,-123.,194.));
#15372=CARTESIAN_POINT('',(-155.,-123.,194.));
#15373=CARTESIAN_POINT('',(-171.,-147.,194.));
#15374=CARTESIAN_POINT('',(-171.,-135.,194.));
#15375=CARTESIAN_POINT('',(-155.,-147.,194.));
#15376=CARTESIAN_POINT('Origin',(-155.,-135.,190.));
#15377=CARTESIAN_POINT('',(-139.,-123.,190.));
#15378=CARTESIAN_POINT('',(-139.,-147.,190.));
#15379=CARTESIAN_POINT('',(-139.,-135.,190.));
#15380=CARTESIAN_POINT('',(-171.,-147.,190.));
#15381=CARTESIAN_POINT('',(-155.,-147.,190.));
#15382=CARTESIAN_POINT('',(-171.,-123.,190.));
#15383=CARTESIAN_POINT('',(-171.,-135.,190.));
#15384=CARTESIAN_POINT('',(-155.,-123.,190.));
#15385=CARTESIAN_POINT('Origin',(-155.,-147.,192.));
#15386=CARTESIAN_POINT('',(-171.,-147.,192.));
#15387=CARTESIAN_POINT('',(-139.,-147.,192.));
#15388=CARTESIAN_POINT('Origin',(-171.,-135.,192.));
#15389=CARTESIAN_POINT('',(-171.,-123.,192.));
#15390=CARTESIAN_POINT('Origin',(-155.,-123.,192.));
#15391=CARTESIAN_POINT('',(-139.,-123.,192.));
#15392=CARTESIAN_POINT('Origin',(-139.,-135.,192.));
#15393=CARTESIAN_POINT('Origin',(-155.,135.,192.));
#15394=CARTESIAN_POINT('',(-156.7,135.,190.));
#15395=CARTESIAN_POINT('Origin',(-155.,135.,190.));
#15396=CARTESIAN_POINT('',(-156.7,135.,194.));
#15397=CARTESIAN_POINT('',(-156.7,135.,192.));
#15398=CARTESIAN_POINT('Origin',(-155.,135.,194.));
#15399=CARTESIAN_POINT('Origin',(-155.,135.,194.));
#15400=CARTESIAN_POINT('',(-139.,123.,194.));
#15401=CARTESIAN_POINT('',(-139.,147.,194.));
#15402=CARTESIAN_POINT('',(-139.,135.,194.));
#15403=CARTESIAN_POINT('',(-171.,147.,194.));
#15404=CARTESIAN_POINT('',(-155.,147.,194.));
#15405=CARTESIAN_POINT('',(-171.,123.,194.));
#15406=CARTESIAN_POINT('',(-171.,135.,194.));
#15407=CARTESIAN_POINT('',(-155.,123.,194.));
#15408=CARTESIAN_POINT('Origin',(-155.,135.,190.));
#15409=CARTESIAN_POINT('',(-139.,147.,190.));
#15410=CARTESIAN_POINT('',(-139.,123.,190.));
#15411=CARTESIAN_POINT('',(-139.,135.,190.));
#15412=CARTESIAN_POINT('',(-171.,123.,190.));
#15413=CARTESIAN_POINT('',(-155.,123.,190.));
#15414=CARTESIAN_POINT('',(-171.,147.,190.));
#15415=CARTESIAN_POINT('',(-171.,135.,190.));
#15416=CARTESIAN_POINT('',(-155.,147.,190.));
#15417=CARTESIAN_POINT('Origin',(-155.,123.,192.));
#15418=CARTESIAN_POINT('',(-171.,123.,192.));
#15419=CARTESIAN_POINT('',(-139.,123.,192.));
#15420=CARTESIAN_POINT('Origin',(-171.,135.,192.));
#15421=CARTESIAN_POINT('',(-171.,147.,192.));
#15422=CARTESIAN_POINT('Origin',(-155.,147.,192.));
#15423=CARTESIAN_POINT('',(-139.,147.,192.));
#15424=CARTESIAN_POINT('Origin',(-139.,135.,192.));
#15425=CARTESIAN_POINT('Origin',(115.,-135.,192.));
#15426=CARTESIAN_POINT('',(113.3,-135.,190.));
#15427=CARTESIAN_POINT('Origin',(115.,-135.,190.));
#15428=CARTESIAN_POINT('',(113.3,-135.,194.));
#15429=CARTESIAN_POINT('',(113.3,-135.,192.));
#15430=CARTESIAN_POINT('Origin',(115.,-135.,194.));
#15431=CARTESIAN_POINT('Origin',(115.,-135.,194.));
#15432=CARTESIAN_POINT('',(131.,-147.,194.));
#15433=CARTESIAN_POINT('',(131.,-123.,194.));
#15434=CARTESIAN_POINT('',(131.,-135.,194.));
#15435=CARTESIAN_POINT('',(99.,-123.,194.));
#15436=CARTESIAN_POINT('',(115.,-123.,194.));
#15437=CARTESIAN_POINT('',(99.,-147.,194.));
#15438=CARTESIAN_POINT('',(99.,-135.,194.));
#15439=CARTESIAN_POINT('',(115.,-147.,194.));
#15440=CARTESIAN_POINT('Origin',(115.,-135.,190.));
#15441=CARTESIAN_POINT('',(131.,-123.,190.));
#15442=CARTESIAN_POINT('',(131.,-147.,190.));
#15443=CARTESIAN_POINT('',(131.,-135.,190.));
#15444=CARTESIAN_POINT('',(99.,-147.,190.));
#15445=CARTESIAN_POINT('',(115.,-147.,190.));
#15446=CARTESIAN_POINT('',(99.,-123.,190.));
#15447=CARTESIAN_POINT('',(99.,-135.,190.));
#15448=CARTESIAN_POINT('',(115.,-123.,190.));
#15449=CARTESIAN_POINT('Origin',(115.,-147.,192.));
#15450=CARTESIAN_POINT('',(99.,-147.,192.));
#15451=CARTESIAN_POINT('',(131.,-147.,192.));
#15452=CARTESIAN_POINT('Origin',(99.,-135.,192.));
#15453=CARTESIAN_POINT('',(99.,-123.,192.));
#15454=CARTESIAN_POINT('Origin',(115.,-123.,192.));
#15455=CARTESIAN_POINT('',(131.,-123.,192.));
#15456=CARTESIAN_POINT('Origin',(131.,-135.,192.));
#15457=CARTESIAN_POINT('Origin',(115.,135.,192.));
#15458=CARTESIAN_POINT('',(113.3,135.,190.));
#15459=CARTESIAN_POINT('Origin',(115.,135.,190.));
#15460=CARTESIAN_POINT('',(113.3,135.,194.));
#15461=CARTESIAN_POINT('',(113.3,135.,192.));
#15462=CARTESIAN_POINT('Origin',(115.,135.,194.));
#15463=CARTESIAN_POINT('Origin',(115.,135.,194.));
#15464=CARTESIAN_POINT('',(131.,123.,194.));
#15465=CARTESIAN_POINT('',(131.,147.,194.));
#15466=CARTESIAN_POINT('',(131.,135.,194.));
#15467=CARTESIAN_POINT('',(99.,147.,194.));
#15468=CARTESIAN_POINT('',(115.,147.,194.));
#15469=CARTESIAN_POINT('',(99.,123.,194.));
#15470=CARTESIAN_POINT('',(99.,135.,194.));
#15471=CARTESIAN_POINT('',(115.,123.,194.));
#15472=CARTESIAN_POINT('Origin',(115.,135.,190.));
#15473=CARTESIAN_POINT('',(131.,147.,190.));
#15474=CARTESIAN_POINT('',(131.,123.,190.));
#15475=CARTESIAN_POINT('',(131.,135.,190.));
#15476=CARTESIAN_POINT('',(99.,123.,190.));
#15477=CARTESIAN_POINT('',(115.,123.,190.));
#15478=CARTESIAN_POINT('',(99.,147.,190.));
#15479=CARTESIAN_POINT('',(99.,135.,190.));
#15480=CARTESIAN_POINT('',(115.,147.,190.));
#15481=CARTESIAN_POINT('Origin',(115.,123.,192.));
#15482=CARTESIAN_POINT('',(99.,123.,192.));
#15483=CARTESIAN_POINT('',(131.,123.,192.));
#15484=CARTESIAN_POINT('Origin',(99.,135.,192.));
#15485=CARTESIAN_POINT('',(99.,147.,192.));
#15486=CARTESIAN_POINT('Origin',(115.,147.,192.));
#15487=CARTESIAN_POINT('',(131.,147.,192.));
#15488=CARTESIAN_POINT('Origin',(131.,135.,192.));
#15489=CARTESIAN_POINT('Origin',(-20.,0.,267.5));
#15490=CARTESIAN_POINT('',(35.,-35.,267.5));
#15491=CARTESIAN_POINT('',(35.,35.,267.5));
#15492=CARTESIAN_POINT('',(35.,0.,267.5));
#15493=CARTESIAN_POINT('',(-75.,35.,267.5));
#15494=CARTESIAN_POINT('',(-20.,35.,267.5));
#15495=CARTESIAN_POINT('',(-75.,-35.,267.5));
#15496=CARTESIAN_POINT('',(-75.,0.,267.5));
#15497=CARTESIAN_POINT('',(-20.,-35.,267.5));
#15498=CARTESIAN_POINT('Origin',(-20.,0.,252.5));
#15499=CARTESIAN_POINT('',(35.,35.,252.5));
#15500=CARTESIAN_POINT('',(35.,-35.,252.5));
#15501=CARTESIAN_POINT('',(35.,0.,252.5));
#15502=CARTESIAN_POINT('',(-75.,-35.,252.5));
#15503=CARTESIAN_POINT('',(-20.,-35.,252.5));
#15504=CARTESIAN_POINT('',(-75.,35.,252.5));
#15505=CARTESIAN_POINT('',(-75.,0.,252.5));
#15506=CARTESIAN_POINT('',(-20.,35.,252.5));
#15507=CARTESIAN_POINT('Origin',(-20.,-35.,260.));
#15508=CARTESIAN_POINT('',(-75.,-35.,260.));
#15509=CARTESIAN_POINT('',(35.,-35.,260.));
#15510=CARTESIAN_POINT('Origin',(-75.,0.,260.));
#15511=CARTESIAN_POINT('',(-75.,35.,260.));
#15512=CARTESIAN_POINT('Origin',(-20.,35.,260.));
#15513=CARTESIAN_POINT('',(35.,35.,260.));
#15514=CARTESIAN_POINT('Origin',(35.,0.,260.));
#15515=CARTESIAN_POINT('',(0.,0.,0.));
#15516=CARTESIAN_POINT('Origin',(-155.,-135.,111.));
#15517=CARTESIAN_POINT('',(-156.7,-135.,109.));
#15518=CARTESIAN_POINT('Origin',(-155.,-135.,109.));
#15519=CARTESIAN_POINT('',(-156.7,-135.,113.));
#15520=CARTESIAN_POINT('',(-156.7,-135.,111.));
#15521=CARTESIAN_POINT('Origin',(-155.,-135.,113.));
#15522=CARTESIAN_POINT('Origin',(-155.,-135.,113.));
#15523=CARTESIAN_POINT('',(-142.,-148.,113.));
#15524=CARTESIAN_POINT('',(-142.,-122.,113.));
#15525=CARTESIAN_POINT('',(-142.,-135.,113.));
#15526=CARTESIAN_POINT('',(-168.,-122.,113.));
#15527=CARTESIAN_POINT('',(-155.,-122.,113.));
#15528=CARTESIAN_POINT('',(-168.,-148.,113.));
#15529=CARTESIAN_POINT('',(-168.,-135.,113.));
#15530=CARTESIAN_POINT('',(-155.,-148.,113.));
#15531=CARTESIAN_POINT('Origin',(-155.,-135.,109.));
#15532=CARTESIAN_POINT('',(-142.,-122.,109.));
#15533=CARTESIAN_POINT('',(-142.,-148.,109.));
#15534=CARTESIAN_POINT('',(-142.,-135.,109.));
#15535=CARTESIAN_POINT('',(-168.,-148.,109.));
#15536=CARTESIAN_POINT('',(-155.,-148.,109.));
#15537=CARTESIAN_POINT('',(-168.,-122.,109.));
#15538=CARTESIAN_POINT('',(-168.,-135.,109.));
#15539=CARTESIAN_POINT('',(-155.,-122.,109.));
#15540=CARTESIAN_POINT('Origin',(-155.,-148.,111.));
#15541=CARTESIAN_POINT('',(-168.,-148.,111.));
#15542=CARTESIAN_POINT('',(-142.,-148.,111.));
#15543=CARTESIAN_POINT('Origin',(-168.,-135.,111.));
#15544=CARTESIAN_POINT('',(-168.,-122.,111.));
#15545=CARTESIAN_POINT('Origin',(-155.,-122.,111.));
#15546=CARTESIAN_POINT('',(-142.,-122.,111.));
#15547=CARTESIAN_POINT('Origin',(-142.,-135.,111.));
#15548=CARTESIAN_POINT('Origin',(-155.,-135.,151.5));
#15549=CARTESIAN_POINT('',(-156.7,-135.,113.));
#15550=CARTESIAN_POINT('Origin',(-155.,-135.,113.));
#15551=CARTESIAN_POINT('',(-156.7,-135.,190.));
#15552=CARTESIAN_POINT('',(-156.7,-135.,151.5));
#15553=CARTESIAN_POINT('Origin',(-155.,-135.,190.));
#15554=CARTESIAN_POINT('Origin',(-155.,-135.,151.5));
#15555=CARTESIAN_POINT('',(-162.,-135.,190.));
#15556=CARTESIAN_POINT('Origin',(-155.,-135.,190.));
#15557=CARTESIAN_POINT('',(-162.,-135.,113.));
#15558=CARTESIAN_POINT('',(-162.,-135.,151.5));
#15559=CARTESIAN_POINT('Origin',(-155.,-135.,113.));
#15560=CARTESIAN_POINT('Origin',(-155.,-135.,113.));
#15561=CARTESIAN_POINT('Origin',(-155.,-135.,190.));
#15562=CARTESIAN_POINT('Origin',(-155.,-135.,187.));
#15563=CARTESIAN_POINT('',(-156.7,-135.,184.));
#15564=CARTESIAN_POINT('Origin',(-155.,-135.,184.));
#15565=CARTESIAN_POINT('',(-156.7,-135.,190.));
#15566=CARTESIAN_POINT('',(-156.7,-135.,187.));
#15567=CARTESIAN_POINT('Origin',(-155.,-135.,190.));
#15568=CARTESIAN_POINT('Origin',(-155.,-135.,187.));
#15569=CARTESIAN_POINT('',(-165.,-135.,190.));
#15570=CARTESIAN_POINT('Origin',(-155.,-135.,190.));
#15571=CARTESIAN_POINT('',(-165.,-135.,184.));
#15572=CARTESIAN_POINT('',(-165.,-135.,187.));
#15573=CARTESIAN_POINT('Origin',(-155.,-135.,184.));
#15574=CARTESIAN_POINT('Origin',(-155.,-135.,184.));
#15575=CARTESIAN_POINT('Origin',(-155.,-135.,190.));
#15576=CARTESIAN_POINT('Origin',(-155.,135.,111.));
#15577=CARTESIAN_POINT('',(-156.7,135.,109.));
#15578=CARTESIAN_POINT('Origin',(-155.,135.,109.));
#15579=CARTESIAN_POINT('',(-156.7,135.,113.));
#15580=CARTESIAN_POINT('',(-156.7,135.,111.));
#15581=CARTESIAN_POINT('Origin',(-155.,135.,113.));
#15582=CARTESIAN_POINT('Origin',(-155.,135.,113.));
#15583=CARTESIAN_POINT('',(-142.,122.,113.));
#15584=CARTESIAN_POINT('',(-142.,148.,113.));
#15585=CARTESIAN_POINT('',(-142.,135.,113.));
#15586=CARTESIAN_POINT('',(-168.,148.,113.));
#15587=CARTESIAN_POINT('',(-155.,148.,113.));
#15588=CARTESIAN_POINT('',(-168.,122.,113.));
#15589=CARTESIAN_POINT('',(-168.,135.,113.));
#15590=CARTESIAN_POINT('',(-155.,122.,113.));
#15591=CARTESIAN_POINT('Origin',(-155.,135.,109.));
#15592=CARTESIAN_POINT('',(-142.,148.,109.));
#15593=CARTESIAN_POINT('',(-142.,122.,109.));
#15594=CARTESIAN_POINT('',(-142.,135.,109.));
#15595=CARTESIAN_POINT('',(-168.,122.,109.));
#15596=CARTESIAN_POINT('',(-155.,122.,109.));
#15597=CARTESIAN_POINT('',(-168.,148.,109.));
#15598=CARTESIAN_POINT('',(-168.,135.,109.));
#15599=CARTESIAN_POINT('',(-155.,148.,109.));
#15600=CARTESIAN_POINT('Origin',(-155.,122.,111.));
#15601=CARTESIAN_POINT('',(-168.,122.,111.));
#15602=CARTESIAN_POINT('',(-142.,122.,111.));
#15603=CARTESIAN_POINT('Origin',(-168.,135.,111.));
#15604=CARTESIAN_POINT('',(-168.,148.,111.));
#15605=CARTESIAN_POINT('Origin',(-155.,148.,111.));
#15606=CARTESIAN_POINT('',(-142.,148.,111.));
#15607=CARTESIAN_POINT('Origin',(-142.,135.,111.));
#15608=CARTESIAN_POINT('Origin',(-155.,135.,151.5));
#15609=CARTESIAN_POINT('',(-156.7,135.,113.));
#15610=CARTESIAN_POINT('Origin',(-155.,135.,113.));
#15611=CARTESIAN_POINT('',(-156.7,135.,190.));
#15612=CARTESIAN_POINT('',(-156.7,135.,151.5));
#15613=CARTESIAN_POINT('Origin',(-155.,135.,190.));
#15614=CARTESIAN_POINT('Origin',(-155.,135.,151.5));
#15615=CARTESIAN_POINT('',(-162.,135.,190.));
#15616=CARTESIAN_POINT('Origin',(-155.,135.,190.));
#15617=CARTESIAN_POINT('',(-162.,135.,113.));
#15618=CARTESIAN_POINT('',(-162.,135.,151.5));
#15619=CARTESIAN_POINT('Origin',(-155.,135.,113.));
#15620=CARTESIAN_POINT('Origin',(-155.,135.,113.));
#15621=CARTESIAN_POINT('Origin',(-155.,135.,190.));
#15622=CARTESIAN_POINT('Origin',(-155.,135.,187.));
#15623=CARTESIAN_POINT('',(-156.7,135.,184.));
#15624=CARTESIAN_POINT('Origin',(-155.,135.,184.));
#15625=CARTESIAN_POINT('',(-156.7,135.,190.));
#15626=CARTESIAN_POINT('',(-156.7,135.,187.));
#15627=CARTESIAN_POINT('Origin',(-155.,135.,190.));
#15628=CARTESIAN_POINT('Origin',(-155.,135.,187.));
#15629=CARTESIAN_POINT('',(-165.,135.,190.));
#15630=CARTESIAN_POINT('Origin',(-155.,135.,190.));
#15631=CARTESIAN_POINT('',(-165.,135.,184.));
#15632=CARTESIAN_POINT('',(-165.,135.,187.));
#15633=CARTESIAN_POINT('Origin',(-155.,135.,184.));
#15634=CARTESIAN_POINT('Origin',(-155.,135.,184.));
#15635=CARTESIAN_POINT('Origin',(-155.,135.,190.));
#15636=CARTESIAN_POINT('Origin',(115.,-135.,111.));
#15637=CARTESIAN_POINT('',(113.3,-135.,109.));
#15638=CARTESIAN_POINT('Origin',(115.,-135.,109.));
#15639=CARTESIAN_POINT('',(113.3,-135.,113.));
#15640=CARTESIAN_POINT('',(113.3,-135.,111.));
#15641=CARTESIAN_POINT('Origin',(115.,-135.,113.));
#15642=CARTESIAN_POINT('Origin',(115.,-135.,113.));
#15643=CARTESIAN_POINT('',(128.,-148.,113.));
#15644=CARTESIAN_POINT('',(128.,-122.,113.));
#15645=CARTESIAN_POINT('',(128.,-135.,113.));
#15646=CARTESIAN_POINT('',(102.,-122.,113.));
#15647=CARTESIAN_POINT('',(115.,-122.,113.));
#15648=CARTESIAN_POINT('',(102.,-148.,113.));
#15649=CARTESIAN_POINT('',(102.,-135.,113.));
#15650=CARTESIAN_POINT('',(115.,-148.,113.));
#15651=CARTESIAN_POINT('Origin',(115.,-135.,109.));
#15652=CARTESIAN_POINT('',(128.,-122.,109.));
#15653=CARTESIAN_POINT('',(128.,-148.,109.));
#15654=CARTESIAN_POINT('',(128.,-135.,109.));
#15655=CARTESIAN_POINT('',(102.,-148.,109.));
#15656=CARTESIAN_POINT('',(115.,-148.,109.));
#15657=CARTESIAN_POINT('',(102.,-122.,109.));
#15658=CARTESIAN_POINT('',(102.,-135.,109.));
#15659=CARTESIAN_POINT('',(115.,-122.,109.));
#15660=CARTESIAN_POINT('Origin',(115.,-148.,111.));
#15661=CARTESIAN_POINT('',(102.,-148.,111.));
#15662=CARTESIAN_POINT('',(128.,-148.,111.));
#15663=CARTESIAN_POINT('Origin',(102.,-135.,111.));
#15664=CARTESIAN_POINT('',(102.,-122.,111.));
#15665=CARTESIAN_POINT('Origin',(115.,-122.,111.));
#15666=CARTESIAN_POINT('',(128.,-122.,111.));
#15667=CARTESIAN_POINT('Origin',(128.,-135.,111.));
#15668=CARTESIAN_POINT('Origin',(115.,-135.,151.5));
#15669=CARTESIAN_POINT('',(113.3,-135.,113.));
#15670=CARTESIAN_POINT('Origin',(115.,-135.,113.));
#15671=CARTESIAN_POINT('',(113.3,-135.,190.));
#15672=CARTESIAN_POINT('',(113.3,-135.,151.5));
#15673=CARTESIAN_POINT('Origin',(115.,-135.,190.));
#15674=CARTESIAN_POINT('Origin',(115.,-135.,151.5));
#15675=CARTESIAN_POINT('',(108.,-135.,190.));
#15676=CARTESIAN_POINT('Origin',(115.,-135.,190.));
#15677=CARTESIAN_POINT('',(108.,-135.,113.));
#15678=CARTESIAN_POINT('',(108.,-135.,151.5));
#15679=CARTESIAN_POINT('Origin',(115.,-135.,113.));
#15680=CARTESIAN_POINT('Origin',(115.,-135.,113.));
#15681=CARTESIAN_POINT('Origin',(115.,-135.,190.));
#15682=CARTESIAN_POINT('Origin',(115.,-135.,187.));
#15683=CARTESIAN_POINT('',(113.3,-135.,184.));
#15684=CARTESIAN_POINT('Origin',(115.,-135.,184.));
#15685=CARTESIAN_POINT('',(113.3,-135.,190.));
#15686=CARTESIAN_POINT('',(113.3,-135.,187.));
#15687=CARTESIAN_POINT('Origin',(115.,-135.,190.));
#15688=CARTESIAN_POINT('Origin',(115.,-135.,187.));
#15689=CARTESIAN_POINT('',(105.,-135.,190.));
#15690=CARTESIAN_POINT('Origin',(115.,-135.,190.));
#15691=CARTESIAN_POINT('',(105.,-135.,184.));
#15692=CARTESIAN_POINT('',(105.,-135.,187.));
#15693=CARTESIAN_POINT('Origin',(115.,-135.,184.));
#15694=CARTESIAN_POINT('Origin',(115.,-135.,184.));
#15695=CARTESIAN_POINT('Origin',(115.,-135.,190.));
#15696=CARTESIAN_POINT('Origin',(115.,135.,111.));
#15697=CARTESIAN_POINT('',(113.3,135.,109.));
#15698=CARTESIAN_POINT('Origin',(115.,135.,109.));
#15699=CARTESIAN_POINT('',(113.3,135.,113.));
#15700=CARTESIAN_POINT('',(113.3,135.,111.));
#15701=CARTESIAN_POINT('Origin',(115.,135.,113.));
#15702=CARTESIAN_POINT('Origin',(115.,135.,113.));
#15703=CARTESIAN_POINT('',(128.,122.,113.));
#15704=CARTESIAN_POINT('',(128.,148.,113.));
#15705=CARTESIAN_POINT('',(128.,135.,113.));
#15706=CARTESIAN_POINT('',(102.,148.,113.));
#15707=CARTESIAN_POINT('',(115.,148.,113.));
#15708=CARTESIAN_POINT('',(102.,122.,113.));
#15709=CARTESIAN_POINT('',(102.,135.,113.));
#15710=CARTESIAN_POINT('',(115.,122.,113.));
#15711=CARTESIAN_POINT('Origin',(115.,135.,109.));
#15712=CARTESIAN_POINT('',(128.,148.,109.));
#15713=CARTESIAN_POINT('',(128.,122.,109.));
#15714=CARTESIAN_POINT('',(128.,135.,109.));
#15715=CARTESIAN_POINT('',(102.,122.,109.));
#15716=CARTESIAN_POINT('',(115.,122.,109.));
#15717=CARTESIAN_POINT('',(102.,148.,109.));
#15718=CARTESIAN_POINT('',(102.,135.,109.));
#15719=CARTESIAN_POINT('',(115.,148.,109.));
#15720=CARTESIAN_POINT('Origin',(115.,122.,111.));
#15721=CARTESIAN_POINT('',(102.,122.,111.));
#15722=CARTESIAN_POINT('',(128.,122.,111.));
#15723=CARTESIAN_POINT('Origin',(102.,135.,111.));
#15724=CARTESIAN_POINT('',(102.,148.,111.));
#15725=CARTESIAN_POINT('Origin',(115.,148.,111.));
#15726=CARTESIAN_POINT('',(128.,148.,111.));
#15727=CARTESIAN_POINT('Origin',(128.,135.,111.));
#15728=CARTESIAN_POINT('Origin',(115.,135.,151.5));
#15729=CARTESIAN_POINT('',(113.3,135.,113.));
#15730=CARTESIAN_POINT('Origin',(115.,135.,113.));
#15731=CARTESIAN_POINT('',(113.3,135.,190.));
#15732=CARTESIAN_POINT('',(113.3,135.,151.5));
#15733=CARTESIAN_POINT('Origin',(115.,135.,190.));
#15734=CARTESIAN_POINT('Origin',(115.,135.,151.5));
#15735=CARTESIAN_POINT('',(108.,135.,190.));
#15736=CARTESIAN_POINT('Origin',(115.,135.,190.));
#15737=CARTESIAN_POINT('',(108.,135.,113.));
#15738=CARTESIAN_POINT('',(108.,135.,151.5));
#15739=CARTESIAN_POINT('Origin',(115.,135.,113.));
#15740=CARTESIAN_POINT('Origin',(115.,135.,113.));
#15741=CARTESIAN_POINT('Origin',(115.,135.,190.));
#15742=CARTESIAN_POINT('Origin',(115.,135.,187.));
#15743=CARTESIAN_POINT('',(113.3,135.,184.));
#15744=CARTESIAN_POINT('Origin',(115.,135.,184.));
#15745=CARTESIAN_POINT('',(113.3,135.,190.));
#15746=CARTESIAN_POINT('',(113.3,135.,187.));
#15747=CARTESIAN_POINT('Origin',(115.,135.,190.));
#15748=CARTESIAN_POINT('Origin',(115.,135.,187.));
#15749=CARTESIAN_POINT('',(105.,135.,190.));
#15750=CARTESIAN_POINT('Origin',(115.,135.,190.));
#15751=CARTESIAN_POINT('',(105.,135.,184.));
#15752=CARTESIAN_POINT('',(105.,135.,187.));
#15753=CARTESIAN_POINT('Origin',(115.,135.,184.));
#15754=CARTESIAN_POINT('Origin',(115.,135.,184.));
#15755=CARTESIAN_POINT('Origin',(115.,135.,190.));
#15756=CARTESIAN_POINT('',(0.,0.,0.));
#15757=CARTESIAN_POINT('',(0.,0.,0.));
#15758=CARTESIAN_POINT('',(0.,0.,0.));
#15759=CARTESIAN_POINT('',(0.,0.,0.));
#15760=CARTESIAN_POINT('',(0.,0.,0.));
#15761=CARTESIAN_POINT('',(0.,0.,0.));
#15762=CARTESIAN_POINT('',(0.,0.,0.));
#15763=CARTESIAN_POINT('',(0.,0.,0.));
#15764=CARTESIAN_POINT('',(0.,0.,0.));
#15765=CARTESIAN_POINT('',(0.,0.,0.));
#15766=CARTESIAN_POINT('',(0.,0.,0.));
#15767=UNCERTAINTY_MEASURE_WITH_UNIT(LENGTH_MEASURE(0.01),#15793,
'DISTANCE_ACCURACY_VALUE',
'Maximum model space distance between geometric entities at asserted c
onnectivities');
#15768=UNCERTAINTY_MEASURE_WITH_UNIT(LENGTH_MEASURE(0.01),#15793,
'DISTANCE_ACCURACY_VALUE',
'Maximum model space distance between geometric entities at asserted c
onnectivities');
#15769=UNCERTAINTY_MEASURE_WITH_UNIT(LENGTH_MEASURE(0.01),#15793,
'DISTANCE_ACCURACY_VALUE',
'Maximum model space distance between geometric entities at asserted c
onnectivities');
#15770=UNCERTAINTY_MEASURE_WITH_UNIT(LENGTH_MEASURE(0.01),#15793,
'DISTANCE_ACCURACY_VALUE',
'Maximum model space distance between geometric entities at asserted c
onnectivities');
#15771=UNCERTAINTY_MEASURE_WITH_UNIT(LENGTH_MEASURE(0.01),#15793,
'DISTANCE_ACCURACY_VALUE',
'Maximum model space distance between geometric entities at asserted c
onnectivities');
#15772=UNCERTAINTY_MEASURE_WITH_UNIT(LENGTH_MEASURE(0.01),#15793,
'DISTANCE_ACCURACY_VALUE',
'Maximum model space distance between geometric entities at asserted c
onnectivities');
#15773=UNCERTAINTY_MEASURE_WITH_UNIT(LENGTH_MEASURE(0.01),#15793,
'DISTANCE_ACCURACY_VALUE',
'Maximum model space distance between geometric entities at asserted c
onnectivities');
#15774=UNCERTAINTY_MEASURE_WITH_UNIT(LENGTH_MEASURE(0.01),#15793,
'DISTANCE_ACCURACY_VALUE',
'Maximum model space distance between geometric entities at asserted c
onnectivities');
#15775=UNCERTAINTY_MEASURE_WITH_UNIT(LENGTH_MEASURE(0.01),#15793,
'DISTANCE_ACCURACY_VALUE',
'Maximum model space distance between geometric entities at asserted c
onnectivities');
#15776=UNCERTAINTY_MEASURE_WITH_UNIT(LENGTH_MEASURE(0.01),#15793,
'DISTANCE_ACCURACY_VALUE',
'Maximum model space distance between geometric entities at asserted c
onnectivities');
#15777=UNCERTAINTY_MEASURE_WITH_UNIT(LENGTH_MEASURE(0.01),#15793,
'DISTANCE_ACCURACY_VALUE',
'Maximum model space distance between geometric entities at asserted c
onnectivities');
#15778=UNCERTAINTY_MEASURE_WITH_UNIT(LENGTH_MEASURE(0.01),#15793,
'DISTANCE_ACCURACY_VALUE',
'Maximum model space distance between geometric entities at asserted c
onnectivities');
#15779=UNCERTAINTY_MEASURE_WITH_UNIT(LENGTH_MEASURE(0.01),#15793,
'DISTANCE_ACCURACY_VALUE',
'Maximum model space distance between geometric entities at asserted c
onnectivities');
#15780=(
GEOMETRIC_REPRESENTATION_CONTEXT(3)
GLOBAL_UNCERTAINTY_ASSIGNED_CONTEXT((#15767))
GLOBAL_UNIT_ASSIGNED_CONTEXT((#15793,#15795,#15796))
REPRESENTATION_CONTEXT('','3D')
);
#15781=(
GEOMETRIC_REPRESENTATION_CONTEXT(3)
GLOBAL_UNCERTAINTY_ASSIGNED_CONTEXT((#15768))
GLOBAL_UNIT_ASSIGNED_CONTEXT((#15793,#15795,#15796))
REPRESENTATION_CONTEXT('','3D')
);
#15782=(
GEOMETRIC_REPRESENTATION_CONTEXT(3)
GLOBAL_UNCERTAINTY_ASSIGNED_CONTEXT((#15769))
GLOBAL_UNIT_ASSIGNED_CONTEXT((#15793,#15795,#15796))
REPRESENTATION_CONTEXT('','3D')
);
#15783=(
GEOMETRIC_REPRESENTATION_CONTEXT(3)
GLOBAL_UNCERTAINTY_ASSIGNED_CONTEXT((#15770))
GLOBAL_UNIT_ASSIGNED_CONTEXT((#15793,#15795,#15796))
REPRESENTATION_CONTEXT('','3D')
);
#15784=(
GEOMETRIC_REPRESENTATION_CONTEXT(3)
GLOBAL_UNCERTAINTY_ASSIGNED_CONTEXT((#15771))
GLOBAL_UNIT_ASSIGNED_CONTEXT((#15793,#15795,#15796))
REPRESENTATION_CONTEXT('','3D')
);
#15785=(
GEOMETRIC_REPRESENTATION_CONTEXT(3)
GLOBAL_UNCERTAINTY_ASSIGNED_CONTEXT((#15772))
GLOBAL_UNIT_ASSIGNED_CONTEXT((#15793,#15795,#15796))
REPRESENTATION_CONTEXT('','3D')
);
#15786=(
GEOMETRIC_REPRESENTATION_CONTEXT(3)
GLOBAL_UNCERTAINTY_ASSIGNED_CONTEXT((#15773))
GLOBAL_UNIT_ASSIGNED_CONTEXT((#15793,#15795,#15796))
REPRESENTATION_CONTEXT('','3D')
);
#15787=(
GEOMETRIC_REPRESENTATION_CONTEXT(3)
GLOBAL_UNCERTAINTY_ASSIGNED_CONTEXT((#15774))
GLOBAL_UNIT_ASSIGNED_CONTEXT((#15793,#15795,#15796))
REPRESENTATION_CONTEXT('','3D')
);
#15788=(
GEOMETRIC_REPRESENTATION_CONTEXT(3)
GLOBAL_UNCERTAINTY_ASSIGNED_CONTEXT((#15775))
GLOBAL_UNIT_ASSIGNED_CONTEXT((#15793,#15795,#15796))
REPRESENTATION_CONTEXT('','3D')
);
#15789=(
GEOMETRIC_REPRESENTATION_CONTEXT(3)
GLOBAL_UNCERTAINTY_ASSIGNED_CONTEXT((#15776))
GLOBAL_UNIT_ASSIGNED_CONTEXT((#15793,#15795,#15796))
REPRESENTATION_CONTEXT('','3D')
);
#15790=(
GEOMETRIC_REPRESENTATION_CONTEXT(3)
GLOBAL_UNCERTAINTY_ASSIGNED_CONTEXT((#15777))
GLOBAL_UNIT_ASSIGNED_CONTEXT((#15793,#15795,#15796))
REPRESENTATION_CONTEXT('','3D')
);
#15791=(
GEOMETRIC_REPRESENTATION_CONTEXT(3)
GLOBAL_UNCERTAINTY_ASSIGNED_CONTEXT((#15778))
GLOBAL_UNIT_ASSIGNED_CONTEXT((#15793,#15795,#15796))
REPRESENTATION_CONTEXT('','3D')
);
#15792=(
GEOMETRIC_REPRESENTATION_CONTEXT(3)
GLOBAL_UNCERTAINTY_ASSIGNED_CONTEXT((#15779))
GLOBAL_UNIT_ASSIGNED_CONTEXT((#15793,#15795,#15796))
REPRESENTATION_CONTEXT('','3D')
);
#15793=(
LENGTH_UNIT()
NAMED_UNIT(*)
SI_UNIT(.MILLI.,.METRE.)
);
#15794=(
LENGTH_UNIT()
NAMED_UNIT(*)
SI_UNIT($,.METRE.)
);
#15795=(
NAMED_UNIT(*)
PLANE_ANGLE_UNIT()
SI_UNIT($,.RADIAN.)
);
#15796=(
NAMED_UNIT(*)
SI_UNIT($,.STERADIAN.)
SOLID_ANGLE_UNIT()
);
#15797=SHAPE_DEFINITION_REPRESENTATION(#15809,#15832);
#15798=SHAPE_DEFINITION_REPRESENTATION(#15810,#15833);
#15799=SHAPE_DEFINITION_REPRESENTATION(#15811,#15834);
#15800=SHAPE_DEFINITION_REPRESENTATION(#15812,#15835);
#15801=SHAPE_DEFINITION_REPRESENTATION(#15813,#15836);
#15802=SHAPE_DEFINITION_REPRESENTATION(#15814,#15837);
#15803=SHAPE_DEFINITION_REPRESENTATION(#15815,#15838);
#15804=SHAPE_DEFINITION_REPRESENTATION(#15816,#15839);
#15805=SHAPE_DEFINITION_REPRESENTATION(#15817,#15840);
#15806=SHAPE_DEFINITION_REPRESENTATION(#15818,#15841);
#15807=SHAPE_DEFINITION_REPRESENTATION(#15819,#15842);
#15808=SHAPE_DEFINITION_REPRESENTATION(#15820,#15843);
#15809=PRODUCT_DEFINITION_SHAPE('',$,#15845);
#15810=PRODUCT_DEFINITION_SHAPE('',$,#15846);
#15811=PRODUCT_DEFINITION_SHAPE('',$,#15847);
#15812=PRODUCT_DEFINITION_SHAPE('',$,#15848);
#15813=PRODUCT_DEFINITION_SHAPE('',$,#15849);
#15814=PRODUCT_DEFINITION_SHAPE('',$,#15850);
#15815=PRODUCT_DEFINITION_SHAPE('',$,#15851);
#15816=PRODUCT_DEFINITION_SHAPE('',$,#15852);
#15817=PRODUCT_DEFINITION_SHAPE('',$,#15853);
#15818=PRODUCT_DEFINITION_SHAPE('',$,#15854);
#15819=PRODUCT_DEFINITION_SHAPE('',$,#15855);
#15820=PRODUCT_DEFINITION_SHAPE('',$,#15856);
#15821=PRODUCT_DEFINITION_SHAPE($,$,#44);
#15822=PRODUCT_DEFINITION_SHAPE($,$,#45);
#15823=PRODUCT_DEFINITION_SHAPE($,$,#46);
#15824=PRODUCT_DEFINITION_SHAPE($,$,#47);
#15825=PRODUCT_DEFINITION_SHAPE($,$,#48);
#15826=PRODUCT_DEFINITION_SHAPE($,$,#49);
#15827=PRODUCT_DEFINITION_SHAPE($,$,#50);
#15828=PRODUCT_DEFINITION_SHAPE($,$,#51);
#15829=PRODUCT_DEFINITION_SHAPE($,$,#52);
#15830=PRODUCT_DEFINITION_SHAPE($,$,#53);
#15831=PRODUCT_DEFINITION_SHAPE($,$,#54);
#15832=SHAPE_REPRESENTATION('',(#9683,#10508,#10509,#10510,#10511,#10512,
#10513,#10514,#10515,#10516,#10517,#10518),#15780);
#15833=SHAPE_REPRESENTATION('',(#9684),#15781);
#15834=SHAPE_REPRESENTATION('',(#9703),#15782);
#15835=SHAPE_REPRESENTATION('',(#9721),#15783);
#15836=SHAPE_REPRESENTATION('',(#9770),#15784);
#15837=SHAPE_REPRESENTATION('',(#9837),#15785);
#15838=SHAPE_REPRESENTATION('',(#9886),#15786);
#15839=SHAPE_REPRESENTATION('',(#9947),#15787);
#15840=SHAPE_REPRESENTATION('',(#10178),#15788);
#15841=SHAPE_REPRESENTATION('',(#10277),#15789);
#15842=SHAPE_REPRESENTATION('',(#10328),#15790);
#15843=SHAPE_REPRESENTATION('',(#10407),#15791);
#15844=PRODUCT_DEFINITION_CONTEXT('part definition',#15882,'design');
#15845=PRODUCT_DEFINITION('2026-09-02-16-41-33-568','Ship',#15857,#15844);
#15846=PRODUCT_DEFINITION('2026-09-02-16-44-57-643',
'02_\X\E7\X\94\X\B2\X\E6\X\9D\X\BF\X\E4\X\B8\X\8E\X\E6\X\A8\X\AA\X\E6\X\A2
\X\81',#15858,#15844);
#15847=PRODUCT_DEFINITION('2026-09-02-16-44-57-659',
'04_K230\X\E8\X\A7\X\86\X\E8\X\A7\X\89\X\E6\X\94\X\AF\X\E6\X\9E\X\B6',#15859,
#15844);
#15848=PRODUCT_DEFINITION('2026-09-02-16-44-57-666',
'05_\X\E4\X\B8\X\89\X\E4\X\B8\X\AA\X\E8\X\B6\X\85\X\E5\X\A3\X\B0\X\E6\X\B3
\X\A2\X\E9\X\81\X\BF\X\E9\X\9A\X\9C\X\E6\X\A8\X\A1\X\E5\X\9D\X\97',#15860,
#15844);
#15849=PRODUCT_DEFINITION('2026-09-02-16-44-57-694',
'07_\X\E5\X\8F\X\AF\X\E6\X\97\X\8B\X\E8\X\BD\X\AC\X\E6\X\94\X\B6\X\E9\X\9B
\X\86\X\E9\X\93\X\B2_\X\E5\X\8D\X\95\X\E7\X\94\X\B5\X\E6\X\9C\X\BA\X\E9
\X\80\X\9A\X\E8\X\BD\X\B4\X\E9\X\A9\X\B1\X\E5\X\8A\X\A8',#15861,#15844);
#15850=PRODUCT_DEFINITION('2026-09-02-16-44-57-710',
'08_\X\E5\X\8F\X\AF\X\E6\X\8B\X\86\X\E5\X\8D\X\B8\X\E5\X\9E\X\83\X\E5\X\9C
\X\BE\X\E6\X\94\X\B6\X\E9\X\9B\X\86\X\E7\X\AF\X\AE',#15862,#15844);
#15851=PRODUCT_DEFINITION('2026-09-02-16-56-27-554',
'01_\X\E7\X\AE\X\80\X\E5\X\8C\X\96\X\E5\X\8F\X\8C\X\E4\X\BD\X\93\X\E8\X\88
\X\B9\X\E4\X\BD\X\93_\X\E5\X\B8\X\A6\X\E6\X\8E\X\A8\X\E8\X\BF\X\9B\X\E5
\X\99\X\A8\X\E5\X\B0\X\BE\X\E9\X\83\X\A8\X\E5\X\BC\X\80\X\E5\X\8F\X\A3',
#15863,#15844);
#15852=PRODUCT_DEFINITION('2026-09-02-16-56-27-569',
'03_\X\E5\X\8D\X\8A\X\E5\X\BC\X\80\X\E6\X\94\X\BE\X\E5\X\BC\X\8F\X\E5\X\A4
\X\A7\X\E7\X\A9\X\BA\X\E9\X\97\X\B4\X\E8\X\B0\X\83\X\E8\X\AF\X\95\X\E8
\X\88\X\B1',#15864,#15844);
#15853=PRODUCT_DEFINITION('2026-09-02-17-05-06-851',
'06_\X\E5\X\8F\X\8C\X\E6\X\B0\X\B4\X\E4\X\B8\X\8B\X\E7\X\94\X\B5\X\E6\X\9C
\X\BA_D30_\X\E6\X\80\X\BB\X\E9\X\95\X\BF78_\X\E4\X\B8\X\89\X\E5\X\8F\X\B6
\X\E6\X\A1\X\A8',#15865,#15844);
#15854=PRODUCT_DEFINITION('2026-09-02-17-05-06-879',
'10_\X\E6\X\94\X\B6\X\E9\X\9B\X\86\X\E9\X\93\X\B2\X\E5\X\8D\X\95\X\E7\X\94
\X\B5\X\E6\X\9C\X\BA\X\E6\X\97\X\8B\X\E8\X\BD\X\AC\X\E6\X\9C\X\BA\X\E6
\X\9E\X\84',#15866,#15844);
#15855=PRODUCT_DEFINITION('2026-09-02-17-05-06-894',
'11_\X\E7\X\8B\X\AC\X\E7\X\AB\X\8B\X\E5\X\8F\X\AF\X\E6\X\8B\X\86\X\E7\X\94
\X\B5\X\E5\X\AD\X\90\X\E8\X\88\X\B1\X\E7\X\9B\X\96_\X\E7\X\88\X\86\X\E7
\X\82\X\B8\X\E4\X\BD\X\8D\X\E7\X\BD\X\AE',#15867,#15844);
#15856=PRODUCT_DEFINITION('2026-09-02-17-13-09-246',
'12_\X\E9\X\A1\X\B6\X\E7\X\9B\X\96\X\E5\X\9B\X\9B\X\E8\X\A7\X\92M3\X\E8
\X\9E\X\BA\X\E4\X\B8\X\9D\X\E6\X\9F\X\B1',#15868,#15844);
#15857=PRODUCT_DEFINITION_FORMATION('',$,#15884);
#15858=PRODUCT_DEFINITION_FORMATION('',$,#15885);
#15859=PRODUCT_DEFINITION_FORMATION('',$,#15886);
#15860=PRODUCT_DEFINITION_FORMATION('',$,#15887);
#15861=PRODUCT_DEFINITION_FORMATION('',$,#15888);
#15862=PRODUCT_DEFINITION_FORMATION('',$,#15889);
#15863=PRODUCT_DEFINITION_FORMATION('',$,#15890);
#15864=PRODUCT_DEFINITION_FORMATION('',$,#15891);
#15865=PRODUCT_DEFINITION_FORMATION('',$,#15892);
#15866=PRODUCT_DEFINITION_FORMATION('',$,#15893);
#15867=PRODUCT_DEFINITION_FORMATION('',$,#15894);
#15868=PRODUCT_DEFINITION_FORMATION('',$,#15895);
#15869=PRODUCT_RELATED_PRODUCT_CATEGORY('Ship','Ship',(#15884));
#15870=PRODUCT_RELATED_PRODUCT_CATEGORY(
'02_\X\E7\X\94\X\B2\X\E6\X\9D\X\BF\X\E4\X\B8\X\8E\X\E6\X\A8\X\AA\X\E6\X\A2
\X\81','02_\X\E7\X\94\X\B2\X\E6\X\9D\X\BF\X\E4\X\B8\X\8E\X\E6\X\A8\X\AA
\X\E6\X\A2\X\81',(#15885));
#15871=PRODUCT_RELATED_PRODUCT_CATEGORY(
'04_K230\X\E8\X\A7\X\86\X\E8\X\A7\X\89\X\E6\X\94\X\AF\X\E6\X\9E\X\B6',
'04_K230\X\E8\X\A7\X\86\X\E8\X\A7\X\89\X\E6\X\94\X\AF\X\E6\X\9E\X\B6',(#15886));
#15872=PRODUCT_RELATED_PRODUCT_CATEGORY(
'05_\X\E4\X\B8\X\89\X\E4\X\B8\X\AA\X\E8\X\B6\X\85\X\E5\X\A3\X\B0\X\E6\X\B3
\X\A2\X\E9\X\81\X\BF\X\E9\X\9A\X\9C\X\E6\X\A8\X\A1\X\E5\X\9D\X\97',
'05_\X\E4\X\B8\X\89\X\E4\X\B8\X\AA\X\E8\X\B6\X\85\X\E5\X\A3\X\B0\X\E6\X\B3
\X\A2\X\E9\X\81\X\BF\X\E9\X\9A\X\9C\X\E6\X\A8\X\A1\X\E5\X\9D\X\97',(#15887));
#15873=PRODUCT_RELATED_PRODUCT_CATEGORY(
'07_\X\E5\X\8F\X\AF\X\E6\X\97\X\8B\X\E8\X\BD\X\AC\X\E6\X\94\X\B6\X\E9\X\9B
\X\86\X\E9\X\93\X\B2_\X\E5\X\8D\X\95\X\E7\X\94\X\B5\X\E6\X\9C\X\BA\X\E9
\X\80\X\9A\X\E8\X\BD\X\B4\X\E9\X\A9\X\B1\X\E5\X\8A\X\A8',
'07_\X\E5\X\8F\X\AF\X\E6\X\97\X\8B\X\E8\X\BD\X\AC\X\E6\X\94\X\B6\X\E9\X\9B
\X\86\X\E9\X\93\X\B2_\X\E5\X\8D\X\95\X\E7\X\94\X\B5\X\E6\X\9C\X\BA\X\E9
\X\80\X\9A\X\E8\X\BD\X\B4\X\E9\X\A9\X\B1\X\E5\X\8A\X\A8',(#15888));
#15874=PRODUCT_RELATED_PRODUCT_CATEGORY(
'08_\X\E5\X\8F\X\AF\X\E6\X\8B\X\86\X\E5\X\8D\X\B8\X\E5\X\9E\X\83\X\E5\X\9C
\X\BE\X\E6\X\94\X\B6\X\E9\X\9B\X\86\X\E7\X\AF\X\AE',
'08_\X\E5\X\8F\X\AF\X\E6\X\8B\X\86\X\E5\X\8D\X\B8\X\E5\X\9E\X\83\X\E5\X\9C
\X\BE\X\E6\X\94\X\B6\X\E9\X\9B\X\86\X\E7\X\AF\X\AE',(#15889));
#15875=PRODUCT_RELATED_PRODUCT_CATEGORY(
'01_\X\E7\X\AE\X\80\X\E5\X\8C\X\96\X\E5\X\8F\X\8C\X\E4\X\BD\X\93\X\E8\X\88
\X\B9\X\E4\X\BD\X\93_\X\E5\X\B8\X\A6\X\E6\X\8E\X\A8\X\E8\X\BF\X\9B\X\E5
\X\99\X\A8\X\E5\X\B0\X\BE\X\E9\X\83\X\A8\X\E5\X\BC\X\80\X\E5\X\8F\X\A3',

'01_\X\E7\X\AE\X\80\X\E5\X\8C\X\96\X\E5\X\8F\X\8C\X\E4\X\BD\X\93\X\E8\X\88
\X\B9\X\E4\X\BD\X\93_\X\E5\X\B8\X\A6\X\E6\X\8E\X\A8\X\E8\X\BF\X\9B\X\E5
\X\99\X\A8\X\E5\X\B0\X\BE\X\E9\X\83\X\A8\X\E5\X\BC\X\80\X\E5\X\8F\X\A3',
(#15890));
#15876=PRODUCT_RELATED_PRODUCT_CATEGORY(
'03_\X\E5\X\8D\X\8A\X\E5\X\BC\X\80\X\E6\X\94\X\BE\X\E5\X\BC\X\8F\X\E5\X\A4
\X\A7\X\E7\X\A9\X\BA\X\E9\X\97\X\B4\X\E8\X\B0\X\83\X\E8\X\AF\X\95\X\E8
\X\88\X\B1',
'03_\X\E5\X\8D\X\8A\X\E5\X\BC\X\80\X\E6\X\94\X\BE\X\E5\X\BC\X\8F\X\E5\X\A4
\X\A7\X\E7\X\A9\X\BA\X\E9\X\97\X\B4\X\E8\X\B0\X\83\X\E8\X\AF\X\95\X\E8
\X\88\X\B1',(#15891));
#15877=PRODUCT_RELATED_PRODUCT_CATEGORY(
'06_\X\E5\X\8F\X\8C\X\E6\X\B0\X\B4\X\E4\X\B8\X\8B\X\E7\X\94\X\B5\X\E6\X\9C
\X\BA_D30_\X\E6\X\80\X\BB\X\E9\X\95\X\BF78_\X\E4\X\B8\X\89\X\E5\X\8F\X\B6
\X\E6\X\A1\X\A8',
'06_\X\E5\X\8F\X\8C\X\E6\X\B0\X\B4\X\E4\X\B8\X\8B\X\E7\X\94\X\B5\X\E6\X\9C
\X\BA_D30_\X\E6\X\80\X\BB\X\E9\X\95\X\BF78_\X\E4\X\B8\X\89\X\E5\X\8F\X\B6
\X\E6\X\A1\X\A8',(#15892));
#15878=PRODUCT_RELATED_PRODUCT_CATEGORY(
'10_\X\E6\X\94\X\B6\X\E9\X\9B\X\86\X\E9\X\93\X\B2\X\E5\X\8D\X\95\X\E7\X\94
\X\B5\X\E6\X\9C\X\BA\X\E6\X\97\X\8B\X\E8\X\BD\X\AC\X\E6\X\9C\X\BA\X\E6
\X\9E\X\84',
'10_\X\E6\X\94\X\B6\X\E9\X\9B\X\86\X\E9\X\93\X\B2\X\E5\X\8D\X\95\X\E7\X\94
\X\B5\X\E6\X\9C\X\BA\X\E6\X\97\X\8B\X\E8\X\BD\X\AC\X\E6\X\9C\X\BA\X\E6
\X\9E\X\84',(#15893));
#15879=PRODUCT_RELATED_PRODUCT_CATEGORY(
'11_\X\E7\X\8B\X\AC\X\E7\X\AB\X\8B\X\E5\X\8F\X\AF\X\E6\X\8B\X\86\X\E7\X\94
\X\B5\X\E5\X\AD\X\90\X\E8\X\88\X\B1\X\E7\X\9B\X\96_\X\E7\X\88\X\86\X\E7
\X\82\X\B8\X\E4\X\BD\X\8D\X\E7\X\BD\X\AE',
'11_\X\E7\X\8B\X\AC\X\E7\X\AB\X\8B\X\E5\X\8F\X\AF\X\E6\X\8B\X\86\X\E7\X\94
\X\B5\X\E5\X\AD\X\90\X\E8\X\88\X\B1\X\E7\X\9B\X\96_\X\E7\X\88\X\86\X\E7
\X\82\X\B8\X\E4\X\BD\X\8D\X\E7\X\BD\X\AE',(#15894));
#15880=PRODUCT_RELATED_PRODUCT_CATEGORY(
'12_\X\E9\X\A1\X\B6\X\E7\X\9B\X\96\X\E5\X\9B\X\9B\X\E8\X\A7\X\92M3\X\E8
\X\9E\X\BA\X\E4\X\B8\X\9D\X\E6\X\9F\X\B1',
'12_\X\E9\X\A1\X\B6\X\E7\X\9B\X\96\X\E5\X\9B\X\9B\X\E8\X\A7\X\92M3\X\E8
\X\9E\X\BA\X\E4\X\B8\X\9D\X\E6\X\9F\X\B1',(#15895));
#15881=APPLICATION_PROTOCOL_DEFINITION('international standard',
'automotive_design',2009,#15882);
#15882=APPLICATION_CONTEXT(
'Core Data for Automotive Mechanical Design Process');
#15883=PRODUCT_CONTEXT('part definition',#15882,'mechanical');
#15884=PRODUCT('2026-09-02-16-41-33-568','Ship',$,(#15883));
#15885=PRODUCT('2026-09-02-16-44-57-643',
'02_\X\E7\X\94\X\B2\X\E6\X\9D\X\BF\X\E4\X\B8\X\8E\X\E6\X\A8\X\AA\X\E6\X\A2
\X\81',$,(#15883));
#15886=PRODUCT('2026-09-02-16-44-57-659',
'04_K230\X\E8\X\A7\X\86\X\E8\X\A7\X\89\X\E6\X\94\X\AF\X\E6\X\9E\X\B6',$,
(#15883));
#15887=PRODUCT('2026-09-02-16-44-57-666',
'05_\X\E4\X\B8\X\89\X\E4\X\B8\X\AA\X\E8\X\B6\X\85\X\E5\X\A3\X\B0\X\E6\X\B3
\X\A2\X\E9\X\81\X\BF\X\E9\X\9A\X\9C\X\E6\X\A8\X\A1\X\E5\X\9D\X\97',$,(#15883));
#15888=PRODUCT('2026-09-02-16-44-57-694',
'07_\X\E5\X\8F\X\AF\X\E6\X\97\X\8B\X\E8\X\BD\X\AC\X\E6\X\94\X\B6\X\E9\X\9B
\X\86\X\E9\X\93\X\B2_\X\E5\X\8D\X\95\X\E7\X\94\X\B5\X\E6\X\9C\X\BA\X\E9
\X\80\X\9A\X\E8\X\BD\X\B4\X\E9\X\A9\X\B1\X\E5\X\8A\X\A8',$,(#15883));
#15889=PRODUCT('2026-09-02-16-44-57-710',
'08_\X\E5\X\8F\X\AF\X\E6\X\8B\X\86\X\E5\X\8D\X\B8\X\E5\X\9E\X\83\X\E5\X\9C
\X\BE\X\E6\X\94\X\B6\X\E9\X\9B\X\86\X\E7\X\AF\X\AE',$,(#15883));
#15890=PRODUCT('2026-09-02-16-56-27-554',
'01_\X\E7\X\AE\X\80\X\E5\X\8C\X\96\X\E5\X\8F\X\8C\X\E4\X\BD\X\93\X\E8\X\88
\X\B9\X\E4\X\BD\X\93_\X\E5\X\B8\X\A6\X\E6\X\8E\X\A8\X\E8\X\BF\X\9B\X\E5
\X\99\X\A8\X\E5\X\B0\X\BE\X\E9\X\83\X\A8\X\E5\X\BC\X\80\X\E5\X\8F\X\A3',
$,(#15883));
#15891=PRODUCT('2026-09-02-16-56-27-569',
'03_\X\E5\X\8D\X\8A\X\E5\X\BC\X\80\X\E6\X\94\X\BE\X\E5\X\BC\X\8F\X\E5\X\A4
\X\A7\X\E7\X\A9\X\BA\X\E9\X\97\X\B4\X\E8\X\B0\X\83\X\E8\X\AF\X\95\X\E8
\X\88\X\B1',$,(#15883));
#15892=PRODUCT('2026-09-02-17-05-06-851',
'06_\X\E5\X\8F\X\8C\X\E6\X\B0\X\B4\X\E4\X\B8\X\8B\X\E7\X\94\X\B5\X\E6\X\9C
\X\BA_D30_\X\E6\X\80\X\BB\X\E9\X\95\X\BF78_\X\E4\X\B8\X\89\X\E5\X\8F\X\B6
\X\E6\X\A1\X\A8',$,(#15883));
#15893=PRODUCT('2026-09-02-17-05-06-879',
'10_\X\E6\X\94\X\B6\X\E9\X\9B\X\86\X\E9\X\93\X\B2\X\E5\X\8D\X\95\X\E7\X\94
\X\B5\X\E6\X\9C\X\BA\X\E6\X\97\X\8B\X\E8\X\BD\X\AC\X\E6\X\9C\X\BA\X\E6
\X\9E\X\84',$,(#15883));
#15894=PRODUCT('2026-09-02-17-05-06-894',
'11_\X\E7\X\8B\X\AC\X\E7\X\AB\X\8B\X\E5\X\8F\X\AF\X\E6\X\8B\X\86\X\E7\X\94
\X\B5\X\E5\X\AD\X\90\X\E8\X\88\X\B1\X\E7\X\9B\X\96_\X\E7\X\88\X\86\X\E7
\X\82\X\B8\X\E4\X\BD\X\8D\X\E7\X\BD\X\AE',$,(#15883));
#15895=PRODUCT('2026-09-02-17-13-09-246',
'12_\X\E9\X\A1\X\B6\X\E7\X\9B\X\96\X\E5\X\9B\X\9B\X\E8\X\A7\X\92M3\X\E8
\X\9E\X\BA\X\E4\X\B8\X\9D\X\E6\X\9F\X\B1',$,(#15883));
#15896=PRESENTATION_STYLE_ASSIGNMENT((#15897));
#15897=SURFACE_STYLE_USAGE(.BOTH.,#15898);
#15898=SURFACE_SIDE_STYLE('',(#15899));
#15899=SURFACE_STYLE_FILL_AREA(#15900);
#15900=FILL_AREA_STYLE('\X2\94A2\X0\ - \X2\7F0E5149\X0\',(#15901));
#15901=FILL_AREA_STYLE_COLOUR('\X2\94A2\X0\ - \X2\7F0E5149\X0\',#15902);
#15902=COLOUR_RGB('\X2\94A2\X0\ - \X2\7F0E5149\X0\',0.627450980392157,0.627450980392157,
0.627450980392157);
ENDSEC;
END-ISO-10303-21;
